<modification>
    <id>Best-Byte FlatForum Links</id>
      <version>1.0</version>
		   <vqmver>2.1.4</vqmver>
       <author>www.best-byte.com</author>		

<file name="admin/language/*/common/header.php">
    <operation>
			<search position="after"><![CDATA[$_['text_information'] ]]></search>
			<add><![CDATA[
      $_['text_forum']                 = 'Forum';
   ]]></add>
	</operation>
</file>	

<file name="admin/controller/common/header.php">
    <operation>
			<search position="after"><![CDATA[$this->data['text_information'] = $this->language->get('text_information');]]></search>
			<add><![CDATA[
      $this->data['text_forum'] = $this->language->get('text_forum');
   ]]></add>
	</operation>
    <operation>
			<search position="after"><![CDATA[$this->data['information'] = $this->url->link('catalog/information', 'token=' . $this->session->data['token'], 'SSL');]]></search>
			<add><![CDATA[
      $this->data['forum'] = $this->url->link('catalog/forum', 'token=' . $this->session->data['token'], 'SSL');
   ]]></add>
	</operation>	
</file>	

<file name="admin/view/template/common/header.tpl">
    <operation>
			<search position="after"><![CDATA[<li><a href="<?php echo $information; ?>"><?php echo $text_information; ?></a></li>]]></search>
			<add><![CDATA[
      <li><a href="<?php echo $forum; ?>"><?php echo $text_forum; ?></a></li>
   ]]></add>
	</operation>
</file>	

<file name="catalog/language/*/common/footer.php">
    <operation>
			<search position="before"><![CDATA[$_['text_contact'] ]]></search>
			<add><![CDATA[
      $_['text_forum'] = 'Forum';
   ]]></add>
	</operation>
</file>	

<file name="catalog/controller/common/footer.php">
    <operation>
			<search position="before"><![CDATA[$this->data['text_contact'] = $this->language->get('text_contact');]]></search>
			<add><![CDATA[
      $this->data['text_forum'] = $this->language->get('text_forum');
   ]]></add>
	</operation>
    <operation>
			<search position="before"><![CDATA[$this->data['contact'] = $this->url->link('information/contact');]]></search>
			<add><![CDATA[
      $this->data['forum'] = $this->url->link('information/forum', '', 'SSL');
   ]]></add>
	</operation>	
</file>	

<file name="catalog/view/theme/*/template/common/footer.tpl">
    <operation>
			<search position="before"><![CDATA[<li><a href="<?php echo $contact; ?>"><?php echo $text_contact; ?></a></li>]]></search>
			<add><![CDATA[
      <li><a href="<?php echo $forum; ?>"><?php echo $text_forum; ?></a></li>
   ]]></add>
	</operation>
</file>			

</modification>