-- phpMyAdmin SQL Dump
-- version 3.4.10.1deb1
-- http://www.phpmyadmin.net
--
-- Хост: localhost
-- Время создания: Апр 17 2014 г., 23:52
-- Версия сервера: 5.5.35
-- Версия PHP: 5.3.10-1ubuntu3.11

SET SQL_MODE="NO_AUTO_VALUE_ON_ZERO";
SET time_zone = "+00:00";


/*!40101 SET @OLD_CHARACTER_SET_CLIENT=@@CHARACTER_SET_CLIENT */;
/*!40101 SET @OLD_CHARACTER_SET_RESULTS=@@CHARACTER_SET_RESULTS */;
/*!40101 SET @OLD_COLLATION_CONNECTION=@@COLLATION_CONNECTION */;
/*!40101 SET NAMES utf8 */;

--
-- База данных: `u2166667_rob`
--

-- --------------------------------------------------------

--
-- Структура таблицы `address`
--

CREATE TABLE IF NOT EXISTS `address` (
  `address_id` int(11) NOT NULL AUTO_INCREMENT,
  `customer_id` int(11) NOT NULL,
  `firstname` varchar(32) NOT NULL DEFAULT '',
  `lastname` varchar(32) NOT NULL DEFAULT '',
  `company` varchar(32) NOT NULL,
  `company_id` varchar(32) NOT NULL,
  `tax_id` varchar(32) NOT NULL,
  `address_1` varchar(128) NOT NULL,
  `address_2` varchar(128) NOT NULL,
  `city` varchar(128) NOT NULL,
  `postcode` varchar(10) NOT NULL,
  `country_id` int(11) NOT NULL DEFAULT '0',
  `zone_id` int(11) NOT NULL DEFAULT '0',
  PRIMARY KEY (`address_id`),
  KEY `customer_id` (`customer_id`)
) ENGINE=MyISAM  DEFAULT CHARSET=utf8 AUTO_INCREMENT=36 ;

--
-- Дамп данных таблицы `address`
--

INSERT INTO `address` (`address_id`, `customer_id`, `firstname`, `lastname`, `company`, `company_id`, `tax_id`, `address_1`, `address_2`, `city`, `postcode`, `country_id`, `zone_id`) VALUES
(1, 1, 'Денис', 'Катаев', '', '', '', '  Москва', '', '   Москва', '   ', 176, 2761),
(2, 2, 'Денис', 'Катаев', '', '', 'kataeff@yandex.ru', '   dsfsdf', '', '   dsfsdf', '   ', 176, 2761),
(3, 3, 'ser', 'ser', '', '', '', '   saratov', '', '   sdsdsd', '   ', 176, 2761),
(4, 4, 'Андрей', 'Духовный', '', '', '', 'Петра Романова 2', '', '   Москва', '', 176, 2761),
(5, 5, 'Пупкин', 'Пупкин', '', '', '', '   fgfgfdg', '', '   fgdsgfdgdfsg', '   ', 176, 2761),
(6, 6, 'Сергей Владимирович', 'Зайцев', '', '', '', '   630087', '', '   Новосибирск', '   ', 176, 2768),
(7, 6, 'Сергей Владимирович', 'Зайцев', '', '', '', 'ул.К.Маркса 24а кв.10', '', 'Новосибирск', '630087', 176, 2768),
(8, 7, 'Serg', 'Lsl', '', '', '', 'Кирова 6-46', '', 'Малаховка', '   ', 176, 2761),
(9, 8, 'Яна Валериевна', 'Раднаева', '', '', '', '   проспект Строителей дом 66 квартира 87', '', '   Улан-Удэ', '   670042', 176, 2796),
(10, 9, 'Татьяна Сергеевна', 'Васильева', '', '', '', '  ул. Дзержинского 12, кв.39', '', '   Магадан', '   685017', 176, 2758),
(11, 10, 'АЛексей', 'Сахнов', '', '', '', 'ул Керченская 1ак1', '', 'Москва', '   ', 176, 2761),
(12, 11, 'Оксана Евгеньевна', 'Фролова', '', '', '', '   Ленина,58', '', '   Ивдель', '   624590', 176, 2807),
(13, 12, 'Андрей', 'Духовный', '', '', '', '   Москва', '', '   Петра Романова', '   ', 176, 2761),
(14, 13, 'Константин Алексеевич', 'Малыхин', '', '', '', '   ул. Московская, дом 18 &quot;А&quot;, кв. 76', '', '   Минеральные Воды', '   357200', 176, 2786),
(15, 14, 'александра', 'шуленина', '', '', '', 'онуфриева 4 кв 6', '', '   екатеринбург', '   ', 176, 2807),
(16, 15, 'Маргарита Владимировна', 'Новицкая', '', '', '', '   ', '', '   ', '   ', 176, 2761),
(17, 15, 'Маргарита Владимировна', 'Новицкая', '', '', '', 'улица Карла Маркса, дом 37, квартира 27', '', 'Ангарск', '   665813', 176, 2740),
(18, 16, 'Ольга', 'Ю', '', '', '', 'Борисовский проезд, 46', '', 'Москва', '   ', 176, 2761),
(19, 17, 'Каплина', 'Ольга', '', '', '', '   В.О., Малый пр. 75-30', '', '   Санкт-Петербург', '199406', 176, 2785),
(20, 18, 'Николай Петрович', 'Скрыбыкин', '', '', '', '   ул. Островского, дом 2, кв. 12', '', '   Якутск', '   677000', 176, 2805),
(21, 19, 'Тамара Викторовна', 'Курбангалеева', '', '', '', '   Саха Якутия,Мирнинский район', '', '   Удачный,Новый город дом 6 квартира 118', '   678188', 176, 2805),
(22, 20, 'Николай', 'Белокопытов', '', '', '', '   Всеволода Вишневского д 11 кв 44', '', '   Москва', '   127422', 176, 2761),
(23, 21, 'елена борисовна', 'морозова', '', '', '', '  ул дениса довыдова д 6 кв 4', '', '   москва', '   121170', 176, 2761),
(24, 21, 'елена борисовна', 'морозова', '', '', '', 'кутузовский проспект 20', '', 'москва', '', 176, 2761),
(25, 22, 'александра николаевна', 'дупик', '', '', '', 'улица дениса давыдова', '', '   москва', '   121170', 176, 2761),
(26, 23, 'Александра', 'Прокопьева', '', '', '', 'переулок Глухой 2/1 офис 207', '', '   Якутск', '   677000', 176, 2805),
(27, 24, ' Светлана', 'Попова', '', '', '', '   Фр. Энгельса д. 33 В кв. 20', '', '   Воронеж', '   394036', 176, 2803),
(28, 25, 'Анастасия', 'Максимичева', '', '', '', '   Парусная 12 пом 166', '', '   Красноярск', '660093', 176, 2752),
(29, 26, 'Баранова', 'Ольга', '', '', '', 'ул.Краснофлотская, д.28, кв.176', '', '   Пермь', '   614051', 176, 2774),
(30, 27, 'Валентин', 'Бирюлин', '', '', '', '   усманова 25 54', '', 'Казань', '   420095', 176, 2746),
(31, 27, 'Владислав', 'Вахромов', '', '', '', 'чуйкова 29 в 81', '', 'Казань', '', 176, 2746),
(32, 28, 'Василий Иванович', 'Сугутор', '', '', '', '   На деревню деду', '', 'Москва', '6666666', 176, 2761),
(33, 29, 'Евгений', 'Вохмянин', '', '', '', '   Энергетиков д.8 кв. 65', '', '   Краснодар', '   350911', 176, 2751),
(34, 30, 'Юрий Леонидович', 'Караваев', '', '', '', '   Университетская д.1 корп.4 к. 205', '', '   Ижевск', '426034', 176, 2742),
(35, 31, 'Александр Николаевич', 'Пручкин', '', '', '', ' Б.Академическая, д.77,корп.2,кв.116  ', '', ' Москва  ', '   ', 176, 2761);

-- --------------------------------------------------------

--
-- Структура таблицы `affiliate`
--

CREATE TABLE IF NOT EXISTS `affiliate` (
  `affiliate_id` int(11) NOT NULL AUTO_INCREMENT,
  `firstname` varchar(32) NOT NULL DEFAULT '',
  `lastname` varchar(32) NOT NULL DEFAULT '',
  `email` varchar(96) NOT NULL DEFAULT '',
  `telephone` varchar(32) NOT NULL DEFAULT '',
  `fax` varchar(32) NOT NULL DEFAULT '',
  `password` varchar(40) NOT NULL DEFAULT '',
  `company` varchar(32) NOT NULL,
  `website` varchar(255) NOT NULL,
  `address_1` varchar(128) NOT NULL DEFAULT '',
  `address_2` varchar(128) NOT NULL,
  `city` varchar(128) NOT NULL DEFAULT '',
  `postcode` varchar(10) NOT NULL DEFAULT '',
  `country_id` int(11) NOT NULL,
  `zone_id` int(11) NOT NULL,
  `code` varchar(64) NOT NULL,
  `commission` decimal(4,2) NOT NULL DEFAULT '0.00',
  `tax` varchar(64) NOT NULL,
  `payment` varchar(64) NOT NULL,
  `webmoney_wmr` varchar(64) NOT NULL DEFAULT '',
  `webmoney_wmz` varchar(64) NOT NULL DEFAULT '',
  `webmoney_wme` varchar(64) NOT NULL DEFAULT '',
  `webmoney_wmu` varchar(64) NOT NULL DEFAULT '',
  `yandex_money` varchar(64) NOT NULL DEFAULT '',
  `cheque` varchar(100) NOT NULL DEFAULT '',
  `paypal` varchar(64) NOT NULL DEFAULT '',
  `bank_name` varchar(64) NOT NULL DEFAULT '',
  `bank_branch_number` varchar(64) NOT NULL DEFAULT '',
  `bank_swift_code` varchar(64) NOT NULL DEFAULT '',
  `bank_account_name` varchar(64) NOT NULL DEFAULT '',
  `bank_account_number` varchar(64) NOT NULL DEFAULT '',
  `ip` varchar(15) NOT NULL,
  `status` tinyint(1) NOT NULL,
  `approved` tinyint(1) NOT NULL,
  `date_added` datetime NOT NULL,
  PRIMARY KEY (`affiliate_id`)
) ENGINE=MyISAM  DEFAULT CHARSET=utf8 AUTO_INCREMENT=5 ;

--
-- Дамп данных таблицы `affiliate`
--

INSERT INTO `affiliate` (`affiliate_id`, `firstname`, `lastname`, `email`, `telephone`, `fax`, `password`, `company`, `website`, `address_1`, `address_2`, `city`, `postcode`, `country_id`, `zone_id`, `code`, `commission`, `tax`, `payment`, `webmoney_wmr`, `webmoney_wmz`, `webmoney_wme`, `webmoney_wmu`, `yandex_money`, `cheque`, `paypal`, `bank_name`, `bank_branch_number`, `bank_swift_code`, `bank_account_name`, `bank_account_number`, `ip`, `status`, `approved`, `date_added`) VALUES
(1, 'Денис', 'Катаев', 'kataeff@yandex.ru', '79266072407', '', 'bb270ebbb6ef271d9174f61508751431', '', '', 'Куйбышева 79-37', 'Куйбышева 79-37', '   Глазов', '427629', 176, 2761, '501ce2e2e363a', 5.00, '', 'webmoney', '', '', '', '', '', '', '', '', '', '', '', 'kataeff@yandex.ru', '78.85.60.60', 1, 1, '2012-08-04 12:52:50'),
(2, 'Владимир', 'Трясцин', 'djspeech_st@mail.ru', ' 8961-75-77-413', '', 'e300be363ab48e78773e53aa9e4e9da3', '', '', 'Гатаулина', '', 'Пермь', '', 176, 2774, '50ddf04630173', 5.00, '590413326527', 'yandex_money', '', '', '', '', '41001980428039', '', '', '', '', '', '', '', '', 1, 0, '2012-12-28 23:17:26'),
(3, 'Александра Анатольевна', 'Прокопьева', 'cpo_status@mail.ru', '+7(4112)445929', '', 'ac5b298291d93001e233a393769e723a', 'ООО &quot;ЦПО Статус&quot;', '', 'г.Якутск, пер.Глухой 2/1, офис 207', '', '   Якутск', '', 176, 2805, '516cf826cde05', 5.00, '1410006897', 'webmoney', '', '', '', '', '', '', '', '', '', '', '', '', '', 1, 0, '2013-04-16 11:05:10'),
(4, 'Валентин', 'Бирюлин', 'kpvalentin650@gmail.com', '89600536388', '', '6b2244ecf5881e4aa6d4235d16be7b48', '', '', 'усманова 25', '', '   Казань', '420095', 176, 2746, '5254377802ae8', 5.00, '121660620015', 'yandex_money', '', '', '', '', '4100011676766234', '', '', '', '', '', '', '', '', 1, 0, '2013-10-08 20:48:56');

-- --------------------------------------------------------

--
-- Структура таблицы `affiliate_transaction`
--

CREATE TABLE IF NOT EXISTS `affiliate_transaction` (
  `affiliate_transaction_id` int(11) NOT NULL AUTO_INCREMENT,
  `affiliate_id` int(11) NOT NULL,
  `order_id` int(11) NOT NULL,
  `description` text NOT NULL,
  `amount` decimal(15,4) NOT NULL,
  `date_added` datetime NOT NULL,
  PRIMARY KEY (`affiliate_transaction_id`)
) ENGINE=MyISAM  DEFAULT CHARSET=utf8 AUTO_INCREMENT=2 ;

--
-- Дамп данных таблицы `affiliate_transaction`
--

INSERT INTO `affiliate_transaction` (`affiliate_transaction_id`, `affiliate_id`, `order_id`, `description`, `amount`, `date_added`) VALUES
(1, 1, 15, '№ заказа: #15', 1709.5000, '2012-08-04 12:58:04');

-- --------------------------------------------------------

--
-- Структура таблицы `attribute`
--

CREATE TABLE IF NOT EXISTS `attribute` (
  `attribute_id` int(11) NOT NULL AUTO_INCREMENT,
  `attribute_group_id` int(11) NOT NULL,
  `sort_order` int(3) NOT NULL,
  PRIMARY KEY (`attribute_id`)
) ENGINE=MyISAM  DEFAULT CHARSET=utf8 AUTO_INCREMENT=66 ;

--
-- Дамп данных таблицы `attribute`
--

INSERT INTO `attribute` (`attribute_id`, `attribute_group_id`, `sort_order`) VALUES
(22, 8, 5),
(21, 8, 4),
(23, 8, 6),
(20, 8, 3),
(19, 8, 2),
(18, 7, 6),
(17, 7, 5),
(16, 7, 4),
(15, 7, 3),
(14, 8, 1),
(13, 7, 2),
(12, 7, 1),
(24, 9, 1),
(25, 9, 3),
(26, 9, 2),
(27, 9, 4),
(28, 10, 1),
(29, 10, 2),
(30, 8, 7),
(31, 7, 7),
(32, 7, 8),
(33, 12, 0),
(34, 12, 2),
(35, 12, 3),
(36, 12, 4),
(37, 12, 6),
(38, 12, 1),
(39, 12, 0),
(43, 13, 1),
(41, 9, 5),
(42, 9, 6),
(44, 13, 2),
(45, 13, 3),
(46, 13, 4),
(47, 14, 1),
(48, 14, 2),
(49, 14, 3),
(50, 14, 4),
(51, 14, 5),
(52, 15, 1),
(53, 15, 2),
(54, 15, 3),
(55, 15, 4),
(56, 15, 5),
(57, 15, 6),
(58, 15, 40),
(59, 16, 0),
(60, 16, 2),
(61, 16, 3),
(62, 15, 0),
(63, 15, 0),
(64, 15, 7),
(65, 15, 8);

-- --------------------------------------------------------

--
-- Структура таблицы `attribute_description`
--

CREATE TABLE IF NOT EXISTS `attribute_description` (
  `attribute_id` int(11) NOT NULL,
  `language_id` int(11) NOT NULL,
  `name` varchar(64) NOT NULL,
  PRIMARY KEY (`attribute_id`,`language_id`)
) ENGINE=MyISAM DEFAULT CHARSET=utf8;

--
-- Дамп данных таблицы `attribute_description`
--

INSERT INTO `attribute_description` (`attribute_id`, `language_id`, `name`) VALUES
(17, 1, 'Зарядная База в Комплекте'),
(13, 1, 'Мощность Всасывания (Вт)'),
(15, 1, 'Тип Пылесборника'),
(16, 1, 'Объем Пылесборника (л)'),
(14, 1, 'Энергопотребление (Вт)'),
(12, 1, 'Тип Уборки'),
(18, 1, 'Установка на Зарядное Устройство'),
(19, 1, 'Уровень Шума (дБ)'),
(20, 1, 'Тип Аккумулятора'),
(21, 1, 'Емкость Аккумулятора (mA)'),
(22, 1, 'Время Зарядки Аккумулятора (ч)'),
(23, 1, 'Время Работы от Аккумулятора (мин)'),
(25, 1, 'Длина (см)'),
(24, 1, 'Высота (см)'),
(26, 1, 'Ширина (см)'),
(27, 1, 'Вес (кг)'),
(28, 1, 'Страна Производитель'),
(29, 1, 'Гарантийный Срок (лет)'),
(30, 1, 'Площадь Уборки на 1 Заряде (кв.м)'),
(31, 1, 'Программирование'),
(32, 1, 'Дистанционное Управление'),
(33, 1, 'Тип Управления'),
(34, 1, 'Тип Аккумулятора'),
(35, 1, 'Емкость Аккумулятора (mA)'),
(36, 1, 'Время Зарядки Аккумулятора (ч)'),
(37, 1, 'Время Полета (мин)'),
(38, 1, 'Радиус Действия (м)'),
(39, 1, 'Гироскоп'),
(43, 1, 'Тип'),
(41, 1, 'Несущий Винт (мм)'),
(42, 1, 'Хвостовой Винт (мм)'),
(44, 1, 'Вид'),
(45, 1, 'Источник Питания'),
(46, 1, 'Вес (кг)'),
(47, 1, 'Длина шланга (м)'),
(48, 1, 'Объем Фильтруемой Воды в Час (куб. м.)'),
(49, 1, 'Среднее Время Чистки Бассейна (ч)'),
(50, 1, 'Фильтрация Воды'),
(51, 1, 'Чистка Стенок'),
(52, 1, 'Тип Модели'),
(53, 1, 'Тип Двигателя'),
(54, 1, 'Тип Аккумулятора'),
(55, 1, 'Емкость Аккумулятора (mA)'),
(56, 1, 'Радиус Действия (м)'),
(57, 1, 'Время Работы от Аккумулятора (мин)'),
(58, 1, 'Время Зарядки Аккумулятора (мин)'),
(59, 1, 'Количество Деталей'),
(60, 1, 'Возраст '),
(61, 1, 'Серия Конструктора'),
(62, 1, 'Тип Элементов Питания'),
(63, 1, 'Дистанционное Управление'),
(65, 1, 'Мощность Звука (Вт)'),
(64, 1, 'Объём Памяти (ГБ)');

-- --------------------------------------------------------

--
-- Структура таблицы `attribute_group`
--

CREATE TABLE IF NOT EXISTS `attribute_group` (
  `attribute_group_id` int(11) NOT NULL AUTO_INCREMENT,
  `sort_order` int(3) NOT NULL,
  PRIMARY KEY (`attribute_group_id`)
) ENGINE=MyISAM  DEFAULT CHARSET=utf8 AUTO_INCREMENT=17 ;

--
-- Дамп данных таблицы `attribute_group`
--

INSERT INTO `attribute_group` (`attribute_group_id`, `sort_order`) VALUES
(10, 4),
(13, 0),
(12, 0),
(9, 3),
(7, 1),
(8, 2),
(14, 0),
(15, 0),
(16, 0);

-- --------------------------------------------------------

--
-- Структура таблицы `attribute_group_description`
--

CREATE TABLE IF NOT EXISTS `attribute_group_description` (
  `attribute_group_id` int(11) NOT NULL,
  `language_id` int(11) NOT NULL,
  `name` varchar(64) NOT NULL,
  PRIMARY KEY (`attribute_group_id`,`language_id`)
) ENGINE=MyISAM DEFAULT CHARSET=utf8;

--
-- Дамп данных таблицы `attribute_group_description`
--

INSERT INTO `attribute_group_description` (`attribute_group_id`, `language_id`, `name`) VALUES
(10, 1, 'Производитель и Гарантия'),
(9, 1, 'Габариты и Вес'),
(13, 1, 'Общие Характеристики Игрушки WowWee'),
(12, 1, 'Общие Технические Характеристики Вертолета'),
(7, 1, 'Основные Характеристики Робота Пылесоса'),
(8, 1, 'Уровень Шума и Энергопотребления'),
(14, 1, 'Общие Характеристики Робота для Чистки Бассейна'),
(15, 1, 'Общие Характеристики Игрушки'),
(16, 1, 'Характеристики Конструктора');

-- --------------------------------------------------------

--
-- Структура таблицы `banner`
--

CREATE TABLE IF NOT EXISTS `banner` (
  `banner_id` int(11) NOT NULL AUTO_INCREMENT,
  `name` varchar(64) NOT NULL,
  `status` tinyint(1) NOT NULL,
  PRIMARY KEY (`banner_id`)
) ENGINE=MyISAM  DEFAULT CHARSET=utf8 AUTO_INCREMENT=10 ;

--
-- Дамп данных таблицы `banner`
--

INSERT INTO `banner` (`banner_id`, `name`, `status`) VALUES
(6, 'HP Products', 0),
(7, 'slider', 1),
(8, 'Manufacturers', 0),
(9, 'Наш блог', 0);

-- --------------------------------------------------------

--
-- Структура таблицы `banner_image`
--

CREATE TABLE IF NOT EXISTS `banner_image` (
  `banner_image_id` int(11) NOT NULL AUTO_INCREMENT,
  `banner_id` int(11) NOT NULL,
  `link` varchar(255) NOT NULL,
  `image` varchar(255) NOT NULL,
  PRIMARY KEY (`banner_image_id`)
) ENGINE=MyISAM  DEFAULT CHARSET=utf8 AUTO_INCREMENT=250 ;

--
-- Дамп данных таблицы `banner_image`
--

INSERT INTO `banner_image` (`banner_image_id`, `banner_id`, `link`, `image`) VALUES
(222, 8, 'http://roboti.grishinmikhail.com/Clatronic.html', 'data/logo-clatronic.jpg'),
(221, 8, 'http://roboti.grishinmikhail.com/neato-robotics.html', 'data/NeatoRobotics_Logo.jpg'),
(219, 8, 'http://roboti.grishinmikhail.com/yujin-robot.html', 'data/iclebo_logo.jpg'),
(220, 8, 'http://roboti.grishinmikhail.com/irobot.html', 'data/iRobot_logo2.png'),
(248, 7, 'http://roboti.grishinmikhail.com/toys/constructor/', 'data/slider/Banner2.jpg'),
(218, 8, 'http://roboti.grishinmikhail.com/robzone.html', 'data/robzone_logo.jpg'),
(217, 8, 'http://roboti.grishinmikhail.com/cleverclean.html', 'data/clever-clean_logo.png'),
(216, 8, 'http://roboti.grishinmikhail.com/ecovacs.html', 'data/ecovacs.jpg'),
(214, 8, 'http://roboti.grishinmikhail.com/samsung.html', 'data/Samsung-Logo.jpg'),
(215, 8, 'http://roboti.grishinmikhail.com/lg.html', 'data/LG_logo.jpg'),
(245, 9, 'http://robososy.ru', 'data/nashblog.png'),
(249, 7, 'http://roboti.grishinmikhail.com/vacuum-cleaner/iclebo-arte.html', 'data/slider/iClebo_new.jpg');

-- --------------------------------------------------------

--
-- Структура таблицы `banner_image_description`
--

CREATE TABLE IF NOT EXISTS `banner_image_description` (
  `banner_image_id` int(11) NOT NULL,
  `language_id` int(11) NOT NULL,
  `banner_id` int(11) NOT NULL,
  `title` varchar(64) NOT NULL,
  PRIMARY KEY (`banner_image_id`,`language_id`)
) ENGINE=MyISAM DEFAULT CHARSET=utf8;

--
-- Дамп данных таблицы `banner_image_description`
--

INSERT INTO `banner_image_description` (`banner_image_id`, `language_id`, `banner_id`, `title`) VALUES
(245, 1, 9, 'Блог'),
(222, 1, 8, 'Clatronic'),
(220, 1, 8, 'iRobot'),
(221, 1, 8, 'Neato Robotics'),
(219, 1, 8, 'iClebo'),
(218, 1, 8, 'Robzone'),
(217, 1, 8, 'Clever&amp;Clean'),
(216, 1, 8, 'Ecovacs'),
(215, 1, 8, 'LG'),
(214, 1, 8, 'Samsung'),
(249, 1, 7, 'iClebo Arte'),
(248, 1, 7, 'Robotis');

-- --------------------------------------------------------

--
-- Структура таблицы `blog`
--

CREATE TABLE IF NOT EXISTS `blog` (
  `blog_id` int(11) NOT NULL AUTO_INCREMENT,
  `image` varchar(255) COLLATE utf8_bin DEFAULT NULL,
  `parent_id` int(11) NOT NULL DEFAULT '0',
  `top` tinyint(1) NOT NULL,
  `column` int(3) NOT NULL,
  `sort_order` int(3) NOT NULL DEFAULT '0',
  `status` tinyint(1) NOT NULL,
  `date_added` datetime NOT NULL DEFAULT '0000-00-00 00:00:00',
  `date_modified` datetime NOT NULL DEFAULT '0000-00-00 00:00:00',
  PRIMARY KEY (`blog_id`)
) ENGINE=MyISAM  DEFAULT CHARSET=utf8 COLLATE=utf8_bin AUTO_INCREMENT=67 ;

--
-- Дамп данных таблицы `blog`
--

INSERT INTO `blog` (`blog_id`, `image`, `parent_id`, `top`, `column`, `sort_order`, `status`, `date_added`, `date_modified`) VALUES
(65, '', 0, 0, 0, 1, 1, '2012-09-08 10:44:57', '2014-04-13 20:55:54'),
(66, '', 0, 0, 0, 2, 1, '2014-04-13 20:56:38', '2014-04-13 20:56:38');

-- --------------------------------------------------------

--
-- Структура таблицы `blog_description`
--

CREATE TABLE IF NOT EXISTS `blog_description` (
  `blog_id` int(11) NOT NULL,
  `language_id` int(11) NOT NULL,
  `name` varchar(255) COLLATE utf8_bin NOT NULL DEFAULT '',
  `description` text COLLATE utf8_bin NOT NULL,
  `meta_description` varchar(255) COLLATE utf8_bin NOT NULL,
  `meta_keyword` varchar(255) COLLATE utf8_bin NOT NULL,
  PRIMARY KEY (`blog_id`,`language_id`),
  KEY `name` (`name`)
) ENGINE=MyISAM DEFAULT CHARSET=utf8 COLLATE=utf8_bin;

--
-- Дамп данных таблицы `blog_description`
--

INSERT INTO `blog_description` (`blog_id`, `language_id`, `name`, `description`, `meta_description`, `meta_keyword`) VALUES
(65, 1, 'обзор роботов пылесосов', '&lt;p&gt;\r\n	Все самое интересное из области робототехники. Полезные советы по выбору роботов пылесосов, обзоры, тесты, сравнения.&lt;/p&gt;\r\n', 'Все самое интересное из области робототехники. Полезные советы по выбору роботов пылесосов, обзоры, тесты, сравнения.', ''),
(66, 1, 'Инструкции', '', '', '');

-- --------------------------------------------------------

--
-- Структура таблицы `blog_to_layout`
--

CREATE TABLE IF NOT EXISTS `blog_to_layout` (
  `blog_id` int(11) NOT NULL,
  `store_id` int(11) NOT NULL,
  `layout_id` int(11) NOT NULL,
  PRIMARY KEY (`blog_id`,`store_id`)
) ENGINE=MyISAM DEFAULT CHARSET=utf8 COLLATE=utf8_bin;

--
-- Дамп данных таблицы `blog_to_layout`
--

INSERT INTO `blog_to_layout` (`blog_id`, `store_id`, `layout_id`) VALUES
(65, 0, 15);

-- --------------------------------------------------------

--
-- Структура таблицы `blog_to_store`
--

CREATE TABLE IF NOT EXISTS `blog_to_store` (
  `blog_id` int(11) NOT NULL,
  `store_id` int(11) NOT NULL,
  PRIMARY KEY (`blog_id`,`store_id`)
) ENGINE=MyISAM DEFAULT CHARSET=utf8 COLLATE=utf8_bin;

--
-- Дамп данных таблицы `blog_to_store`
--

INSERT INTO `blog_to_store` (`blog_id`, `store_id`) VALUES
(65, 0),
(66, 0);

-- --------------------------------------------------------

--
-- Структура таблицы `category`
--

CREATE TABLE IF NOT EXISTS `category` (
  `category_id` int(11) NOT NULL AUTO_INCREMENT,
  `image` varchar(255) DEFAULT NULL,
  `parent_id` int(11) NOT NULL DEFAULT '0',
  `top` tinyint(1) NOT NULL,
  `column` int(3) NOT NULL,
  `sort_order` int(3) NOT NULL DEFAULT '0',
  `status` tinyint(1) NOT NULL,
  `date_added` datetime NOT NULL DEFAULT '0000-00-00 00:00:00',
  `date_modified` datetime NOT NULL DEFAULT '0000-00-00 00:00:00',
  PRIMARY KEY (`category_id`)
) ENGINE=MyISAM  DEFAULT CHARSET=utf8 AUTO_INCREMENT=92 ;

--
-- Дамп данных таблицы `category`
--

INSERT INTO `category` (`category_id`, `image`, `parent_id`, `top`, `column`, `sort_order`, `status`, `date_added`, `date_modified`) VALUES
(62, '', 0, 1, 1, 0, 1, '2012-07-03 21:53:19', '2013-03-22 01:04:45'),
(61, 'data/793317484.jpg', 0, 1, 1, 3, 1, '2012-07-03 21:52:44', '2013-11-28 22:03:27'),
(60, 'data/bioloidlarge-550x550.jpg', 0, 1, 1, 5, 1, '2012-07-03 21:52:29', '2013-11-29 01:22:02'),
(59, 'data/746542851.jpg', 0, 1, 1, 1, 1, '2012-07-03 21:52:13', '2013-03-21 14:31:11'),
(67, 'data/cat_helicopters.jpg', 60, 0, 1, 0, 1, '2012-07-15 20:22:53', '2013-11-28 21:24:35'),
(68, 'data/cat_auto.jpg', 60, 0, 1, 0, 1, '2012-07-15 20:23:22', '2013-11-28 21:24:22'),
(69, 'data/cat_microrobot.jpg', 60, 0, 1, 0, 1, '2012-07-15 20:24:25', '2013-11-28 21:24:52'),
(70, 'data/at_soft_toy.jpg', 60, 0, 1, 0, 1, '2012-07-15 20:24:57', '2013-11-28 21:25:01'),
(71, 'data/Robotis-OLLO-Inventor-6_enl.jpg', 60, 0, 1, 0, 1, '2012-07-15 20:26:47', '2013-11-28 22:38:00'),
(72, '', 0, 1, 1, 5, 1, '2012-07-15 20:27:21', '2013-11-28 21:23:12'),
(74, 'data/cat_complect.jpg', 62, 0, 1, 100, 1, '2012-07-17 11:55:16', '2012-11-25 21:31:04'),
(86, 'data/Caiman Ambrogio L50 Basic/Caiman Ambrogio L50 Basic.jpeg', 0, 1, 1, 2, 1, '2013-03-21 14:21:52', '2013-03-21 14:33:27'),
(75, 'data/rovio/rovio-2.jpg', 72, 0, 1, 0, 1, '2012-07-27 10:08:29', '2012-09-08 17:30:04'),
(76, 'data/sobot/1325187.jpeg', 60, 0, 1, 0, 1, '2012-08-01 23:13:36', '2013-11-28 22:48:57'),
(79, 'data/iRobot_logo2.png', 62, 0, 1, 1, 1, '2012-08-18 16:43:09', '2013-03-22 01:12:45'),
(80, 'data/robzone_logo.jpg', 62, 0, 1, 2, 1, '2012-08-18 16:47:37', '2013-03-22 01:18:03'),
(81, 'data/NeatoRobotics_Logo.jpg', 62, 0, 1, 3, 1, '2012-08-18 16:53:52', '2013-03-22 01:24:12'),
(82, 'data/ecovacs.jpg', 62, 0, 1, 5, 1, '2012-08-18 16:56:31', '2013-03-22 01:29:13'),
(83, 'data/iclebo_logo.jpg', 62, 0, 1, 1, 1, '2012-08-18 17:02:35', '2014-03-02 00:25:32'),
(84, 'data/clever-clean_logo.png', 62, 0, 1, 6, 1, '2012-08-18 17:05:18', '2013-03-22 01:35:46'),
(85, 'data/logo_other_man.png', 62, 0, 1, 7, 1, '2012-08-18 17:17:44', '2012-11-25 21:31:09'),
(87, 'data/2-320x320.jpg', 0, 1, 0, 4, 1, '2013-11-29 01:23:50', '2014-01-27 08:27:56'),
(88, 'data/Robomow/photoshoot[1].jpg', 86, 0, 1, 0, 1, '2014-03-10 20:49:57', '2014-03-10 20:56:44'),
(89, 'data/Caiman/Caiman.jpg', 86, 0, 1, 0, 1, '2014-03-11 12:19:11', '2014-03-11 12:21:28'),
(90, 'data/Wiper/image_4339_200_200[1].jpg', 86, 0, 1, 0, 1, '2014-03-12 08:21:52', '2014-03-12 08:23:20'),
(91, 'data/Husqvarna/logotip(1)[1].jpg', 86, 0, 1, 0, 1, '2014-03-12 09:07:05', '2014-03-12 09:07:05');

-- --------------------------------------------------------

--
-- Структура таблицы `category_description`
--

CREATE TABLE IF NOT EXISTS `category_description` (
  `category_id` int(11) NOT NULL,
  `language_id` int(11) NOT NULL,
  `name` varchar(255) NOT NULL DEFAULT '',
  `description` text NOT NULL,
  `meta_description` varchar(255) NOT NULL,
  `meta_keyword` varchar(255) NOT NULL,
  `seo_title` varchar(255) NOT NULL,
  `seo_h1` varchar(255) NOT NULL,
  `meta_title` varchar(80) NOT NULL,
  PRIMARY KEY (`category_id`,`language_id`),
  KEY `name` (`name`)
) ENGINE=MyISAM DEFAULT CHARSET=utf8;

--
-- Дамп данных таблицы `category_description`
--

INSERT INTO `category_description` (`category_id`, `language_id`, `name`, `description`, `meta_description`, `meta_keyword`, `seo_title`, `seo_h1`, `meta_title`) VALUES
(61, 1, 'Профессиональные Роботы', '&lt;div class=&quot;description content&quot;&gt;\r\n	&lt;p&gt;\r\n		На Vseroboty.ru продаются не только собранные на заводе роботы, но и комплектующие для создания собственных механизмов. Представленные в нашем магазине детали пригодятся как начинающему роботостроителю, так и профессионалам, ищущим сложные элементы для создания робота, который впоследствии будет принимать участие в соревнованиях.&lt;/p&gt;\r\n	&lt;p&gt;\r\n		В ассортименте контроллеры управления, аккумуляторы, двигатели, монтажные платы, программаторы и другие детали. Продаются также готовые наборы для неопытных любителей роботостроения, которые помогут быстрее освоить это хобби.&lt;/p&gt;\r\n&lt;/div&gt;\r\n&lt;p&gt;\r\n	&amp;nbsp;&lt;/p&gt;\r\n', '', ' контроллеры управления, аккумуляторы, двигатели, монтажные платы, программаторы, комплектующие для роботов', 'Купить Профессиональные Роботы и Комплектующие', 'Профессиональные Роботы и Комплектующие', ''),
(59, 1, 'Роботы для бассейна', '&lt;div class=&quot;description content&quot;&gt;\r\n	&lt;p&gt;\r\n		Повседневные заботы по уходу за бассейном можно переложить на интеллектуальные роботизированные устройства. Представленные в разделе &lt;b&gt;Роботы для бассейна&amp;nbsp;&lt;/b&gt;модели зарекомендовали себя с самой лучшей стороны и отличаются надёжностью и высокой эффективностью.&lt;/p&gt;\r\n	&lt;p&gt;\r\n		Покупка &lt;a href=&quot;http://roboti.grishinmikhail.com/homerobot/&quot;&gt;&lt;strong&gt;робота для чистки бассейна&lt;/strong&gt;&lt;/a&gt; не только привлекательна с точки зрения удобства, но и поможет сэкономить деньги на системах фильтрации и обеззараживания воды. Для уборки стенок и дна бассейна не требуется сливать воду, что позволяет проводить чистку намного чаще. Фильтры будут меньше забиваться, а препараты против водорослей можно будет использовать гораздо реже.&lt;/p&gt;\r\n&lt;/div&gt;\r\n&lt;p&gt;\r\n	&amp;nbsp;&lt;/p&gt;\r\n', '', 'робот пылесос, купить робот пылесос, робот для чистки бассейна, робот газонокосилка', 'Роботы для бассейнов: купить роботы для чистки бассейна', 'Роботы для бассейна', ''),
(60, 1, 'Конструкторы Robotis', '&lt;div class=&quot;description content&quot;&gt;\r\n	&lt;p&gt;\r\n		В разделе представлены игрушки, которые заинтересуют не только детей, но и взрослых. Все предлагаемые товары изготовлены надёжными производителями и абсолютно безопасны в использовании.&lt;/p&gt;\r\n	&lt;p&gt;\r\n		&amp;nbsp;&lt;/p&gt;\r\n&lt;/div&gt;\r\n', 'В разделе представлены конструктор Robotis Bioloid, а также Robotis OLLO', 'Конструкторы Robotis', 'Конструкторы Robotis', 'Конструкторы Robotis', ''),
(87, 1, 'Роботы для мойки окон', '', 'Роботы для мойки окон Windoro', 'Роботы для мойки окон, Windoro', 'Роботы для мойки окон', 'Роботы для мойки окон', ''),
(88, 1, 'Robomow', '&lt;p style=&quot;margin-top: 0px; margin-bottom: 20px; color: rgb(0, 93, 173); font-family: Arial, Helvetica, sans-serif; text-align: justify;&quot;&gt;\r\n	Согласитесь, что ухоженный и ровно подстриженный газон способен придать помещению особый шарм и стиль. Все, что нужно для полноценного обслуживания &amp;nbsp;лужайки на вашем приусадебном участке&amp;nbsp; – это всего лишь качественная и умная техника, которой и славится израильская компания Robomow.&lt;/p&gt;\r\n&lt;p style=&quot;margin-top: 0px; margin-bottom: 20px; color: rgb(0, 93, 173); font-family: Arial, Helvetica, sans-serif; text-align: justify;&quot;&gt;\r\n	Газонокосилки серии RC разработаны для тех людей, кто содержит небольшие участки. Если общая площадь вашей территории не превышает двух соток, то данная серия предназначена именно для вас. Широкие возможности управления газонокосилками (в том числе и с помощью сотового телефона) и отличная функциональность – это то, что выгодно отличает модели серии RC от производителя Robomow.&lt;/p&gt;\r\n', 'Роботы газонокосилки Robomow', 'Роботы газонокосилки Robomow', 'Роботы газонокосилки Robomow', 'Роботы газонокосилки Robomow', ''),
(89, 1, 'Caiman', '&lt;p style=&quot;margin-bottom: 0.35cm&quot;&gt;\r\n	Французская компания &lt;span lang=&quot;en-US&quot;&gt;Caiman&lt;/span&gt; – один из достойнейших производителей современной бытовой робототехники. Интеллектуальные роботы серии &lt;span lang=&quot;en-US&quot;&gt;Ambrogio&lt;/span&gt; настолько качественно подстригут ваш газон, что ручные и переносные газонокосилки перестанут для вас существовать.&lt;/p&gt;\r\n', 'Caiman', 'Caiman', 'Caiman', 'Caiman', ''),
(90, 1, 'Wiper', '&lt;p style=&quot;padding: 0px; margin: 0px 0px 20px; font-size: 14px; font-family: Arial, Helvetica, sans-serif; color: rgb(0, 0, 0);&quot;&gt;\r\n	Бренд, принадлежащий итальянской группе компаний Zuccetti Centro Sistemi. С 2000 года предлагает широкий ассортимент газонокосилок- роботов. В настоящее время группа занимает 50% рынка роботизированных газонокосилок в мире.&lt;/p&gt;\r\n&lt;p style=&quot;padding: 0px; margin: 0px 0px 20px; font-size: 14px; font-family: Arial, Helvetica, sans-serif; color: rgb(0, 0, 0);&quot;&gt;\r\n	Газонокосилка– робот Wiper позаботится о Вашем приусадебном участке, она будет работать на Вас, а Вы наслаждайтесь высоким качеством жизни. Газонокосилка– робот Wiper предоставит Вам больше свободного времени для себя.&lt;/p&gt;\r\n&lt;p style=&quot;padding: 0px; margin: 0px 0px 20px; font-size: 14px; font-family: Arial, Helvetica, sans-serif; color: rgb(0, 0, 0);&quot;&gt;\r\n	Wiper– это простота, интеллект, тишина, экология и безопасность.&amp;nbsp;&lt;br /&gt;\r\n	Wiper новый, умный и удивительный.&lt;/p&gt;\r\n', 'Wiper', 'Wiper', 'Wiper', 'Wiper', ''),
(70, 1, 'Мягкие и Другие Игрушки', '&lt;p&gt;\r\n	&amp;nbsp;&lt;/p&gt;\r\n&lt;p&gt;\r\n	В этом разделе покупатель найдёт мягкие игрушки, которые с радостью откликнутся на прикосновения ребёнка и позволят поухаживать за собой. Все они сделаны из безопасных материалов, поэтому за здоровье ребёнка можно не беспокоиться.&lt;/p&gt;\r\n&lt;p&gt;\r\n	К «другим игрушкам» мы отнесли те из них, которые не имеют аналогов на рынке и не попадают ни в одну из категорий.&lt;/p&gt;\r\n&lt;p&gt;\r\n	Сюда входят модные гаджеты, такие как &lt;strong&gt;&lt;a href=&quot;http://roboti.grishinmikhail.com/index.php?route=product/product&amp;amp;path=60_70&amp;amp;product_id=112&quot;&gt;Sony Rolly&lt;/a&gt; – &lt;/strong&gt;музыкальный плеер всего с двумя кнопками, управление которым осуществляется изменением его положения; современный &lt;a href=&quot;http://roboti.grishinmikhail.com/index.php?route=product/product&amp;amp;path=60_70&amp;amp;product_id=109&quot;&gt;&lt;strong&gt;тамагочи&lt;/strong&gt; &lt;strong&gt;U.bo&lt;/strong&gt;&lt;/a&gt;, который надо растить с момента рождения, кормя и развлекая его; радиоуправляемый танк, способный не только ездить по любым поверхностям, но и стрелять на расстояние нескольких метров.&lt;/p&gt;\r\n', '', 'Мягкие и Другие Игрушки', 'Мягкие и Другие Игрушки', 'Мягкие и Другие Игрушки', ''),
(68, 1, 'Автомодели', '&lt;div class=&quot;description content&quot;&gt;\r\n	&lt;p&gt;\r\n		На&amp;nbsp;&lt;a href=&quot;http://roboti.grishinmikhail.com&quot;&gt;&lt;strong&gt;vseroboty.&lt;/strong&gt;&lt;strong&gt;ru&lt;/strong&gt;&lt;/a&gt; продаются автомодели на любой вкус: багги с большими колёсами для езды по пересечённой местности, радиоуправляемые машинки для передвижения по гладким дорогам и даже такие уникальные модели, как автомобиль, работающий на водородном топливе.&lt;/p&gt;\r\n	&lt;p&gt;\r\n		Копии реальных гоночных автомобилей способны развивать внушительные скорости, сохраняя при этом отличную маневренность. Управлять ими не составит труда: 2-х канальные пульты позволяют набирать скорость и тормозить, а также поворачивать.&lt;/p&gt;\r\n	&lt;p&gt;\r\n		Во внедорожниках упор сделан на прочность каркаса, колёс и на устойчивость на камнях. Покупая у нас модели, вы можете быть уверены, что они не сломаются от жесткого переворота или столкновения.&lt;/p&gt;\r\n&lt;/div&gt;\r\n', '', 'автомодели, радиоуправляемые автомодели, магазин автомоделей, купить автомодель', 'Купить радиоуправляемую автомодель', 'Автомодели', ''),
(69, 1, 'Микророботы', '&lt;p&gt;\r\n	&amp;nbsp;&lt;/p&gt;\r\n&lt;p&gt;\r\n	Миниатюрные роботы-жуки – настоящее развлечение для детей.&lt;/p&gt;\r\n&lt;p&gt;\r\n	Самые простые модели &lt;a href=&quot;http://roboti.grishinmikhail.com/index.php?route=product/product&amp;amp;path=60_69&amp;amp;product_id=108&quot;&gt;&lt;strong&gt;HexBug &lt;/strong&gt;&lt;strong&gt;Nano&lt;/strong&gt;&lt;/a&gt; умеют забавно хаотично перемещать по столу или полу. Можно посадить их в лабиринт и наблюдать, как они стараются найти выход, или создать целую колонию жуков. Также в продаже на roboti.grishinmikhail.com доступны трассы, на которых можно устраивать забеги микророботов &lt;strong&gt;Nano&lt;/strong&gt;.&lt;/p&gt;\r\n&lt;p&gt;\r\n	Роботы побольше имеют свои прототипы среди насекомых. Одни повторяют движения муравьёв, другие – скарабеев, третьи – личинок, четвёртые – пауков. Действия каждой из моделей уникальны, а их невысокая стоимость позволяет купить сразу несколько экземпляров разной расцветки, чтобы в игре принимало участие несколько человек.&lt;/p&gt;\r\n', '', 'микророботы, микроробот жук	, микророботы hexbug, микророботы купить, микроробот hexbug nano', 'Купить микророботов', 'Микророботы', ''),
(71, 1, 'Конструкторы', '&lt;div class=&quot;description content&quot; p=&quot;&quot;&gt;\r\n	Нельзя не признать, что игра с конструктором приносит много пользы ребёнку. Дети младшего возраста тренируют моторику рук и развивают творческие способности, более старшие ребята учатся логике, нестандартному мышлению и технической смекалке. Не зря в западных инженерных ВУЗах широко практикуются студенческие соревнования роботов.\r\n	&lt;p&gt;\r\n		На &lt;a href=&quot;http://roboti.grishinmikhail.com&quot;&gt;&lt;strong&gt;vseroboty.&lt;/strong&gt;&lt;strong&gt;ru&lt;/strong&gt;&lt;/a&gt; вы сможете купить точно такие же наборы для создания собственных механизмов, какими пользуются будущие инженеры и конструкторы: &lt;a href=&quot;http://roboti.grishinmikhail.com/index.php?route=product/product&amp;amp;path=60_71&amp;amp;product_id=107&quot;&gt;&lt;strong&gt;Lego &lt;/strong&gt;&lt;/a&gt;&lt;strong&gt;&lt;a href=&quot;http://roboti.grishinmikhail.com/index.php?route=product/product&amp;amp;path=60_71&amp;amp;product_id=107&quot;&gt;Mindstorm&lt;/a&gt;, &lt;/strong&gt;&lt;strong&gt;&lt;a href=&quot;http://roboti.grishinmikhail.com/index.php?route=product/product&amp;amp;path=60&amp;amp;product_id=113&quot;&gt;Bioloid&lt;/a&gt;, &lt;a href=&quot;http://roboti.grishinmikhail.com/index.php?route=product/product&amp;amp;path=60&amp;amp;product_id=116&quot;&gt;POB-Bot &lt;/a&gt;&lt;/strong&gt;и др.&lt;/p&gt;\r\n	&lt;p&gt;\r\n		Практически все наборы расширяются покупкой дополнительных деталей.&lt;/p&gt;\r\n&lt;/div&gt;\r\n&lt;p&gt;\r\n	&amp;nbsp;&lt;/p&gt;\r\n', '', 'роботы конструкторы', 'Купить роботов конструкторов', 'Конструкторы', ''),
(72, 1, 'Разные Роботы', '', '', '', '', '', ''),
(62, 1, 'Роботы Пылесосы', '&lt;div class=&quot;description content&quot;&gt;\r\n	&lt;p&gt;\r\n		Робот пылесос - незаменимый помощник по дому.&lt;/p&gt;\r\n	&lt;p&gt;\r\n		Сейчас пылесос робот – вовсе не роскошь. В интернет-магазине ВсеРоботы.ру Вы можете купить пылесос от &lt;strong&gt;4900&amp;nbsp;рублей&lt;/strong&gt;. У нас лучшие цены на рынке, бесплатная доставка по Москве в течение следующих суток. В карточках товора Вы всегда найдете отзывы о роботах пылесосах, а также фото и видео материалы.&lt;/p&gt;\r\n	&lt;p&gt;\r\n		Лидером по производству роботов-пылесосов считается американская компания &lt;a href=&quot;http://roboti.grishinmikhail.com/vacuum-cleaner/cat-irobot/&quot;&gt;iRobot&lt;/a&gt;, чьи аппараты отличаются превосходной системой навигации и высоким качеством уборки. Топовые модели &lt;a href=&quot;http://roboti.grishinmikhail.com/vacuum-cleaner/roomba790.html&quot;&gt;Roomba 790&lt;/a&gt; и&amp;nbsp;&lt;a href=&quot;http://roboti.grishinmikhail.com/vacuum-cleaner/roomba780.html&quot;&gt;780&lt;/a&gt; имеют адаптационную систему позиционирования, основанную на использовании фотокамеры.&amp;nbsp;&lt;/p&gt;\r\n	&lt;p&gt;\r\n		Роботы уборщики азиатских производителей &amp;nbsp;&lt;a href=&quot;http://roboti.grishinmikhail.com/vacuum-cleaner/cat-deebot/&quot;&gt;Deebot&lt;/a&gt;,&lt;strong&gt;&amp;nbsp;&lt;/strong&gt;&lt;a href=&quot;http://roboti.grishinmikhail.com/vacuum-cleaner/cat-other-man/rydis-r750.html&quot;&gt;Rydis&lt;/a&gt;&amp;nbsp;имеют привлекательную цену и такие функции как уборка пола ультрафиолетом и протирка его влажной салфеткой.&amp;nbsp;&lt;/p&gt;\r\n	&lt;p&gt;\r\n		Отдельно стоит отметить корейского производителя &lt;a href=&quot;http://roboti.grishinmikhail.com/vacuum-cleaner/cat-iclebo/&quot;&gt;Yujin Robot iClebo&lt;/a&gt; и его модели пылесосов &lt;a href=&quot;http://roboti.grishinmikhail.com/vacuum-cleaner/iclebo-arte.html&quot;&gt;iClebo Arte&lt;/a&gt;, которая превосходит конкурентов по техническим характеристикам и качеству сборки и при этом имеет более низкую цену.&lt;/p&gt;\r\n	&lt;p&gt;\r\n		Свои особенности имеют также европейская&amp;nbsp;&lt;a href=&quot;http://roboti.grishinmikhail.com/index.php?route=product/manufacturer/product&amp;amp;manufacturer_id=20&quot;&gt;RobZone&lt;/a&gt;&amp;nbsp;и американская &lt;a href=&quot;http://roboti.grishinmikhail.com/vacuum-cleaner/cat-neato/&quot;&gt;Neato Robotics&lt;/a&gt;&amp;nbsp;компании.&amp;nbsp;&lt;/p&gt;\r\n	&lt;p&gt;\r\n		В нашем интернет магазине в наличии более 30 моделей роботов пылесосов по самым привлекательным ценам, с быстрой доставкой. Покупайте с удовольствием, доставляем быстро:).&lt;/p&gt;\r\n	&lt;p&gt;\r\n		С уважением, ВсеРоботы.ру&lt;/p&gt;\r\n&lt;/div&gt;\r\n', 'Более 30 моделей роботов пылесосов iRobot, iClebo, Clever&amp;Clean, Robzone, Deebot, Neato и др. в наличии! Купите робот пылесос по лучшим ценам и с удовольствием:) ВсеРоботы.ру, +7(499) 347-02-75', 'робот пылесос, купить робот пылесос, робот пылесос цена', 'Роботы пылесосы по лучшим ценам: iRobot, iClebo, Deebot, Neato, Robzone. Купите робот пылесос сейчас!', 'Робот пылесос', ''),
(83, 1, 'iClebo (Yujin Robots)', '', 'Роботы пылесосы iClebo по лучшим ценам: Arte, Smart, Home. Отзывы, фото, видео об iClebo. Купите роботы пылесосы iClebo.', 'Yujin Robots, iClebo', 'Роботы пылесосы iClebo: Arte, Smart, Home. Купите робот пылесос iClebo по лучшей цене!', 'Роботы пылесосы от производителя Yujin Robots (iClebo)', ''),
(74, 1, 'Комплектующие и Аксессуары ', '&lt;div class=&quot;description content&quot;&gt;\r\n	&lt;p&gt;\r\n		Иногда случается так, что какая-то деталь робота выходит из строя. Чаще всего изнашиваются щётки и колёса робота. Чтобы вернуть былую эффективность, необходимо заменить эти детали на новые.&lt;/p&gt;\r\n	&lt;p&gt;\r\n		Если робот куплен достаточно давно, вы должны были заметить, что время работы аккумулятора стало меньше. Когда устройство становится не в состоянии выполнить всю программу без подзарядки, следует подумать о замене батареи.&lt;/p&gt;\r\n	&lt;p&gt;\r\n		Например, при покупке робота-пылесоса от &lt;a href=&quot;http://roboti.grishinmikhail.com/vacuum-cleaner/iclebo-arte.html&quot;&gt;iClebo&lt;/a&gt; вы можете заменить стандартный аккумулятор ёмкостью 2200 mAh на улучшенный, ёмкость которого вдвое больше.&lt;/p&gt;\r\n	&lt;p&gt;\r\n		Периодически следует заменять фильтры. Особенно актуален этот совет для HEPA-фильтров тонкой очистки, которые забиваются намного быстрее.&lt;/p&gt;\r\n	&lt;p&gt;\r\n		Докупить в нашем магазине вы можете и дополнительные аксессуары: ограничители движения для роботов &lt;a href=&quot;http://roboti.grishinmikhail.com/vacuum-cleaner/cat-irobot/&quot;&gt;Roomba&lt;/a&gt;, как только с функцией «виртуальная стена», так и улучшенные, работающие в режиме «LightHouse» (для продвинутых моделей).&lt;/p&gt;\r\n&lt;/div&gt;\r\n&lt;p&gt;\r\n	&amp;nbsp;&lt;/p&gt;\r\n', '', '', '', '', ''),
(76, 1, 'Андроиды', '&lt;div class=&quot;description content&quot;&gt;\r\n	&lt;p&gt;\r\n		Роботы-андроиды – хит современной индустрии игрушек. Это не просто игрушка, которой ребёнок побалуется пару дней и забудет о ней. Даже недорогие андроиды имеют широкий набор функций: от простой ходьбы до выполнения сложных трюков, таких как кувырок, подъём из положения лёжа. Многие из них реагируют не только на команды с пульта, но и на свет или звук.&lt;/p&gt;\r\n	&lt;p&gt;\r\n		Детям постарше также будет чрезвычайно интересно поиграть с роботом-андроидом. Многие модели можно самостоятельно программировать на выполнение уникальной комбинации действий. Такие роботы знают до 200 движений, а число комбинаций практически безгранично.&lt;/p&gt;\r\n	&lt;p&gt;\r\n		Кроме того, некоторые роботы трансформируются из человекоподобного состояния в животное или предмет.&lt;/p&gt;\r\n&lt;/div&gt;\r\n', 'робот андроид, купить робот андроид, конструкторы Robotis OLLO, роботы bioloid ', 'робот андроид, купить робот андроид', 'Купить робот андроид', 'Роботы андроиды', ''),
(67, 1, 'Вертолеты и Летающие Модели', '&lt;div class=&quot;description content&quot;&gt;\r\n	&lt;p&gt;\r\n		В детстве человек всегда стремился подняться в воздух и поуправлять настоящим летательным аппаратом. Раньше всё, что можно было сделать – купить вертолёт или самолёт на тросе или с колёсиками. Но теперь мечта осуществима, причём за довольно небольшие деньги.&lt;/p&gt;\r\n	&lt;p&gt;\r\n		Современные лёгкие вертолёты поднять в воздух сможет даже ребёнок. Играть с вертолётами можно как в помещении, так и на открытом воздухе. Простые модели небольшого размера управляются не труднее, чем радиоуправляемая машинка, достаточно лишь освоить 3-канальное управление. Более продвинутые летательные аппараты подходят для детей от 12-14 лет, но и возможности их поразительны: они могут закладывать виражи, регулировать крены и т.д.&lt;/p&gt;\r\n	&lt;p&gt;\r\n		&amp;nbsp;&lt;/p&gt;\r\n&lt;/div&gt;\r\n', '', 'вертолет, радиоуправляемый вертолет', 'Купить вертолет', 'Вертолеты и Летающие Модели', ''),
(75, 1, 'Роботы Присутствия', '&lt;p&gt;\r\n	&amp;nbsp;&lt;/p&gt;\r\n&lt;p&gt;\r\n	С роботами присутствия вы всегда будете вместе со своей семьёй, где бы вы не находились при этом. Благодаря связи с интернетом по Wi-Fi, управлять этими роботами можно с любого уголка Земли. Они снабжены видеокамерой высокого разрешения, которая показывает вам, что происходит у вас дома. Встроенные микрофон и динамики позволяют вести полноценный разговор с родными.&lt;/p&gt;\r\n&lt;p&gt;\r\n	Особенно подходят эти роботы для деловых людей, проводящих много времени в разъездах и командировках.&amp;nbsp;&lt;/p&gt;\r\n', '', 'Роботы Присутствия', 'Роботы Присутствия', 'Роботы Присутствия', ''),
(79, 1, 'iRobot', '', 'Роботы пылесосы iRobot Roomba и  Scooba по лучшим ценам от 14000 рублей. Отзывы, обзоры, фото, видео и описание пылесосов iRobot.', 'irobot', 'Купите роботы пылесосы iRobot Roomba и Scooba.  Цены, отзывы, видео, фото, описание пылесосов iRobot.', 'Роботы пылесосы от производителя iRobot', ''),
(80, 1, 'Robzone', '', 'Пылесосы Robzone Roomy по лучшим ценам и бесплатной доставкой. У нас есть отзывы, цены, описание с фото и видео роботов пылесосов Robzone. ', 'robzone', 'Купите роботы пылесосы Robzone Roomy по лучшим ценам. Отзывы, цены, описание, видео и фото пылесосов Robzone. ', 'Роботы пылесосы Robzone', ''),
(81, 1, 'Neato Robotics', '', 'Спешите купить роботы пылесосы Neato Robotics по самым выгодным ценам. Бесплатная и быстрая доставка по Москве и области. А также читайте отзывы, фото и видео пылесосов Neato.', 'neato robotics', 'Купите роботы пылесосы Neato Robotics по лучшим ценам. Отзывы, описание, фото и видео пылесосов Neato', 'Роботы пылесосы Neato', ''),
(82, 1, 'Deebot (Ecovacs)', '', 'Купите пылесосы Deebot по супер ценам. Читайте отзывы покупателей. А также смотрите фото и видео роботов пылесосов Deebot Ecovacs. У нас бесплатная  и быстрая доставка по Москве!', 'deebot, ecovacs', 'Роботы пылесосы Deebot Ecovacs. Купите по лучшим ценам. Отзывы от покупателей. Фото и видео.', 'Роботы пылесосы Deebot (Ecovacs)', ''),
(84, 1, 'Clever&amp;Clean', '', 'У нас роботы пылесосы Clever Clean по лучшим ценам. Отзывы покупателей, фото и видео пылесосов Clever Clean. Бесплатная и быстрая доставка по Москве. Звоните +7(499) 347-02-75', 'Clever&amp;Clean', 'Купите роботы пылесосы Clever&amp;Clean по супер ценам. Отзывы, фото и видео пылесосов Clever Clean.', 'Роботы пылесосы Clever&amp;Clean', ''),
(85, 1, 'Другие производители', '', '', 'samsung, lg, karcher', 'Другие производители роботов пылесосов', 'Другие производители роботов пылесосов: samsung, lg, karcher и пр.', ''),
(86, 1, 'Роботы для газона', '', 'Роботы для газона: купить робота для стрижки газона или лужайки ', '', 'Роботы для газона: купить робота для стрижки газона или лужайки ', 'Роботы для газона', ''),
(91, 1, 'Hasqvarna', '&lt;p&gt;\r\n	&lt;span style=&quot;color: rgb(0, 0, 0); font-family: Arial, Helvetica, sans-serif;&quot;&gt;Husqvarna&amp;nbsp; — шведская промышленная компания, крупнейший в мире производитель пил, газонокосилок и садового оборудования. Роботы-газонокосилки, представленные в магазине, представляются собой полностью автономные устройства предназначенные для поддержания вашего газона в ухоженном виде. Косилки пренадлежат премиум сегменту, предназначены для больших газонов и имеют соотвествующий ценник.&lt;/span&gt;&lt;/p&gt;\r\n', 'Hasqvarna', 'Hasqvarna', 'Hasqvarna', 'Hasqvarna', '');

-- --------------------------------------------------------

--
-- Структура таблицы `category_option`
--

CREATE TABLE IF NOT EXISTS `category_option` (
  `option_id` int(10) NOT NULL AUTO_INCREMENT,
  `status` int(1) DEFAULT '0',
  `sort_order` int(10) DEFAULT '0',
  PRIMARY KEY (`option_id`)
) ENGINE=MyISAM  DEFAULT CHARSET=utf8 COLLATE=utf8_bin AUTO_INCREMENT=9 ;

--
-- Дамп данных таблицы `category_option`
--

INSERT INTO `category_option` (`option_id`, `status`, `sort_order`) VALUES
(1, 1, 0),
(5, 1, 3),
(4, 1, 2),
(6, 1, 4),
(7, 1, 5),
(8, 1, 6);

-- --------------------------------------------------------

--
-- Структура таблицы `category_option_description`
--

CREATE TABLE IF NOT EXISTS `category_option_description` (
  `option_id` int(10) NOT NULL,
  `language_id` int(10) NOT NULL,
  `name` varchar(127) COLLATE utf8_bin NOT NULL,
  PRIMARY KEY (`option_id`,`language_id`)
) ENGINE=MyISAM DEFAULT CHARSET=utf8 COLLATE=utf8_bin;

--
-- Дамп данных таблицы `category_option_description`
--

INSERT INTO `category_option_description` (`option_id`, `language_id`, `name`) VALUES
(1, 1, 'Тип уборки'),
(4, 1, 'Установка на зарядное устройство'),
(5, 1, 'Программирование'),
(6, 1, 'Дистанционное управление'),
(7, 1, 'Площадь уборки на 1 заряде'),
(8, 1, 'Уровень Шума');

-- --------------------------------------------------------

--
-- Структура таблицы `category_option_to_category`
--

CREATE TABLE IF NOT EXISTS `category_option_to_category` (
  `option_id` int(11) NOT NULL,
  `category_id` int(11) NOT NULL,
  PRIMARY KEY (`category_id`,`option_id`)
) ENGINE=MyISAM DEFAULT CHARSET=utf8 COLLATE=utf8_bin;

--
-- Дамп данных таблицы `category_option_to_category`
--

INSERT INTO `category_option_to_category` (`option_id`, `category_id`) VALUES
(1, 62),
(4, 62),
(5, 62),
(6, 62),
(7, 62),
(8, 62);

-- --------------------------------------------------------

--
-- Структура таблицы `category_option_value`
--

CREATE TABLE IF NOT EXISTS `category_option_value` (
  `value_id` int(10) NOT NULL AUTO_INCREMENT,
  `option_id` int(10) DEFAULT '0',
  `sort_order` int(10) DEFAULT '0',
  PRIMARY KEY (`value_id`)
) ENGINE=MyISAM  DEFAULT CHARSET=utf8 COLLATE=utf8_bin AUTO_INCREMENT=22 ;

--
-- Дамп данных таблицы `category_option_value`
--

INSERT INTO `category_option_value` (`value_id`, `option_id`, `sort_order`) VALUES
(15, 6, 0),
(2, 1, 0),
(1, 1, 0),
(14, 6, 0),
(13, 5, 0),
(12, 5, 0),
(11, 4, 2),
(10, 4, 1),
(16, 7, 1),
(17, 7, 2),
(18, 7, 0),
(19, 8, 1),
(20, 8, 2),
(21, 8, 3);

-- --------------------------------------------------------

--
-- Структура таблицы `category_option_value_description`
--

CREATE TABLE IF NOT EXISTS `category_option_value_description` (
  `value_id` int(10) NOT NULL,
  `language_id` int(10) NOT NULL,
  `option_id` int(10) NOT NULL,
  `name` varchar(127) COLLATE utf8_bin NOT NULL,
  PRIMARY KEY (`value_id`,`language_id`)
) ENGINE=MyISAM DEFAULT CHARSET=utf8 COLLATE=utf8_bin;

--
-- Дамп данных таблицы `category_option_value_description`
--

INSERT INTO `category_option_value_description` (`value_id`, `language_id`, `option_id`, `name`) VALUES
(2, 1, 1, 'влажная'),
(1, 1, 1, 'сухая'),
(10, 1, 4, 'Автоматическая'),
(11, 1, 4, 'Неавтоматическая'),
(12, 1, 5, 'Есть'),
(13, 1, 5, 'Нет'),
(14, 1, 6, 'Есть'),
(15, 1, 6, 'Нет'),
(16, 1, 7, '40-60 кв.м.'),
(17, 1, 7, '61-90 кв.м.'),
(18, 1, 7, 'Больше 90 кв.м.'),
(19, 1, 8, '30-40 дБ'),
(20, 1, 8, '41-50 дБ'),
(21, 1, 8, '51-70 дБ');

-- --------------------------------------------------------

--
-- Структура таблицы `category_to_layout`
--

CREATE TABLE IF NOT EXISTS `category_to_layout` (
  `category_id` int(11) NOT NULL,
  `store_id` int(11) NOT NULL,
  `layout_id` int(11) NOT NULL,
  PRIMARY KEY (`category_id`,`store_id`)
) ENGINE=MyISAM DEFAULT CHARSET=utf8;

-- --------------------------------------------------------

--
-- Структура таблицы `category_to_store`
--

CREATE TABLE IF NOT EXISTS `category_to_store` (
  `category_id` int(11) NOT NULL,
  `store_id` int(11) NOT NULL,
  PRIMARY KEY (`category_id`,`store_id`)
) ENGINE=MyISAM DEFAULT CHARSET=utf8;

--
-- Дамп данных таблицы `category_to_store`
--

INSERT INTO `category_to_store` (`category_id`, `store_id`) VALUES
(59, 0),
(60, 0),
(62, 0),
(71, 0),
(74, 0),
(75, 0),
(76, 0),
(79, 0),
(80, 0),
(81, 0),
(82, 0),
(83, 0),
(84, 0),
(85, 0),
(86, 0),
(87, 0),
(88, 0),
(89, 0),
(90, 0),
(91, 0);

-- --------------------------------------------------------

--
-- Структура таблицы `comment`
--

CREATE TABLE IF NOT EXISTS `comment` (
  `comment_id` int(11) NOT NULL AUTO_INCREMENT,
  `record_id` int(11) NOT NULL,
  `customer_id` int(11) NOT NULL,
  `author` varchar(64) COLLATE utf8_bin NOT NULL DEFAULT '',
  `text` text COLLATE utf8_bin NOT NULL,
  `rating` int(1) NOT NULL,
  `status` tinyint(1) NOT NULL DEFAULT '0',
  `date_added` datetime NOT NULL DEFAULT '0000-00-00 00:00:00',
  `date_modified` datetime NOT NULL DEFAULT '0000-00-00 00:00:00',
  PRIMARY KEY (`comment_id`),
  KEY `record_id` (`record_id`)
) ENGINE=MyISAM  DEFAULT CHARSET=utf8 COLLATE=utf8_bin AUTO_INCREMENT=4 ;

-- --------------------------------------------------------

--
-- Структура таблицы `country`
--

CREATE TABLE IF NOT EXISTS `country` (
  `country_id` int(11) NOT NULL AUTO_INCREMENT,
  `name` varchar(128) NOT NULL,
  `iso_code_2` varchar(2) NOT NULL DEFAULT '',
  `iso_code_3` varchar(3) NOT NULL DEFAULT '',
  `address_format` text NOT NULL,
  `postcode_required` tinyint(1) NOT NULL,
  `status` tinyint(1) NOT NULL DEFAULT '1',
  PRIMARY KEY (`country_id`)
) ENGINE=MyISAM  DEFAULT CHARSET=utf8 AUTO_INCREMENT=240 ;

--
-- Дамп данных таблицы `country`
--

INSERT INTO `country` (`country_id`, `name`, `iso_code_2`, `iso_code_3`, `address_format`, `postcode_required`, `status`) VALUES
(1, 'Афганистан', 'AF', 'AFG', '', 0, 1),
(2, 'Албания', 'AL', 'ALB', '', 0, 1),
(3, 'Алжир', 'DZ', 'DZA', '', 0, 1),
(4, 'Восточное Самоа', 'AS', 'ASM', '', 0, 1),
(5, 'Андорра', 'AD', 'AND', '', 0, 1),
(6, 'Ангола', 'AO', 'AGO', '', 0, 1),
(7, 'Ангилья', 'AI', 'AIA', '', 0, 1),
(8, 'Антарктида', 'AQ', 'ATA', '', 0, 1),
(9, 'Антигуа и Барбуда', 'AG', 'ATG', '', 0, 1),
(10, 'Аргентина', 'AR', 'ARG', '', 0, 1),
(11, 'Армения', 'AM', 'ARM', '', 0, 1),
(12, 'Аруба', 'AW', 'ABW', '', 0, 1),
(13, 'Австралия', 'AU', 'AUS', '', 0, 1),
(14, 'Австрия', 'AT', 'AUT', '', 0, 1),
(15, 'Азербайджан', 'AZ', 'AZE', '', 0, 1),
(16, 'Багамские острова', 'BS', 'BHS', '', 0, 1),
(17, 'Бахрейн', 'BH', 'BHR', '', 0, 1),
(18, 'Бангладеш', 'BD', 'BGD', '', 0, 1),
(19, 'Барбадос', 'BB', 'BRB', '', 0, 1),
(20, 'Белоруссия (Беларусь)', 'BY', 'BLR', '', 0, 1),
(21, 'Бельгия', 'BE', 'BEL', '', 0, 1),
(22, 'Белиз', 'BZ', 'BLZ', '', 0, 1),
(23, 'Бенин', 'BJ', 'BEN', '', 0, 1),
(24, 'Бермудские острова', 'BM', 'BMU', '', 0, 1),
(25, 'Бутан', 'BT', 'BTN', '', 0, 1),
(26, 'Боливия', 'BO', 'BOL', '', 0, 1),
(27, 'Босния и Герцеговина', 'BA', 'BIH', '', 0, 1),
(28, 'Ботсвана', 'BW', 'BWA', '', 0, 1),
(29, 'Остров Буве', 'BV', 'BVT', '', 0, 1),
(30, 'Бразилия', 'BR', 'BRA', '', 0, 1),
(31, 'Британская территория в Индийском океане', 'IO', 'IOT', '', 0, 1),
(32, 'Бруней', 'BN', 'BRN', '', 0, 1),
(33, 'Болгария', 'BG', 'BGR', '', 0, 1),
(34, 'Буркина-Фасо', 'BF', 'BFA', '', 0, 1),
(35, 'Бурунди', 'BI', 'BDI', '', 0, 1),
(36, 'Камбоджа', 'KH', 'KHM', '', 0, 1),
(37, 'Камерун', 'CM', 'CMR', '', 0, 1),
(38, 'Канада', 'CA', 'CAN', '', 0, 1),
(39, 'Кабо-Верде', 'CV', 'CPV', '', 0, 1),
(40, 'Каймановы острова', 'KY', 'CYM', '', 0, 1),
(41, 'Центрально-Африканская Республика', 'CF', 'CAF', '', 0, 1),
(42, 'Чад', 'TD', 'TCD', '', 0, 1),
(43, 'Чили', 'CL', 'CHL', '', 0, 1),
(44, 'Китайская Народная Республика', 'CN', 'CHN', '', 0, 1),
(45, 'Остров Рождества', 'CX', 'CXR', '', 0, 1),
(46, 'Кокосовые острова', 'CC', 'CCK', '', 0, 1),
(47, 'Колумбия', 'CO', 'COL', '', 0, 1),
(48, 'Коморские острова', 'KM', 'COM', '', 0, 1),
(49, 'Конго', 'CG', 'COG', '', 0, 1),
(50, 'Острова Кука', 'CK', 'COK', '', 0, 1),
(51, 'Коста-Рика', 'CR', 'CRI', '', 0, 1),
(52, 'Кот д''Ивуар', 'CI', 'CIV', '', 0, 1),
(53, 'Хорватия', 'HR', 'HRV', '', 0, 1),
(54, 'Куба', 'CU', 'CUB', '', 0, 1),
(55, 'Кипр', 'CY', 'CYP', '', 0, 1),
(56, 'Чехия', 'CZ', 'CZE', '', 0, 1),
(57, 'Дания', 'DK', 'DNK', '', 0, 1),
(58, 'Джибути', 'DJ', 'DJI', '', 0, 1),
(59, 'Доминика', 'DM', 'DMA', '', 0, 1),
(60, 'Доминиканская Республика', 'DO', 'DOM', '', 0, 1),
(61, 'Восточный Тимор', 'TP', 'TMP', '', 0, 1),
(62, 'Эквадор', 'EC', 'ECU', '', 0, 1),
(63, 'Египет', 'EG', 'EGY', '', 0, 1),
(64, 'Сальвадор', 'SV', 'SLV', '', 0, 1),
(65, 'Экваториальная Гвинея', 'GQ', 'GNQ', '', 0, 1),
(66, 'Эритрея', 'ER', 'ERI', '', 0, 1),
(67, 'Эстония', 'EE', 'EST', '', 0, 1),
(68, 'Эфиопия', 'ET', 'ETH', '', 0, 1),
(69, 'Фолклендские (Мальвинские) острова', 'FK', 'FLK', '', 0, 1),
(70, 'Фарерские острова', 'FO', 'FRO', '', 0, 1),
(71, 'Фиджи', 'FJ', 'FJI', '', 0, 1),
(72, 'Финляндия', 'FI', 'FIN', '', 0, 1),
(73, 'Франция', 'FR', 'FRA', '', 0, 1),
(74, 'Франция, Метрополия', 'FX', 'FXX', '', 0, 1),
(75, 'Французская Гвиана', 'GF', 'GUF', '', 0, 1),
(76, 'Французская Полинезия', 'PF', 'PYF', '', 0, 1),
(77, 'Французские Южные территории', 'TF', 'ATF', '', 0, 1),
(78, 'Габон', 'GA', 'GAB', '', 0, 1),
(79, 'Гамбия', 'GM', 'GMB', '', 0, 1),
(80, 'Грузия', 'GE', 'GEO', '', 0, 1),
(81, 'Германия', 'DE', 'DEU', '{company}\r\n{firstname} {lastname}\r\n{address_1}\r\n{address_2}\r\n{postcode} {city}\r\n{country}', 0, 1),
(82, 'Гана', 'GH', 'GHA', '', 0, 1),
(83, 'Гибралтар', 'GI', 'GIB', '', 0, 1),
(84, 'Греция', 'GR', 'GRC', '', 0, 1),
(85, 'Гренландия', 'GL', 'GRL', '', 0, 1),
(86, 'Гренада', 'GD', 'GRD', '', 0, 1),
(87, 'Гваделупа', 'GP', 'GLP', '', 0, 1),
(88, 'Гуам', 'GU', 'GUM', '', 0, 1),
(89, 'Гватемала', 'GT', 'GTM', '', 0, 1),
(90, 'Гвинея', 'GN', 'GIN', '', 0, 1),
(91, 'Гвинея-Бисау', 'GW', 'GNB', '', 0, 1),
(92, 'Гайана', 'GY', 'GUY', '', 0, 1),
(93, 'Гаити', 'HT', 'HTI', '', 0, 1),
(94, 'Херд и Макдональд, острова', 'HM', 'HMD', '', 0, 1),
(95, 'Гондурас', 'HN', 'HND', '', 0, 1),
(96, 'Гонконг', 'HK', 'HKG', '', 0, 1),
(97, 'Венгрия', 'HU', 'HUN', '', 0, 1),
(98, 'Исландия', 'IS', 'ISL', '', 0, 1),
(99, 'Индия', 'IN', 'IND', '', 0, 1),
(100, 'Индонезия', 'ID', 'IDN', '', 0, 1),
(101, 'Иран', 'IR', 'IRN', '', 0, 1),
(102, 'Ирак', 'IQ', 'IRQ', '', 0, 1),
(103, 'Ирландия', 'IE', 'IRL', '', 0, 1),
(104, 'Израиль', 'IL', 'ISR', '', 0, 1),
(105, 'Италия', 'IT', 'ITA', '', 0, 1),
(106, 'Ямайка', 'JM', 'JAM', '', 0, 1),
(107, 'Япония', 'JP', 'JPN', '', 0, 1),
(108, 'Иордания', 'JO', 'JOR', '', 0, 1),
(109, 'Казахстан', 'KZ', 'KAZ', '', 0, 1),
(110, 'Кения', 'KE', 'KEN', '', 0, 1),
(111, 'Кирибати', 'KI', 'KIR', '', 0, 1),
(112, 'Корейская Народно-Демократическая Республика', 'KP', 'PRK', '', 0, 1),
(113, 'Республика Корея', 'KR', 'KOR', '', 0, 1),
(114, 'Кувейт', 'KW', 'KWT', '', 0, 1),
(115, 'Киргизия (Кыргызстан)', 'KG', 'KGZ', '', 0, 1),
(116, 'Лаос', 'LA', 'LAO', '', 0, 1),
(117, 'Латвия', 'LV', 'LVA', '', 0, 1),
(118, 'Ливан', 'LB', 'LBN', '', 0, 1),
(119, 'Лесото', 'LS', 'LSO', '', 0, 1),
(120, 'Либерия', 'LR', 'LBR', '', 0, 1),
(121, 'Ливия', 'LY', 'LBY', '', 0, 1),
(122, 'Лихтенштейн', 'LI', 'LIE', '', 0, 1),
(123, 'Литва', 'LT', 'LTU', '', 0, 1),
(124, 'Люксембург', 'LU', 'LUX', '', 0, 1),
(125, 'Макао', 'MO', 'MAC', '', 0, 1),
(126, 'Македония', 'MK', 'MKD', '', 0, 1),
(127, 'Мадагаскар', 'MG', 'MDG', '', 0, 1),
(128, 'Малави', 'MW', 'MWI', '', 0, 1),
(129, 'Малайзия', 'MY', 'MYS', '', 0, 1),
(130, 'Мальдивы', 'MV', 'MDV', '', 0, 1),
(131, 'Мали', 'ML', 'MLI', '', 0, 1),
(132, 'Мальта', 'MT', 'MLT', '', 0, 1),
(133, 'Маршалловы острова', 'MH', 'MHL', '', 0, 1),
(134, 'Мартиника', 'MQ', 'MTQ', '', 0, 1),
(135, 'Мавритания', 'MR', 'MRT', '', 0, 1),
(136, 'Маврикий', 'MU', 'MUS', '', 0, 1),
(137, 'Майотта', 'YT', 'MYT', '', 0, 1),
(138, 'Мексика', 'MX', 'MEX', '', 0, 1),
(139, 'Микронезия', 'FM', 'FSM', '', 0, 1),
(140, 'Молдова', 'MD', 'MDA', '', 0, 1),
(141, 'Монако', 'MC', 'MCO', '', 0, 1),
(142, 'Монголия', 'MN', 'MNG', '', 0, 1),
(143, 'Монтсеррат', 'MS', 'MSR', '', 0, 1),
(144, 'Марокко', 'MA', 'MAR', '', 0, 1),
(145, 'Мозамбик', 'MZ', 'MOZ', '', 0, 1),
(146, 'Мьянма', 'MM', 'MMR', '', 0, 1),
(147, 'Намибия', 'NA', 'NAM', '', 0, 1),
(148, 'Науру', 'NR', 'NRU', '', 0, 1),
(149, 'Непал', 'NP', 'NPL', '', 0, 1),
(150, 'Нидерланды', 'NL', 'NLD', '', 0, 1),
(151, 'Антильские (Нидерландские) острова', 'AN', 'ANT', '', 0, 1),
(152, 'Новая Каледония', 'NC', 'NCL', '', 0, 1),
(153, 'Новая Зеландия', 'NZ', 'NZL', '', 0, 1),
(154, 'Никарагуа', 'NI', 'NIC', '', 0, 1),
(155, 'Нигер', 'NE', 'NER', '', 0, 1),
(156, 'Нигерия', 'NG', 'NGA', '', 0, 1),
(157, 'Ниуэ', 'NU', 'NIU', '', 0, 1),
(158, 'Остров Норфолк', 'NF', 'NFK', '', 0, 1),
(159, 'Северные Марианские острова', 'MP', 'MNP', '', 0, 1),
(160, 'Норвегия', 'NO', 'NOR', '', 0, 1),
(161, 'Оман', 'OM', 'OMN', '', 0, 1),
(162, 'Пакистан', 'PK', 'PAK', '', 0, 1),
(163, 'Палау', 'PW', 'PLW', '', 0, 1),
(164, 'Панама', 'PA', 'PAN', '', 0, 1),
(165, 'Папуа - Новая Гвинея', 'PG', 'PNG', '', 0, 1),
(166, 'Парагвай', 'PY', 'PRY', '', 0, 1),
(167, 'Перу', 'PE', 'PER', '', 0, 1),
(168, 'Филиппины', 'PH', 'PHL', '', 0, 1),
(169, 'Острова Питкэрн', 'PN', 'PCN', '', 0, 1),
(170, 'Польша', 'PL', 'POL', '', 0, 1),
(171, 'Португалия', 'PT', 'PRT', '', 0, 1),
(172, 'Пуэрто-Рико', 'PR', 'PRI', '', 0, 1),
(173, 'Катар', 'QA', 'QAT', '', 0, 1),
(174, 'Реюньон', 'RE', 'REU', '', 0, 1),
(175, 'Румыния', 'RO', 'ROM', '', 0, 1),
(176, 'Российская Федерация', 'RU', 'RUS', '', 0, 1),
(177, 'Руанда', 'RW', 'RWA', '', 0, 1),
(178, 'Сент-Китс и Невис', 'KN', 'KNA', '', 0, 1),
(179, 'Сент-Люсия', 'LC', 'LCA', '', 0, 1),
(180, 'Сент-Винсент и Гренадины', 'VC', 'VCT', '', 0, 1),
(181, 'Западное Самоа', 'WS', 'WSM', '', 0, 1),
(182, 'Сан-Марино', 'SM', 'SMR', '', 0, 1),
(183, 'Сан-Томе и Принсипи', 'ST', 'STP', '', 0, 1),
(184, 'Саудовская Аравия', 'SA', 'SAU', '', 0, 1),
(185, 'Сенегал', 'SN', 'SEN', '', 0, 1),
(186, 'Сейшельские острова', 'SC', 'SYC', '', 0, 1),
(187, 'Сьерра-Леоне', 'SL', 'SLE', '', 0, 1),
(188, 'Сингапур', 'SG', 'SGP', '', 0, 1),
(189, 'Словакия', 'SK', 'SVK', '{firstname} {lastname}\r\n{company}\r\n{address_1}\r\n{address_2}\r\n{city} {postcode}\r\n{zone}\r\n{country}', 0, 1),
(190, 'Словения', 'SI', 'SVN', '', 0, 1),
(191, 'Соломоновы острова', 'SB', 'SLB', '', 0, 1),
(192, 'Сомали', 'SO', 'SOM', '', 0, 1),
(193, 'Южно-Африканская Республика', 'ZA', 'ZAF', '', 0, 1),
(194, 'Южная Джорджия и Южные Сандвичевы острова', 'GS', 'SGS', '', 0, 1),
(195, 'Испания', 'ES', 'ESP', '', 0, 1),
(196, 'Шри-Ланка', 'LK', 'LKA', '', 0, 1),
(197, 'Остров Святой Елены', 'SH', 'SHN', '', 0, 1),
(198, 'Сен-Пьер и Микелон', 'PM', 'SPM', '', 0, 1),
(199, 'Судан', 'SD', 'SDN', '', 0, 1),
(200, 'Суринам', 'SR', 'SUR', '', 0, 1),
(201, 'Шпицберген и Ян Майен', 'SJ', 'SJM', '', 0, 1),
(202, 'Свазиленд', 'SZ', 'SWZ', '', 0, 1),
(203, 'Швеция', 'SE', 'SWE', '', 0, 1),
(204, 'Швейцария', 'CH', 'CHE', '', 0, 1),
(205, 'Сирия', 'SY', 'SYR', '', 0, 1),
(206, 'Тайвань (провинция Китая)', 'TW', 'TWN', '', 0, 1),
(207, 'Таджикистан', 'TJ', 'TJK', '', 0, 1),
(208, 'Танзания', 'TZ', 'TZA', '', 0, 1),
(209, 'Таиланд', 'TH', 'THA', '', 0, 1),
(210, 'Того', 'TG', 'TGO', '', 0, 1),
(211, 'Токелау', 'TK', 'TKL', '', 0, 1),
(212, 'Тонга', 'TO', 'TON', '', 0, 1),
(213, 'Тринидад и Тобаго', 'TT', 'TTO', '', 0, 1),
(214, 'Тунис', 'TN', 'TUN', '', 0, 1),
(215, 'Турция', 'TR', 'TUR', '', 0, 1),
(216, 'Туркменистан', 'TM', 'TKM', '', 0, 1),
(217, 'Острова Теркс и Кайкос', 'TC', 'TCA', '', 0, 1),
(218, 'Тувалу', 'TV', 'TUV', '', 0, 1),
(219, 'Уганда', 'UG', 'UGA', '', 0, 1),
(220, 'Украина', 'UA', 'UKR', '', 0, 1),
(221, 'Объединенные Арабские Эмираты', 'AE', 'ARE', '', 0, 1),
(222, 'Великобритания', 'GB', 'GBR', '', 1, 1),
(223, 'Соединенные Штаты Америки', 'US', 'USA', '{firstname} {lastname}\r\n{company}\r\n{address_1}\r\n{address_2}\r\n{city}, {zone} {postcode}\r\n{country}', 0, 1),
(224, 'Мелкие отдаленные острова США', 'UM', 'UMI', '', 0, 1),
(225, 'Уругвай', 'UY', 'URY', '', 0, 1),
(226, 'Узбекистан', 'UZ', 'UZB', '', 0, 1),
(227, 'Вануату', 'VU', 'VUT', '', 0, 1),
(228, 'Ватикан', 'VA', 'VAT', '', 0, 1),
(229, 'Венесуэла', 'VE', 'VEN', '', 0, 1),
(230, 'Вьетнам', 'VN', 'VNM', '', 0, 1),
(231, 'Виргинские острова (Британские)', 'VG', 'VGB', '', 0, 1),
(232, 'Виргинские острова (США)', 'VI', 'VIR', '', 0, 1),
(233, 'Уоллис и Футуна', 'WF', 'WLF', '', 0, 1),
(234, 'Западная Сахара', 'EH', 'ESH', '', 0, 1),
(235, 'Йемен', 'YE', 'YEM', '', 0, 1),
(236, 'Сербия и Черногория', 'CS', 'SCG', '', 0, 1),
(237, 'Заир', 'ZR', 'ZAR', '', 0, 1),
(238, 'Замбия', 'ZM', 'ZMB', '', 0, 1),
(239, 'Зимбабве', 'ZW', 'ZWE', '', 0, 1);

-- --------------------------------------------------------

--
-- Структура таблицы `coupon`
--

CREATE TABLE IF NOT EXISTS `coupon` (
  `coupon_id` int(11) NOT NULL AUTO_INCREMENT,
  `name` varchar(128) NOT NULL,
  `code` varchar(10) NOT NULL,
  `type` char(1) NOT NULL,
  `discount` decimal(15,4) NOT NULL,
  `logged` tinyint(1) NOT NULL,
  `shipping` tinyint(1) NOT NULL,
  `total` decimal(15,4) NOT NULL,
  `date_start` date NOT NULL DEFAULT '0000-00-00',
  `date_end` date NOT NULL DEFAULT '0000-00-00',
  `uses_total` int(11) NOT NULL,
  `uses_customer` varchar(11) NOT NULL,
  `status` tinyint(1) NOT NULL,
  `date_added` datetime NOT NULL DEFAULT '0000-00-00 00:00:00',
  PRIMARY KEY (`coupon_id`)
) ENGINE=MyISAM  DEFAULT CHARSET=utf8 AUTO_INCREMENT=13 ;

--
-- Дамп данных таблицы `coupon`
--

INSERT INTO `coupon` (`coupon_id`, `name`, `code`, `type`, `discount`, `logged`, `shipping`, `total`, `date_start`, `date_end`, `uses_total`, `uses_customer`, `status`, `date_added`) VALUES
(11, 'скидка3%', 'скидка3%', 'P', 3.0000, 0, 0, 0.0000, '2012-09-01', '2100-09-01', 0, '0', 0, '2012-09-01 11:39:18'),
(9, 'Vkontakte', 'vkontakte', 'P', 5.0000, 0, 0, 0.0000, '2012-08-19', '2100-08-19', 1, '1', 0, '2012-08-19 19:03:09'),
(10, 'avito', 'avito', 'P', 4.0000, 0, 0, 0.0000, '2012-08-26', '2100-08-26', 1, '1', 0, '2012-08-26 12:25:42'),
(8, 'Робососы.ру', 'робососы', 'P', 3.0000, 0, 0, 0.0000, '2012-08-17', '2100-08-17', 1, '1', 0, '2012-08-17 20:53:31'),
(12, 'VseRoboty', 'vseroboty', 'P', 5.0000, 0, 0, 0.0000, '2012-09-01', '2100-09-01', 0, '0', 1, '2012-09-01 13:09:29');

-- --------------------------------------------------------

--
-- Структура таблицы `coupon_history`
--

CREATE TABLE IF NOT EXISTS `coupon_history` (
  `coupon_history_id` int(11) NOT NULL AUTO_INCREMENT,
  `coupon_id` int(11) NOT NULL,
  `order_id` int(11) NOT NULL,
  `customer_id` int(11) NOT NULL,
  `amount` decimal(15,4) NOT NULL,
  `date_added` datetime NOT NULL,
  PRIMARY KEY (`coupon_history_id`)
) ENGINE=MyISAM  DEFAULT CHARSET=utf8 AUTO_INCREMENT=12 ;

--
-- Дамп данных таблицы `coupon_history`
--

INSERT INTO `coupon_history` (`coupon_history_id`, `coupon_id`, `order_id`, `customer_id`, `amount`, `date_added`) VALUES
(1, 12, 19, 0, -1022.5000, '2012-09-02 23:15:14'),
(2, 12, 21, 6, -1145.0000, '2012-09-03 10:50:34'),
(3, 12, 23, 0, -1470.0000, '2012-09-16 22:30:52'),
(4, 12, 26, 0, -595.0000, '2012-10-03 17:59:44'),
(5, 12, 29, 9, -1110.0000, '2012-10-06 03:11:46'),
(6, 12, 30, 0, -1135.0000, '2012-10-18 14:30:54'),
(7, 12, 31, 0, -1690.0000, '2012-10-18 23:27:18'),
(8, 12, 34, 10, -965.0000, '2012-10-18 23:59:17'),
(9, 12, 39, 10, -2225.0000, '2012-10-21 01:47:06'),
(10, 12, 45, 0, -1135.0000, '2012-10-28 14:53:39'),
(11, 12, 50, 12, -1135.0000, '2012-11-23 22:31:50');

-- --------------------------------------------------------

--
-- Структура таблицы `coupon_product`
--

CREATE TABLE IF NOT EXISTS `coupon_product` (
  `coupon_product_id` int(11) NOT NULL AUTO_INCREMENT,
  `coupon_id` int(11) NOT NULL,
  `product_id` int(11) NOT NULL,
  PRIMARY KEY (`coupon_product_id`)
) ENGINE=MyISAM  DEFAULT CHARSET=utf8 AUTO_INCREMENT=3 ;

--
-- Дамп данных таблицы `coupon_product`
--

INSERT INTO `coupon_product` (`coupon_product_id`, `coupon_id`, `product_id`) VALUES
(1, 12, 52),
(2, 12, 92);

-- --------------------------------------------------------

--
-- Структура таблицы `currency`
--

CREATE TABLE IF NOT EXISTS `currency` (
  `currency_id` int(11) NOT NULL AUTO_INCREMENT,
  `title` varchar(32) NOT NULL DEFAULT '',
  `code` varchar(3) NOT NULL DEFAULT '',
  `symbol_left` varchar(12) NOT NULL,
  `symbol_right` varchar(12) NOT NULL,
  `decimal_place` char(1) NOT NULL,
  `value` float(15,8) NOT NULL,
  `status` tinyint(1) NOT NULL,
  `date_modified` datetime NOT NULL DEFAULT '0000-00-00 00:00:00',
  PRIMARY KEY (`currency_id`)
) ENGINE=MyISAM  DEFAULT CHARSET=utf8 AUTO_INCREMENT=4 ;

--
-- Дамп данных таблицы `currency`
--

INSERT INTO `currency` (`currency_id`, `title`, `code`, `symbol_left`, `symbol_right`, `decimal_place`, `value`, `status`, `date_modified`) VALUES
(1, 'Рубль', 'RUB', '', ' р.', '2', 1.00000000, 1, '2014-04-17 19:24:05');

-- --------------------------------------------------------

--
-- Структура таблицы `customer`
--

CREATE TABLE IF NOT EXISTS `customer` (
  `customer_id` int(11) NOT NULL AUTO_INCREMENT,
  `store_id` int(11) NOT NULL DEFAULT '0',
  `firstname` varchar(32) NOT NULL DEFAULT '',
  `lastname` varchar(32) NOT NULL DEFAULT '',
  `email` varchar(96) NOT NULL DEFAULT '',
  `telephone` varchar(32) NOT NULL DEFAULT '',
  `fax` varchar(32) NOT NULL DEFAULT '',
  `password` varchar(40) NOT NULL DEFAULT '',
  `cart` text,
  `wishlist` text,
  `newsletter` tinyint(1) NOT NULL DEFAULT '0',
  `address_id` int(11) NOT NULL DEFAULT '0',
  `customer_group_id` int(11) NOT NULL,
  `ip` varchar(15) NOT NULL DEFAULT '0',
  `status` tinyint(1) NOT NULL,
  `approved` tinyint(1) NOT NULL,
  `token` varchar(255) NOT NULL,
  `date_added` datetime NOT NULL DEFAULT '0000-00-00 00:00:00',
  PRIMARY KEY (`customer_id`)
) ENGINE=MyISAM  DEFAULT CHARSET=utf8 AUTO_INCREMENT=32 ;

--
-- Дамп данных таблицы `customer`
--

INSERT INTO `customer` (`customer_id`, `store_id`, `firstname`, `lastname`, `email`, `telephone`, `fax`, `password`, `cart`, `wishlist`, `newsletter`, `address_id`, `customer_group_id`, `ip`, `status`, `approved`, `token`, `date_added`) VALUES
(1, 0, 'Денис', 'Катаев', 'kataeff@yandex.ru', '+79160016064', '', '62026aaed5419a1ceaa229bf6886443e', 'a:2:{i:80;i:2;i:51;i:1;}', 'a:0:{}', 1, 1, 1, '93.175.13.59', 1, 1, '', '2012-07-06 19:12:53'),
(2, 0, 'Денис', 'Катаев', 'kataeff@yandex.com', '   +7916898989', '', '62026aaed5419a1ceaa229bf6886443e', 'a:1:{i:65;i:1;}', '', 1, 2, 1, '78.85.229.43', 1, 1, '', '2012-07-13 08:27:33'),
(3, 0, 'ser', 'ser', 'sergm.87@gmail.com', '   4343434', '', '96e79218965eb72c92a549dd5a330112', 'a:0:{}', '', 0, 3, 1, '188.93.30.210', 1, 1, '', '2012-07-19 22:58:18'),
(6, 0, 'Сергей Владимирович', 'Зайцев', 'edely@mail.ru', '   +79137134646', '', '8de8213ba5fc511c42ef9f9374b1ef5f', 'a:0:{}', 'a:1:{i:0;s:2:"92";}', 0, 6, 1, '89.189.185.139', 1, 1, '', '2012-09-03 10:41:07'),
(4, 0, 'Андрей', 'Духовный', 'aduhovnyj@ya.ru', '  +79175746039', '', 'bd9b23306ab802765a63870b29d1239b', 'a:0:{}', '', 1, 4, 1, '46.138.39.164', 1, 1, '', '2012-07-24 22:56:04'),
(5, 0, 'Пупкин', 'Пупкин', 'delaryc@yandex.ru', '   32343223', '', '5416d7cd6ef195a0f7622a9c56b55e84', 'a:2:{i:69;i:1;i:66;i:1;}', '', 1, 5, 1, '78.85.137.35', 1, 1, '', '2012-07-29 23:59:10'),
(7, 0, 'Serg', 'Lsl', 'lsl018@mail.ru', '   +79057624150', '', '8888b778f97122381c7d8899e648f014', 'a:1:{i:92;i:1;}', '', 0, 8, 1, '176.103.100.61', 1, 1, '', '2012-09-24 20:10:46'),
(8, 0, 'Яна Валериевна', 'Раднаева', 'www.tuyana555@mail.ru', '   89146308041', '', '37be017c8cb81939a675d91f8135cd27', 'a:0:{}', '', 0, 9, 1, '95.188.200.65', 1, 1, '', '2012-09-27 11:53:52'),
(9, 0, 'Татьяна Сергеевна', 'Васильева', 'vasileva_tatyana@inbox.ru', '   89148532346', '', 'ee8803489965ffb7f6a4cbeaa5a6b007', 'a:1:{i:74;i:1;}', '', 0, 10, 1, '188.254.47.22', 1, 1, '', '2012-10-06 03:08:14'),
(10, 0, 'АЛексей', 'Сахнов', 'alexsakhnov@gmail.com', '9879812312', '', '2bba6f7a9c4643765227f8f2f44f74f4', 'a:0:{}', '', 1, 11, 1, '93.175.13.194', 1, 1, '', '2012-10-18 23:45:55'),
(11, 0, 'Оксана Евгеньевна', 'Фролова', 'f_oe@inbox.ru', '   9049877224', '', '45a25407d271e5204b7e519023130c14', 'a:1:{i:92;i:1;}', '', 1, 12, 1, '188.16.28.240', 1, 1, '', '2012-10-20 17:24:48'),
(12, 0, 'Андрей', 'Духовный', 'and.potorochin@gmail.com', '   89175746039', '', 'bd9b23306ab802765a63870b29d1239b', 'a:0:{}', '', 1, 13, 1, '46.138.44.82', 1, 1, '', '2012-11-23 22:23:59'),
(13, 0, 'Константин Алексеевич', 'Малыхин', 'zhyravlina3@mail.ru', '   +79288256540', '', 'eb88ddb885404c7f847156dead19cc38', 'a:1:{i:100;i:1;}', '', 0, 14, 1, '195.14.114.4', 1, 1, '', '2012-11-29 02:46:30'),
(14, 0, 'александра', 'шуленина', 'shulenina862005@yandex.ru', '   89193890555', '', '9e97aba19c4de1b4ea7d69a8ecd3c30d', 'a:0:{}', '', 0, 15, 1, '94.31.135.84', 1, 1, '', '2012-12-02 18:09:28'),
(15, 0, 'Маргарита Владимировна', 'Новицкая', 'lady.sho@mail.ru', '   89025491280', '', '84920639fe2e3164d8ba62170e2cbb81', 'a:1:{i:112;i:1;}', '', 0, 16, 1, '37.49.181.146', 1, 1, '', '2012-12-13 11:12:30'),
(16, 0, 'Ольга', 'Ю', 'humanvote@mail.ru', '   8-915-209-9480', '', '5d3109c00d14475859e452493754f23b', 'a:1:{i:109;i:1;}', '', 0, 18, 1, '91.79.12.231', 1, 1, '', '2012-12-15 21:03:21'),
(17, 0, 'Каплина', 'Ольга', 'origaka@gmail.com', '   89117415962', '', 'a3533473a86918feb1af27b7bf17494f', 'a:1:{i:109;i:1;}', '', 0, 19, 1, '95.26.11.25', 1, 1, '', '2013-01-14 21:14:41'),
(18, 0, 'Николай Петрович', 'Скрыбыкин', 'nik-skrybykin@yandex.ru', '   89142724726', '', 'c12057dae76f6d0f1e878c2e44779ab6', 'a:1:{i:156;i:1;}', '', 0, 20, 1, '46.48.175.207', 1, 1, '', '2013-03-18 15:37:04'),
(19, 0, 'Тамара Викторовна', 'Курбангалеева', 'kurbangaleeva_t@mail.ru', '   89142520415', '', '9f0dadfba1fbfd5634ff3c3f5dbda743', 'a:0:{}', '', 0, 21, 1, '80.83.238.101', 1, 1, '', '2013-04-11 04:46:45'),
(20, 0, 'Николай', 'Белокопытов', 'fak.89@mail.ru', '   89032779603', '', '5c4f0f91806b8e8d6a9b2f3b2c4c83ca', 'a:1:{i:112;i:1;}', '', 0, 22, 1, '176.192.119.249', 1, 1, '', '2013-04-11 23:11:44'),
(21, 0, 'елена борисовна', 'морозова', 'selena_77@mail.ru', '89169020475   ', '', '462ac3d8044226f93683e01432d4b838', 'a:0:{}', '', 0, 23, 1, '128.72.93.147', 1, 1, '', '2013-04-15 19:33:03'),
(22, 0, 'александра николаевна', 'дупик', 'alexandra.dupik@yandex.ru', '89191002467', '', '834a3fa439e4683cba1e58debc027d72', 'a:0:{}', '', 0, 25, 1, '128.72.93.147', 1, 1, '', '2013-04-16 18:40:12'),
(23, 0, 'Александра', 'Прокопьева', 'cpo_status@mail.ru', '   +79248605484', '', '1b36ea1c9b7a1c3ad668b8bb5df7963f', 'a:0:{}', '', 0, 26, 1, '94.245.136.153', 1, 1, '', '2013-04-29 10:50:16'),
(24, 0, ' Светлана', 'Попова', 'svetlanap1212@yandex.ru', '8 910-283-30-19', '', '4324d536e5a9cf34415e2aa7506bacb7', 'a:0:{}', '', 0, 27, 1, '46.164.243.55', 1, 1, '', '2013-07-08 20:16:03'),
(25, 0, 'Анастасия', 'Максимичева', 'mas@veter-24.ru', '   89082118858', '', '2bcf2986c7b42b3b7af4043ca206a97d', 'a:0:{}', '', 0, 28, 1, '95.170.181.114', 1, 1, '', '2013-08-22 08:22:58'),
(26, 0, 'Баранова', 'Ольга', 'livian22@mail.ru', '   89129801028', '', '565b97f607c6c2da82a8c46967367d65', 'a:0:{}', '', 0, 29, 1, '212.33.248.9', 1, 1, '', '2013-08-22 12:14:18'),
(27, 0, 'Валентин', 'Бирюлин', 'kpvalentin650@gmail.com', '   89600536388', '', '6b2244ecf5881e4aa6d4235d16be7b48', 'a:0:{}', 'a:0:{}', 0, 30, 1, '188.162.37.14', 1, 1, '', '2013-10-08 20:26:22'),
(28, 0, 'Василий Иванович', 'Сугутор', 'Sugutor5@yandex.ru', '   89150000000', '', 'b59c67bf196a4758191e42f76670ceba', 'a:0:{}', '', 0, 32, 1, '79.165.29.87', 1, 1, '', '2013-11-10 14:44:43'),
(29, 0, 'Евгений', 'Вохмянин', 'evg25@mail.ru', '   8-918-317-00-18', '', '409d4ddd9841add759fc5494fe6860d7', 'a:0:{}', '', 1, 33, 1, '31.181.59.108', 1, 1, '', '2013-11-14 16:51:42'),
(30, 0, 'Юрий Леонидович', 'Караваев', 'karawaew_yura@mail.ru', '89508115110', '', 'aea235bf37686212c70246c9dbf669d3', 'a:0:{}', '', 0, 34, 1, '176.213.76.30', 1, 1, '', '2013-11-23 00:10:09'),
(31, 0, 'Александр Николаевич', 'Пручкин', 'kotapret@rambler.ru', '   8-906-048-53-03', '', '4edbdd8162fe183c86d8d5ed74851595', 'a:0:{}', '', 0, 35, 1, '188.244.38.5', 1, 1, '', '2013-12-29 12:40:24');

-- --------------------------------------------------------

--
-- Структура таблицы `customer_group`
--

CREATE TABLE IF NOT EXISTS `customer_group` (
  `customer_group_id` int(11) NOT NULL AUTO_INCREMENT,
  `approval` int(1) NOT NULL,
  `telephone_display` int(1) NOT NULL,
  `fax_display` int(1) NOT NULL,
  `address_display` int(1) NOT NULL,
  `company_display` int(1) NOT NULL,
  `company_id_display` int(1) NOT NULL,
  `company_id_required` int(1) NOT NULL,
  `tax_id_display` int(1) NOT NULL,
  `tax_id_required` int(1) NOT NULL,
  `address_2_display` int(1) NOT NULL,
  `additional_display` int(1) NOT NULL,
  `sort_order` int(3) NOT NULL,
  PRIMARY KEY (`customer_group_id`)
) ENGINE=MyISAM  DEFAULT CHARSET=utf8 AUTO_INCREMENT=2 ;

--
-- Дамп данных таблицы `customer_group`
--

INSERT INTO `customer_group` (`customer_group_id`, `approval`, `telephone_display`, `fax_display`, `address_display`, `company_display`, `company_id_display`, `company_id_required`, `tax_id_display`, `tax_id_required`, `address_2_display`, `additional_display`, `sort_order`) VALUES
(1, 0, 1, 0, 1, 0, 0, 0, 0, 0, 0, 0, 1);

-- --------------------------------------------------------

--
-- Структура таблицы `customer_group_description`
--

CREATE TABLE IF NOT EXISTS `customer_group_description` (
  `customer_group_id` int(11) NOT NULL,
  `language_id` int(11) NOT NULL,
  `name` varchar(32) NOT NULL,
  `description` text NOT NULL,
  PRIMARY KEY (`customer_group_id`,`language_id`)
) ENGINE=MyISAM DEFAULT CHARSET=utf8;

--
-- Дамп данных таблицы `customer_group_description`
--

INSERT INTO `customer_group_description` (`customer_group_id`, `language_id`, `name`, `description`) VALUES
(1, 1, 'Покупатели', 'Группа покупателей');

-- --------------------------------------------------------

--
-- Структура таблицы `customer_ip`
--

CREATE TABLE IF NOT EXISTS `customer_ip` (
  `customer_ip_id` int(11) NOT NULL AUTO_INCREMENT,
  `customer_id` int(11) NOT NULL,
  `ip` varchar(15) NOT NULL,
  `date_added` datetime NOT NULL,
  PRIMARY KEY (`customer_ip_id`),
  KEY `ip` (`ip`)
) ENGINE=MyISAM  DEFAULT CHARSET=utf8 AUTO_INCREMENT=43 ;

--
-- Дамп данных таблицы `customer_ip`
--

INSERT INTO `customer_ip` (`customer_ip_id`, `customer_id`, `ip`, `date_added`) VALUES
(1, 1, '78.85.29.145', '2012-07-06 19:12:53'),
(2, 2, '78.85.229.43', '2012-07-13 08:27:39'),
(3, 3, '188.93.30.210', '2012-07-19 22:58:18'),
(4, 1, '78.85.49.165', '2012-07-19 23:00:43'),
(5, 1, '78.85.145.245', '2012-07-24 12:10:29'),
(6, 1, '78.85.211.72', '2012-07-24 18:31:42'),
(7, 4, '46.138.39.164', '2012-07-24 22:56:04'),
(8, 1, '78.85.94.34', '2012-07-24 22:57:27'),
(9, 5, '78.85.137.35', '2012-07-29 23:59:11'),
(10, 1, '93.175.12.83', '2012-08-16 14:14:39'),
(11, 6, '89.189.185.139', '2012-09-03 10:41:07'),
(12, 7, '176.103.100.61', '2012-09-24 20:10:47'),
(13, 8, '95.188.200.65', '2012-09-27 11:53:53'),
(14, 9, '188.254.47.22', '2012-10-06 03:08:16'),
(15, 10, '93.175.13.67', '2012-10-18 23:45:55'),
(16, 11, '188.16.28.240', '2012-10-20 17:24:48'),
(17, 10, '93.175.13.150', '2012-10-21 01:46:23'),
(18, 1, '93.175.13.59', '2012-10-22 16:50:16'),
(19, 10, '93.175.13.194', '2012-10-22 18:11:20'),
(20, 12, '46.138.44.82', '2012-11-23 22:23:59'),
(21, 13, '195.14.114.4', '2012-11-29 02:46:30'),
(22, 14, '94.31.135.84', '2012-12-02 18:09:29'),
(23, 15, '37.49.181.146', '2012-12-13 11:12:30'),
(24, 16, '91.79.21.174', '2012-12-15 21:03:21'),
(25, 16, '91.79.12.231', '2012-12-17 20:48:18'),
(26, 17, '95.26.11.25', '2013-01-14 21:14:41'),
(27, 18, '188.244.189.83', '2013-03-18 15:37:04'),
(28, 18, '46.48.175.207', '2013-03-21 10:40:56'),
(29, 19, '80.83.238.101', '2013-04-11 04:46:46'),
(30, 20, '176.192.119.249', '2013-04-11 23:11:45'),
(31, 21, '128.72.93.147', '2013-04-15 19:33:04'),
(32, 22, '128.72.93.147', '2013-04-16 18:40:12'),
(33, 23, '94.245.136.153', '2013-04-29 10:50:16'),
(34, 24, '46.164.243.55', '2013-07-08 20:16:03'),
(35, 25, '95.170.181.114', '2013-08-22 08:22:58'),
(36, 26, '212.33.248.9', '2013-08-22 12:14:18'),
(37, 27, '188.162.37.14', '2013-10-08 20:26:22'),
(38, 28, '79.165.29.87', '2013-11-10 14:44:43'),
(39, 29, '31.181.193.77', '2013-11-14 16:51:42'),
(40, 29, '31.181.59.108', '2013-11-15 11:30:17'),
(41, 30, '176.213.76.30', '2013-11-23 00:10:09'),
(42, 31, '188.244.38.5', '2013-12-29 12:40:25');

-- --------------------------------------------------------

--
-- Структура таблицы `customer_ip_blacklist`
--

CREATE TABLE IF NOT EXISTS `customer_ip_blacklist` (
  `customer_ip_blacklist_id` int(11) NOT NULL AUTO_INCREMENT,
  `ip` varchar(15) NOT NULL,
  PRIMARY KEY (`customer_ip_blacklist_id`),
  KEY `ip` (`ip`)
) ENGINE=MyISAM DEFAULT CHARSET=utf8 AUTO_INCREMENT=1 ;

-- --------------------------------------------------------

--
-- Структура таблицы `customer_reward`
--

CREATE TABLE IF NOT EXISTS `customer_reward` (
  `customer_reward_id` int(11) NOT NULL AUTO_INCREMENT,
  `customer_id` int(11) NOT NULL DEFAULT '0',
  `order_id` int(11) NOT NULL DEFAULT '0',
  `description` text NOT NULL,
  `points` int(8) NOT NULL DEFAULT '0',
  `date_added` datetime NOT NULL DEFAULT '0000-00-00 00:00:00',
  PRIMARY KEY (`customer_reward_id`)
) ENGINE=MyISAM DEFAULT CHARSET=utf8 AUTO_INCREMENT=1 ;

-- --------------------------------------------------------

--
-- Структура таблицы `customer_support`
--

CREATE TABLE IF NOT EXISTS `customer_support` (
  `customer_support_id` int(11) NOT NULL AUTO_INCREMENT,
  `customer_support_topic_id` int(11) DEFAULT NULL,
  `customer_support_status` varchar(50) DEFAULT NULL,
  `store_id` int(11) DEFAULT NULL,
  `customer_id` int(11) DEFAULT NULL,
  `reference` varchar(50) DEFAULT NULL,
  `subject` tinytext,
  `enquiry` text,
  `date_added` datetime DEFAULT NULL,
  `date_updated` datetime DEFAULT NULL,
  `customer_support_1st_category_id` int(11) DEFAULT NULL,
  `customer_support_2nd_category_id` int(11) DEFAULT NULL,
  `status` tinyint(4) DEFAULT '1',
  PRIMARY KEY (`customer_support_id`)
) ENGINE=MyISAM  DEFAULT CHARSET=utf8 AUTO_INCREMENT=5 ;

--
-- Дамп данных таблицы `customer_support`
--

INSERT INTO `customer_support` (`customer_support_id`, `customer_support_topic_id`, `customer_support_status`, `store_id`, `customer_id`, `reference`, `subject`, `enquiry`, `date_added`, `date_updated`, `customer_support_1st_category_id`, `customer_support_2nd_category_id`, `status`) VALUES
(1, 1, 'Открытый', 0, 14, 'F70AC98', 'помогите определиться с выбором', 'помогите определиться с выбором, выбираю между моделями Робот-пылесос Clever&amp;Clean 112 и Робот-пылесос Agait EC-02?\r\nнасколько будет чувствоваться разница:у первого одна угловая щетка,а у agait две угловых щетки?\r\nкакой пылесос мощнее?\r\nкакой надежнее?\r\nесть ли у них нера-фильтр?\r\n\r\nили может что-то другое?около 10т.р\r\n\r\n\r\n ', '2012-12-02 18:37:31', '2012-12-02 22:36:26', 0, 0, 1),
(2, 1, 'Открытый', 0, 0, 'F70AC98', 'RE: помогите определиться с выбором', 'Здравствуйте, Александра!\r\nСпасибо за обращение. Отвечаю на Ваши вопросы. \r\n1. боковая щетка служит для сбора пыли вдоль плинтуса и одной щетки вполне достаточно.\r\n2. мощность пылесосов примерно одинковая (порядка 40 Вт), однако время работы Clever&amp;Clean от аккумулятора чуть больше: 100 минут против 90 у Agait.\r\n3. оба пылесосы надежны, но большой популярностью пользуется Clever&amp;Clean.\r\n4. HEPA фильтр есть только у Clever&amp;Clean.\r\n\r\nРекомендую Вам купить Clever&amp;Clean 112. Есть более дорогое решение от iRobot - iRobot Roomba 620 (12 900 рублей), но принципиальных различий между ним и Clever&amp;Clean нет (цена выше из-за бренда), поэтому рекомендую  Clever&amp;Clean 112.\r\n\r\nЕсли у Вас остались вопросы - спрашивайте, с удовольствием отвечу.\r\n\r\nДенис Катаев\r\n\r\nменеджер\r\n\r\nВсеРоботы.ру', '2012-12-02 19:07:13', '2012-12-02 22:36:26', 0, 0, 1),
(3, 1, 'Открытый', 0, 14, 'F70AC98', 'RE: помогите определиться с выбором', 'еще есть вопрос по моющим пылесосам,нужна ежедневная влажная уборка (т.к в семье ребенок-аллергик).\r\n Справиться irobot 230  с 3-хкомнатной квартирой? ковров нет. \r\n Соберет ли хоть какой-то мусор или он только моет?\r\n \r\nИли все таки нужен irobot 390?(но он дорогой) Может существуют аналоги irobota 390? \r\n', '2012-12-02 22:24:55', '2012-12-02 22:24:55', 0, 0, 1),
(4, 1, 'Открытый', 0, 0, 'F70AC98', 'RE: помогите определиться с выбором', 'iRobot 230 небольшой пылесос и предназначен для уборки ванной комнаты и туалета, с большой квартирой ему не справится. В вашем случае действительно нужен iRobot Scooba 385 или iRobot Scooba 390. Эти модели собирают мусор и моют полы, но за ними нужен бОльший уход чем за обычными роботами пылесосами. Более дешевых аналогов им не существует. \r\nВ Clever&amp;Clean 112 есть кстати функция протирки полов с помощью влажной микрофибры. Возможно сейчас стоит взять попробовать недорогой Clever&amp;Clean, если его функций будет недостаточно присмотреться к моющим пылесосам. \r\n\r\nДенис Катаев\r\n\r\nменеджер\r\n\r\nВсеРоботы.ру', '2012-12-02 22:36:26', '2012-12-02 22:36:26', 0, 0, 1);

-- --------------------------------------------------------

--
-- Структура таблицы `customer_support_category`
--

CREATE TABLE IF NOT EXISTS `customer_support_category` (
  `category_id` int(11) NOT NULL AUTO_INCREMENT,
  `parent_id` int(11) NOT NULL DEFAULT '0',
  `sort_order` int(3) NOT NULL DEFAULT '0',
  `date_added` datetime NOT NULL DEFAULT '0000-00-00 00:00:00',
  `date_modified` datetime NOT NULL DEFAULT '0000-00-00 00:00:00',
  `status` int(1) NOT NULL DEFAULT '1',
  PRIMARY KEY (`category_id`)
) ENGINE=MyISAM DEFAULT CHARSET=utf8 AUTO_INCREMENT=1 ;

-- --------------------------------------------------------

--
-- Структура таблицы `customer_support_category_description`
--

CREATE TABLE IF NOT EXISTS `customer_support_category_description` (
  `category_id` int(11) NOT NULL,
  `language_id` int(11) NOT NULL,
  `name` varchar(255) NOT NULL DEFAULT '',
  PRIMARY KEY (`category_id`,`language_id`),
  KEY `name` (`name`)
) ENGINE=MyISAM DEFAULT CHARSET=utf8;

-- --------------------------------------------------------

--
-- Структура таблицы `customer_support_category_to_store`
--

CREATE TABLE IF NOT EXISTS `customer_support_category_to_store` (
  `category_id` int(11) NOT NULL,
  `store_id` int(11) NOT NULL,
  PRIMARY KEY (`category_id`,`store_id`)
) ENGINE=MyISAM DEFAULT CHARSET=utf8;

-- --------------------------------------------------------

--
-- Структура таблицы `customer_transaction`
--

CREATE TABLE IF NOT EXISTS `customer_transaction` (
  `customer_transaction_id` int(11) NOT NULL AUTO_INCREMENT,
  `customer_id` int(11) NOT NULL,
  `order_id` int(11) NOT NULL,
  `description` text NOT NULL,
  `amount` decimal(15,4) NOT NULL,
  `date_added` datetime NOT NULL,
  PRIMARY KEY (`customer_transaction_id`)
) ENGINE=MyISAM DEFAULT CHARSET=utf8 AUTO_INCREMENT=1 ;

-- --------------------------------------------------------

--
-- Структура таблицы `download`
--

CREATE TABLE IF NOT EXISTS `download` (
  `download_id` int(11) NOT NULL AUTO_INCREMENT,
  `filename` varchar(128) NOT NULL DEFAULT '',
  `mask` varchar(128) NOT NULL DEFAULT '',
  `remaining` int(11) NOT NULL DEFAULT '0',
  `date_added` datetime NOT NULL DEFAULT '0000-00-00 00:00:00',
  PRIMARY KEY (`download_id`)
) ENGINE=MyISAM DEFAULT CHARSET=utf8 AUTO_INCREMENT=1 ;

-- --------------------------------------------------------

--
-- Структура таблицы `download_description`
--

CREATE TABLE IF NOT EXISTS `download_description` (
  `download_id` int(11) NOT NULL,
  `language_id` int(11) NOT NULL,
  `name` varchar(64) NOT NULL DEFAULT '',
  PRIMARY KEY (`download_id`,`language_id`)
) ENGINE=MyISAM DEFAULT CHARSET=utf8;

-- --------------------------------------------------------

--
-- Структура таблицы `extension`
--

CREATE TABLE IF NOT EXISTS `extension` (
  `extension_id` int(11) NOT NULL AUTO_INCREMENT,
  `type` varchar(32) NOT NULL,
  `code` varchar(32) NOT NULL,
  PRIMARY KEY (`extension_id`)
) ENGINE=MyISAM  DEFAULT CHARSET=utf8 AUTO_INCREMENT=479 ;

--
-- Дамп данных таблицы `extension`
--

INSERT INTO `extension` (`extension_id`, `type`, `code`) VALUES
(23, 'payment', 'cod'),
(22, 'total', 'shipping'),
(57, 'total', 'sub_total'),
(58, 'total', 'tax'),
(59, 'total', 'total'),
(410, 'module', 'banner'),
(426, 'module', 'carousel'),
(390, 'total', 'credit'),
(387, 'shipping', 'flat'),
(349, 'total', 'handling'),
(350, 'total', 'low_order_fee'),
(389, 'total', 'coupon'),
(413, 'module', 'category'),
(411, 'module', 'affiliate'),
(408, 'module', 'account'),
(393, 'total', 'reward'),
(398, 'total', 'voucher'),
(407, 'payment', 'free_checkout'),
(427, 'module', 'featured'),
(419, 'module', 'slideshow'),
(428, 'module', 'special'),
(470, 'module', 'blog'),
(434, 'module', 'ncategory'),
(435, 'module', 'google_talk'),
(447, 'module', 'filter'),
(454, 'module', 'testimonial'),
(439, 'module', 'video'),
(463, 'module', 'store'),
(441, 'module', 's_youtube'),
(442, 'shipping', 'citylink'),
(448, 'module', 'sidebarsearch'),
(449, 'feed', 'google_sitemap'),
(451, 'module', 'news'),
(453, 'module', 'page_content'),
(456, 'module', 'randprod'),
(457, 'shipping', 'free'),
(458, 'shipping', 'parcelforce_48'),
(459, 'shipping', 'item'),
(460, 'shipping', 'ups'),
(462, 'feed', 'yandex_market'),
(472, 'module', 'mb'),
(478, 'module', 'glavblog');

-- --------------------------------------------------------

--
-- Структура таблицы `geo_zone`
--

CREATE TABLE IF NOT EXISTS `geo_zone` (
  `geo_zone_id` int(11) NOT NULL AUTO_INCREMENT,
  `name` varchar(32) NOT NULL DEFAULT '',
  `description` varchar(255) NOT NULL DEFAULT '',
  `date_modified` datetime NOT NULL DEFAULT '0000-00-00 00:00:00',
  `date_added` datetime NOT NULL DEFAULT '0000-00-00 00:00:00',
  PRIMARY KEY (`geo_zone_id`)
) ENGINE=MyISAM  DEFAULT CHARSET=utf8 AUTO_INCREMENT=4 ;

--
-- Дамп данных таблицы `geo_zone`
--

INSERT INTO `geo_zone` (`geo_zone_id`, `name`, `description`, `date_modified`, `date_added`) VALUES
(3, 'НДС', 'Облагаемые НДС', '2010-02-26 22:33:24', '2009-01-06 23:26:25');

-- --------------------------------------------------------

--
-- Структура таблицы `information`
--

CREATE TABLE IF NOT EXISTS `information` (
  `information_id` int(11) NOT NULL AUTO_INCREMENT,
  `bottom` int(1) NOT NULL DEFAULT '0',
  `sort_order` int(3) NOT NULL DEFAULT '0',
  `status` tinyint(1) NOT NULL DEFAULT '1',
  PRIMARY KEY (`information_id`)
) ENGINE=MyISAM  DEFAULT CHARSET=utf8 AUTO_INCREMENT=11 ;

--
-- Дамп данных таблицы `information`
--

INSERT INTO `information` (`information_id`, `bottom`, `sort_order`, `status`) VALUES
(9, 1, 100, 1),
(10, 1, 0, 1),
(7, 1, 0, 1),
(8, 1, 1, 0);

-- --------------------------------------------------------

--
-- Структура таблицы `information_description`
--

CREATE TABLE IF NOT EXISTS `information_description` (
  `information_id` int(11) NOT NULL,
  `language_id` int(11) NOT NULL,
  `title` varchar(64) NOT NULL DEFAULT '',
  `description` text NOT NULL,
  `meta_description` varchar(255) NOT NULL,
  `meta_keyword` varchar(255) NOT NULL,
  `seo_title` varchar(255) NOT NULL,
  `seo_h1` varchar(255) NOT NULL,
  PRIMARY KEY (`information_id`,`language_id`)
) ENGINE=MyISAM DEFAULT CHARSET=utf8;

--
-- Дамп данных таблицы `information_description`
--

INSERT INTO `information_description` (`information_id`, `language_id`, `title`, `description`, `meta_description`, `meta_keyword`, `seo_title`, `seo_h1`) VALUES
(7, 1, 'Доставка', '&lt;p&gt;\r\n	Наш интернет-магазин предлагает доставку товаров по Москве и Московской области, а также по регионам РФ.&lt;/p&gt;\r\n&lt;h3 style=&quot;color: rgb(0, 0, 0); margin: 10px 0px 3px; font-size: 14px; font-family: Verdana;&quot;&gt;\r\n	&lt;span style=&quot;font-size: 12px;&quot;&gt;Внимание! Если у Вас большой заказ, Вы вправе просить у менеджера скидку или бесплатную доставку.&amp;nbsp;&lt;/span&gt;&lt;/h3&gt;\r\n&lt;p&gt;\r\n	&amp;nbsp;&lt;/p&gt;\r\n&lt;h2&gt;\r\n	Стоимость доставки по Москве&lt;/h2&gt;\r\n&lt;table class=&quot;innerTable&quot; style=&quot;color: rgb(0, 0, 0); font-size: 12px; font-family: Verdana; width: 940px; margin: 0px 0px 10px; border-collapse: collapse;&quot;&gt;\r\n	&lt;tbody&gt;\r\n		&lt;tr style=&quot;font-size: 12px;&quot;&gt;\r\n			&lt;td style=&quot;font-size: 12px; padding: 3px; border-style: solid; border-color: rgb(138, 137, 137);&quot;&gt;\r\n				&lt;span style=&quot;color:#b22222;&quot;&gt;бесплатно&lt;/span&gt;&lt;/td&gt;\r\n			&lt;td style=&quot;font-size: 12px; padding: 3px; border-style: solid; border-color: rgb(138, 137, 137);&quot;&gt;\r\n				Доставка на завтра в пределах МКАД (при заказе до 16:00). Товар не более 10 кг, цена товара от 10 000 руб. &amp;nbsp;В день доставки приходит смс с номером курьера.&lt;/td&gt;\r\n		&lt;/tr&gt;\r\n	&lt;/tbody&gt;\r\n&lt;/table&gt;\r\n&lt;h2&gt;\r\n	Стоимость доставки за МКАД&lt;/h2&gt;\r\n&lt;table class=&quot;innerTable&quot; style=&quot;color: rgb(0, 0, 0); font-size: 12px; font-family: Verdana; width: 940px; margin: 0px 0px 10px; border-collapse: collapse;&quot;&gt;\r\n	&lt;tbody&gt;\r\n		&lt;tr style=&quot;font-size: 12px;&quot;&gt;\r\n			&lt;td style=&quot;font-size: 12px; padding: 3px; border-style: solid; border-color: rgb(138, 137, 137);&quot;&gt;\r\n				&lt;span style=&quot;color:#b22222;&quot;&gt;690&amp;nbsp;руб.&lt;/span&gt;&lt;/td&gt;\r\n			&lt;td style=&quot;font-size: 12px; padding: 3px; border-style: solid; border-color: rgb(138, 137, 137);&quot;&gt;\r\n				Доставка до 10 км от МКАД.&amp;nbsp;Доставляет курьер. В день доставки приходит смс с номером курьера.&lt;/td&gt;\r\n		&lt;/tr&gt;\r\n	&lt;/tbody&gt;\r\n&lt;/table&gt;\r\n&lt;h2&gt;\r\n	&lt;span style=&quot;color: rgb(0, 0, 0); font-family: Arial, Helvetica, sans-serif; font-size: 12px;&quot;&gt;Далее 10 км оформляется доставка через транспортную компанию PonyExpress по тарифам, согласованными с менеджерами магазина.&lt;/span&gt;&lt;/h2&gt;\r\n&lt;h2&gt;\r\n	Доставка в регионы РФ&lt;/h2&gt;\r\n&lt;p&gt;\r\n	&lt;span style=&quot;font-size: 12px;&quot;&gt;Среднее время доставки составляет &lt;/span&gt;&lt;strong style=&quot;font-size: 12px;&quot;&gt;2-3&lt;/strong&gt;&lt;span style=&quot;font-size: 12px;&quot;&gt; дня&amp;nbsp;&lt;/span&gt;&lt;/p&gt;\r\n&lt;table class=&quot;innerTable&quot; style=&quot;color: rgb(0, 0, 0); font-size: 12px; font-family: Verdana; width: 940px; margin: 0px 0px 10px; border-collapse: collapse;&quot;&gt;\r\n	&lt;tbody&gt;\r\n		&lt;tr style=&quot;font-size: 12px;&quot;&gt;\r\n			&lt;th colspan=&quot;2&quot; style=&quot;font-size: 12px; padding: 3px 0px;&quot;&gt;\r\n				Доставка по России&lt;/th&gt;\r\n		&lt;/tr&gt;\r\n		&lt;tr&gt;\r\n			&lt;td style=&quot;font-size: 12px; padding: 3px; border-style: solid; border-color: rgb(138, 137, 137);&quot;&gt;\r\n				бесплатно&lt;/td&gt;\r\n			&lt;td style=&quot;font-size: 12px; padding: 3px; border-style: solid; border-color: rgb(138, 137, 137);&quot;&gt;\r\n				г. Санкт-Петербург (в пределах КАТ на второй рабочий день)&lt;/td&gt;\r\n		&lt;/tr&gt;\r\n		&lt;tr&gt;\r\n			&lt;td style=&quot;font-size: 12px; padding: 3px; border-style: solid; border-color: rgb(138, 137, 137);&quot;&gt;\r\n				от 750 руб.&lt;/td&gt;\r\n			&lt;td style=&quot;font-size: 12px; padding: 3px; border-style: solid; border-color: rgb(138, 137, 137);&quot;&gt;\r\n				г. Екатеринбург, г. Нижний Новгород, г. Ростов-на-Дону&lt;/td&gt;\r\n		&lt;/tr&gt;\r\n		&lt;tr&gt;\r\n			&lt;td style=&quot;font-size: 12px; padding: 3px; border-style: solid; border-color: rgb(138, 137, 137);&quot;&gt;\r\n				от 1200 руб.&lt;/td&gt;\r\n			&lt;td style=&quot;font-size: 12px; padding: 3px; border-style: solid; border-color: rgb(138, 137, 137);&quot;&gt;\r\n				Доставка до других городов России. Точная сумма доставки будет уточнятся в зависимости от города.&amp;nbsp;&lt;/td&gt;\r\n		&lt;/tr&gt;\r\n	&lt;/tbody&gt;\r\n&lt;/table&gt;\r\n&lt;h2&gt;\r\n	Вопросы?&lt;/h2&gt;\r\n&lt;p&gt;\r\n	Если у вас есть вопросы по поводу оформления заказа, доставки и любые другие вопросы Вы всегда можете связаться с нами по телефонам:&lt;/p&gt;\r\n&lt;p&gt;\r\n	&lt;span style=&quot;font-size: 12px;&quot;&gt;&amp;nbsp;&lt;/span&gt;&lt;strong style=&quot;font-size: 12px;&quot;&gt;+7 (499) 347-02-75;&lt;/strong&gt;&lt;/p&gt;\r\n&lt;p&gt;\r\n	&lt;span style=&quot;font-size: 12px;&quot;&gt;А также написать нам на e-mail: &lt;/span&gt;&lt;strong style=&quot;font-size: 12px;&quot;&gt;&lt;a href=&quot;mailto:info@roboti.grishinmikhail.com&quot;&gt;info@roboti.grishinmikhail.com&lt;/a&gt;.&lt;/strong&gt;&lt;/p&gt;\r\n&lt;p&gt;\r\n	&lt;strong&gt;Ждем Ваших звонков! С уважением, ВсеРоботы.ру.&lt;/strong&gt;&lt;/p&gt;\r\n', '', '', 'Бесплатная доставка роботов пылесосов по России!', 'Доставка'),
(8, 1, 'Скидки', '&lt;p&gt;\r\n	&lt;img alt=&quot;Скидка&quot; src=&quot;http://roboti.grishinmikhail.com/image/skidka.jpg&quot; style=&quot;width: 150px; height: 145px; float: left; margin: 10px; border-width: 0px; border-style: solid; &quot; /&gt;Каждый покупатель интернет магазина &lt;a href=&quot;http://roboti.grishinmikhail.com&quot;&gt;ВсеРоботы.ру&lt;/a&gt; может получить скидку в размере&amp;nbsp;&lt;span style=&quot;color: rgb(255, 0, 0); &quot;&gt;&lt;strong&gt;5%&lt;/strong&gt;&lt;/span&gt;. Для получения скидки необходимо ввести секретное слово&amp;nbsp;&lt;strong style=&quot;color: rgb(255, 0, 0); &quot;&gt;VSEROBOTY&lt;/strong&gt;&amp;nbsp;при оформлении заказа&lt;strong&gt;.&amp;nbsp;&lt;/strong&gt;Код также можно произнести менеджеру по телефонам&amp;nbsp;&lt;strong&gt;+7(499) 347-02-75&amp;nbsp;&lt;/strong&gt;&lt;/p&gt;\r\n&lt;p&gt;\r\n	Поле для ввода секретного слова можно найти на странице &lt;a href=&quot;http://roboti.grishinmikhail.com/index.php?route=checkout/cart&quot;&gt;просмотра корзины&lt;/a&gt;.&lt;/p&gt;\r\n&lt;p&gt;\r\n	На &lt;a href=&quot;http://roboti.grishinmikhail.com/index.php?route=product/special&quot; target=&quot;_blank&quot;&gt;товары по акции&lt;/a&gt; данное предложение также распространяется.&lt;/p&gt;\r\n&lt;p&gt;\r\n	Данная скидка не суммируется с другими скидками.&lt;/p&gt;\r\n&lt;p&gt;\r\n	&amp;nbsp;&lt;/p&gt;\r\n', '', 'Скидки', 'Скидки на весь товар: роботы пылесосы, роботы газонокосилки, роботы для чистки бассейнов, роботы игрушки, профессиональные роботы и комплектующие.', 'Скидки'),
(9, 1, 'Инструкции к роботам пылесосам', '&lt;table align=&quot;center&quot; border=&quot;0&quot; cellpadding=&quot;0&quot; cellspacing=&quot;0&quot; style=&quot;width: 600px; &quot;&gt;\r\n	&lt;tbody&gt;\r\n		&lt;tr&gt;\r\n			&lt;td&gt;\r\n				&lt;img alt=&quot;&quot; src=&quot;http://roboti.grishinmikhail.com/image/data/cat_vacuum_cleaner.jpg&quot; style=&quot;width: 100px; height: 75px; float: left; &quot; /&gt;&lt;/td&gt;\r\n			&lt;td&gt;\r\n				&lt;p&gt;\r\n					&lt;a href=&quot;http://robososy.ru/wp-content/uploads/manual-iclebo-arte.pdf&quot;&gt;Скачать инструкцию к роботу пылесосу iClebo Arte&lt;/a&gt;&lt;/p&gt;\r\n				&lt;p&gt;\r\n					&lt;a href=&quot;http://roboti.grishinmikhail.com/vacuum-cleaner/iclebo-arte.html&quot;&gt;Посмотреть и купить робот пылесос iClebo Arte&lt;/a&gt;&lt;/p&gt;\r\n			&lt;/td&gt;\r\n		&lt;/tr&gt;\r\n		&lt;tr&gt;\r\n			&lt;td&gt;\r\n				&lt;img alt=&quot;&quot; src=&quot;http://roboti.grishinmikhail.com/image/data/irobotroomba531.jpg&quot; style=&quot;width: 100px; height: 70px; float: left; &quot; /&gt;&lt;/td&gt;\r\n			&lt;td&gt;\r\n				&lt;p&gt;\r\n					&lt;a href=&quot;http://robososy.ru/wp-content/uploads/manual-iRobot-Roomba-531-555-564-581.pdf&quot;&gt;Скачать инструкцию к iRobot Roomba 531&lt;/a&gt;&lt;/p&gt;\r\n				&lt;p&gt;\r\n					&lt;a href=&quot;http://roboti.grishinmikhail.com/vacuum-cleaner/roomba531.html&quot;&gt;Посмотреть и купить iRobot Roomba 531&lt;/a&gt;&lt;/p&gt;\r\n			&lt;/td&gt;\r\n		&lt;/tr&gt;\r\n		&lt;tr&gt;\r\n			&lt;td&gt;\r\n				&lt;img alt=&quot;&quot; src=&quot;http://roboti.grishinmikhail.com/image/data/irobot_roomba_555 (3).jpg&quot; style=&quot;width: 100px; height: 100px; float: left; &quot; /&gt;&lt;/td&gt;\r\n			&lt;td&gt;\r\n				&lt;p&gt;\r\n					&lt;a href=&quot;http://robososy.ru/wp-content/uploads/manual-iRobot-Roomba-531-555-564-581.pdf&quot;&gt;Скачать инструкцию к iRobot Roomba 555&lt;/a&gt;&lt;/p&gt;\r\n				&lt;p&gt;\r\n					&lt;a href=&quot;http://roboti.grishinmikhail.com/vacuum-cleaner/roomba555.html&quot;&gt;Посмотреть и купить iRobot Roomba 555&lt;/a&gt;&lt;/p&gt;\r\n			&lt;/td&gt;\r\n		&lt;/tr&gt;\r\n		&lt;tr&gt;\r\n			&lt;td&gt;\r\n				&lt;img alt=&quot;&quot; src=&quot;http://roboti.grishinmikhail.com/image/data/irobot_roomba_564.jpg&quot; style=&quot;width: 100px; height: 79px; float: left; &quot; /&gt;&lt;/td&gt;\r\n			&lt;td&gt;\r\n				&lt;p&gt;\r\n					&lt;a href=&quot;http://robososy.ru/wp-content/uploads/manual-iRobot-Roomba-531-555-564-581.pdf&quot;&gt;Скачать инструкцию к iRobot Roomba 564 Pet&lt;/a&gt;&lt;/p&gt;\r\n				&lt;p&gt;\r\n					&lt;a href=&quot;http://roboti.grishinmikhail.com/vacuum-cleaner/roomba555.html&quot;&gt;Посмотреть и купить iRobot Roomba 56&lt;/a&gt;&lt;a href=&quot;http://roboti.grishinmikhail.com/vacuum-cleaner/irobot-roomba564-pet.html&quot;&gt;4&lt;/a&gt;&lt;/p&gt;\r\n			&lt;/td&gt;\r\n		&lt;/tr&gt;\r\n		&lt;tr&gt;\r\n			&lt;td&gt;\r\n				&lt;img alt=&quot;&quot; src=&quot;http://roboti.grishinmikhail.com/image/data/irobot_roomba_581 (1).jpg&quot; style=&quot;width: 100px; height: 100px; float: left; &quot; /&gt;&lt;/td&gt;\r\n			&lt;td&gt;\r\n				&lt;p&gt;\r\n					&lt;a href=&quot;http://robososy.ru/wp-content/uploads/manual-iRobot-Roomba-531-555-564-581.pdf&quot;&gt;Скачать инструкцию к iRobot Roomba&amp;nbsp;581&lt;/a&gt;&lt;/p&gt;\r\n				&lt;p&gt;\r\n					&lt;a href=&quot;http://roboti.grishinmikhail.com/vacuum-cleaner/roomba581.html&quot;&gt;Посмотреть и купить iRobot Roomba 581&lt;/a&gt;&lt;/p&gt;\r\n			&lt;/td&gt;\r\n		&lt;/tr&gt;\r\n		&lt;tr&gt;\r\n			&lt;td&gt;\r\n				&lt;img alt=&quot;&quot; src=&quot;http://roboti.grishinmikhail.com/image/data/ecovacs_deebot_d56.jpg&quot; style=&quot;width: 100px; height: 102px; float: left; &quot; /&gt;&lt;/td&gt;\r\n			&lt;td&gt;\r\n				&lt;p&gt;\r\n					&lt;a href=&quot;http://robososy.ru/wp-content/uploads/manual_DeeBotD56.pdf&quot;&gt;Скачать инструкцию к Deebot D56&lt;/a&gt;&lt;/p&gt;\r\n				&lt;p&gt;\r\n					&lt;a href=&quot;http://roboti.grishinmikhail.com/vacuum-cleaner/deebotd56.html&quot;&gt;Посмотреть и купить Deebot D56&lt;/a&gt;&lt;/p&gt;\r\n			&lt;/td&gt;\r\n		&lt;/tr&gt;\r\n		&lt;tr&gt;\r\n			&lt;td&gt;\r\n				&lt;img alt=&quot;&quot; src=&quot;http://roboti.grishinmikhail.com/image/data/ecovacs_deebot_D58.jpg&quot; style=&quot;width: 100px; height: 81px; float: left; &quot; /&gt;&lt;/td&gt;\r\n			&lt;td&gt;\r\n				&lt;p&gt;\r\n					&lt;a href=&quot;http://robososy.ru/wp-content/uploads/manual_DeeBot_D58.pdf&quot;&gt;Скачать инструкцию к Deebot D58&lt;/a&gt;&lt;/p&gt;\r\n				&lt;p&gt;\r\n					&lt;a href=&quot;http://roboti.grishinmikhail.com/vacuum-cleaner/deebotd58.html&quot;&gt;Посмотреть и купить Deebot D58&lt;/a&gt;&lt;/p&gt;\r\n			&lt;/td&gt;\r\n		&lt;/tr&gt;\r\n		&lt;tr&gt;\r\n			&lt;td&gt;\r\n				&lt;img alt=&quot;&quot; src=&quot;http://roboti.grishinmikhail.com/image/data/d73/666-500x500.jpg&quot; style=&quot;width: 100px; height: 100px; float: left; &quot; /&gt;&lt;/td&gt;\r\n			&lt;td&gt;\r\n				&lt;p&gt;\r\n					&lt;a href=&quot;http://robososy.ru/wp-content/uploads/manual-deebot-d73-d76.pdf&quot;&gt;Скачать инструкцию к Deebot D73&lt;/a&gt;&lt;/p&gt;\r\n				&lt;p&gt;\r\n					&lt;a href=&quot;http://roboti.grishinmikhail.com/vacuum-cleaner/deebot-d73.html&quot;&gt;Посмотреть и купить Deebot D73&lt;/a&gt;&lt;/p&gt;\r\n			&lt;/td&gt;\r\n		&lt;/tr&gt;\r\n		&lt;tr&gt;\r\n			&lt;td&gt;\r\n				&lt;img alt=&quot;&quot; src=&quot;http://roboti.grishinmikhail.com/image/data/d76/DeebotD76schraeg.jpg&quot; style=&quot;width: 100px; height: 85px; float: left; &quot; /&gt;&lt;/td&gt;\r\n			&lt;td&gt;\r\n				&lt;p&gt;\r\n					&lt;a href=&quot;http://robososy.ru/wp-content/uploads/manual-deebot-d73-d76.pdf&quot;&gt;Скачать инструкцию к Deebot D76&lt;/a&gt;&lt;/p&gt;\r\n				&lt;p&gt;\r\n					&lt;a href=&quot;http://roboti.grishinmikhail.com/vacuum-cleaner/deebot-d76.html&quot;&gt;Посмотреть и купить Deebot D76&lt;/a&gt;&lt;/p&gt;\r\n			&lt;/td&gt;\r\n		&lt;/tr&gt;\r\n	&lt;/tbody&gt;\r\n&lt;/table&gt;\r\n&lt;p&gt;\r\n	&amp;nbsp;&lt;/p&gt;\r\n', '', 'инструкция к роботу пылесосу', 'Скачать инструкцию к роботу пылесосу', 'Инструкции к роботам пылесосам'),
(10, 1, ' Оплата', '&lt;p align=&quot;center&quot;&gt;\r\n	&lt;img alt=&quot;&quot; src=&quot;http://roboti.grishinmikhail.com/image/data/oplata1.JPG&quot; style=&quot;width: 717px; height: 81px;&quot; /&gt;&lt;/p&gt;\r\n&lt;p&gt;\r\n	Способы оплаты на VseRoboty.ru:&lt;/p&gt;\r\n&lt;ul&gt;\r\n	&lt;li&gt;\r\n		наличные&amp;nbsp; курьеру при получении товара,&lt;/li&gt;\r\n	&lt;li&gt;\r\n		банковский перевод,&lt;/li&gt;\r\n	&lt;li&gt;\r\n		кредитные карты Visa или MasterCard,&lt;/li&gt;\r\n	&lt;li&gt;\r\n		электронные платежные системы.&lt;/li&gt;\r\n&lt;/ul&gt;\r\n&lt;h2&gt;\r\n	Оплата для физических лиц&lt;/h2&gt;\r\n&lt;h3&gt;\r\n	Оплата курьеру при получении товара (для Москвы и МО)&lt;/h3&gt;\r\n&lt;p&gt;\r\n	Оплата осуществляется курьеру&amp;nbsp; наличными денежными средствами &amp;nbsp;или&amp;nbsp; с помощью карт&amp;nbsp; Visa или MasterCard при получении товара.&lt;/p&gt;\r\n&lt;p&gt;\r\n	При оплате картами&amp;nbsp; Visa или MasterCard взимается комиссия 2.5%.&lt;/p&gt;\r\n&lt;h3&gt;\r\n	Безналичная оплата: банковский перевод, кредитные карты, электронные &amp;nbsp;платежи&lt;/h3&gt;\r\n&lt;p&gt;\r\n	При оплате по безналичному расчету вы можете воспользоваться одним из следующих способов:&lt;/p&gt;\r\n&lt;ol&gt;\r\n	&lt;li&gt;\r\n		Запросить счет &amp;nbsp;на оплату через банк. Оплату можно произвести в любом ближайшем банке, либо через интернет-банк. Счет выставит менеджер после предварительного звонка.&lt;/li&gt;\r\n	&lt;li&gt;\r\n		С помощью карт &amp;nbsp;Visa, MasterCard&amp;nbsp; или электронными деньгами. Необходимо сообщить менеджеру (указать в комментарии или когда он свяжется с Вами), что Вы хотите произвести оплату данным способом. После оформления заказа наши менеджеры отправят на почту, которую Вы указали при оформлении заказа, ссылку перейдя по которой можно оплатить товар. Оплата товара производится с помощью платежной системы Platron.ru&lt;/li&gt;\r\n&lt;/ol&gt;\r\n&lt;h4&gt;\r\n	В системе Platron&amp;nbsp; доступны следующие способы оплаты:&lt;/h4&gt;\r\n&lt;ul&gt;\r\n	&lt;li&gt;\r\n		банковские карты (QIWI,&amp;nbsp;ЕСГП,&amp;nbsp;Pinpay Express);&lt;/li&gt;\r\n	&lt;li&gt;\r\n		салоны связи&amp;nbsp;&amp;nbsp;Связной;&lt;/li&gt;\r\n	&lt;li&gt;\r\n		банкоматы&amp;nbsp;банка Петрокоммерц;&lt;/li&gt;\r\n	&lt;li&gt;\r\n		электронные деньги (Яндекс.Деньги,&amp;nbsp;RBK Money,&amp;nbsp;IntellectMoney,&amp;nbsp;CONTACT, Webmoney);&lt;/li&gt;\r\n	&lt;li&gt;\r\n		оплата с баланса мобильного телефона&amp;nbsp;МТС,&amp;nbsp;Мегафон;&lt;/li&gt;\r\n	&lt;li&gt;\r\n		оплата через интернет-банкинг&amp;nbsp;Faktura.ru,&amp;nbsp;Альфа-Клик,&amp;nbsp;Промсвязьбанк.&lt;/li&gt;\r\n&lt;/ul&gt;\r\n&lt;h2&gt;\r\n	Оплата по безналичному расчёту для юридических лиц&lt;/h2&gt;\r\n&lt;p&gt;\r\n	При оплате по безналичному расчету&amp;nbsp;юридическому лицу&amp;nbsp;выставляется счет, на основании которого производится оплата указанной в счёте суммы.&lt;br /&gt;\r\n	&lt;br /&gt;\r\n	Для выставления счёта необходимо указать в заказе или сообщить менеджеру по телефону +7 (499) 347-02-75:&lt;/p&gt;\r\n&lt;ul&gt;\r\n	&lt;li&gt;\r\n		точное наименование организации&lt;/li&gt;\r\n	&lt;li&gt;\r\n		телефон и e-mail контактного лица.&lt;/li&gt;\r\n&lt;/ul&gt;\r\n&lt;p&gt;\r\n	Срок действия счёта - 3 банковских дня с даты выставления. После оплаты рекомендуем выслать по электронной почте копию платежного поручения, либо позвонить в магазин и проинформировать об оплате счета, сообщив дату и номер оплаченного счета, а также сумму оплаты.&lt;/p&gt;\r\n&lt;p&gt;\r\n	Для получения товара представителям юридического лица с собственной печатью требуются:&lt;/p&gt;\r\n&lt;ol&gt;\r\n	&lt;li&gt;\r\n		Реквизиты юридического лица: юридический адрес, ИНН, банковские реквизиты;&lt;/li&gt;\r\n	&lt;li&gt;\r\n		Копия платежного поручения о перечислении платежа;&lt;/li&gt;\r\n	&lt;li&gt;\r\n		Доверенность, оформленная на имя сотрудника организации, получающего товар, заверенная печатью организации, либо печать организации;&lt;/li&gt;\r\n	&lt;li&gt;\r\n		Наличие паспорта гражданина России у лица, получающего товар.&lt;/li&gt;\r\n&lt;/ol&gt;\r\n&lt;p&gt;\r\n	Для получения товара предпринимателем, не имеющим собственной печати, требуются:&lt;/p&gt;\r\n&lt;ol&gt;\r\n	&lt;li&gt;\r\n		Копия платежного поручения о перечислении платежа;&lt;/li&gt;\r\n	&lt;li&gt;\r\n		Копия свидетельства о регистрации предпринимателя;&lt;/li&gt;\r\n	&lt;li&gt;\r\n		Нотариально заверенная доверенность на совершение товарно-денежных операций, выданная лицу, получающему товар (в случае получения товара не самим предпринимателем);&lt;/li&gt;\r\n	&lt;li&gt;\r\n		Наличие паспорта гражданина России у лица, получающего товар.&lt;/li&gt;\r\n&lt;/ol&gt;\r\n&lt;p&gt;\r\n	После получения товара на складе Вам будет оформлены:&lt;/p&gt;\r\n&lt;ul&gt;\r\n	&lt;li&gt;\r\n		Счёт;&lt;/li&gt;\r\n	&lt;li&gt;\r\n		Товарная накладная;&lt;/li&gt;\r\n	&lt;li&gt;\r\n		Гарантийный талон.&lt;/li&gt;\r\n&lt;/ul&gt;\r\n&lt;h2&gt;\r\n	Вопросы?&lt;/h2&gt;\r\n&lt;p&gt;\r\n	Если у вас есть вопросы по поводу оформления заказа, доставки и любые другие вопросы Вы всегда можете связаться с нами по телефонам:&lt;/p&gt;\r\n&lt;p&gt;\r\n	городской номер: &lt;strong&gt;+7 (499) 347-02-75;&lt;/strong&gt;&lt;/p&gt;\r\n&lt;p&gt;\r\n	мобильный:&amp;nbsp;&lt;strong&gt;+7 (926) 006-93-15&lt;/strong&gt;.&amp;nbsp;&lt;/p&gt;\r\n&lt;p&gt;\r\n	А также написать нам на e-mail: &lt;strong&gt;&lt;a href=&quot;mailto:info@roboti.grishinmikhail.com&quot;&gt;info@roboti.grishinmikhail.com&lt;/a&gt;.&lt;/strong&gt;&lt;/p&gt;\r\n&lt;p&gt;\r\n	&lt;strong&gt;Ждем Ваших звонков! С уважением, ВсеРоботы.ру.&lt;/strong&gt;&lt;/p&gt;\r\n', '', '', 'Условия оплаты', 'Оплата');

-- --------------------------------------------------------

--
-- Структура таблицы `information_to_layout`
--

CREATE TABLE IF NOT EXISTS `information_to_layout` (
  `information_id` int(11) NOT NULL,
  `store_id` int(11) NOT NULL,
  `layout_id` int(11) NOT NULL,
  PRIMARY KEY (`information_id`,`store_id`)
) ENGINE=MyISAM DEFAULT CHARSET=utf8;

-- --------------------------------------------------------

--
-- Структура таблицы `information_to_store`
--

CREATE TABLE IF NOT EXISTS `information_to_store` (
  `information_id` int(11) NOT NULL,
  `store_id` int(11) NOT NULL,
  PRIMARY KEY (`information_id`,`store_id`)
) ENGINE=MyISAM DEFAULT CHARSET=utf8;

--
-- Дамп данных таблицы `information_to_store`
--

INSERT INTO `information_to_store` (`information_id`, `store_id`) VALUES
(7, 0),
(8, 0),
(9, 0),
(10, 0);

-- --------------------------------------------------------

--
-- Структура таблицы `language`
--

CREATE TABLE IF NOT EXISTS `language` (
  `language_id` int(11) NOT NULL AUTO_INCREMENT,
  `name` varchar(32) NOT NULL DEFAULT '',
  `code` varchar(5) NOT NULL,
  `locale` varchar(255) NOT NULL,
  `image` varchar(64) NOT NULL,
  `directory` varchar(32) NOT NULL DEFAULT '',
  `filename` varchar(64) NOT NULL DEFAULT '',
  `sort_order` int(3) NOT NULL DEFAULT '0',
  `status` tinyint(1) NOT NULL,
  PRIMARY KEY (`language_id`),
  KEY `name` (`name`)
) ENGINE=MyISAM  DEFAULT CHARSET=utf8 AUTO_INCREMENT=3 ;

--
-- Дамп данных таблицы `language`
--

INSERT INTO `language` (`language_id`, `name`, `code`, `locale`, `image`, `directory`, `filename`, `sort_order`, `status`) VALUES
(1, 'Russian', 'ru', 'ru_RU.UTF-8,ru_RU,russian', 'ru.png', 'russian', 'russian', 1, 1);

-- --------------------------------------------------------

--
-- Структура таблицы `layout`
--

CREATE TABLE IF NOT EXISTS `layout` (
  `layout_id` int(11) NOT NULL AUTO_INCREMENT,
  `name` varchar(64) NOT NULL,
  PRIMARY KEY (`layout_id`)
) ENGINE=MyISAM  DEFAULT CHARSET=utf8 AUTO_INCREMENT=20 ;

--
-- Дамп данных таблицы `layout`
--

INSERT INTO `layout` (`layout_id`, `name`) VALUES
(1, 'Главная страница'),
(2, 'Страница товара'),
(3, 'Страница категорий'),
(4, 'По умолчанию'),
(5, 'Страница производителей'),
(6, 'Личный кабинет'),
(7, 'Офрмление заказа'),
(8, 'Связаться с нами'),
(9, 'Карта сайта'),
(10, 'Партнерская программа'),
(11, 'Информационные страницы'),
(12, 'Все новости'),
(13, 'Категории новостей'),
(14, 'Страница новости'),
(15, 'blog'),
(16, 'Record'),
(19, 'search');

-- --------------------------------------------------------

--
-- Структура таблицы `layout_route`
--

CREATE TABLE IF NOT EXISTS `layout_route` (
  `layout_route_id` int(11) NOT NULL AUTO_INCREMENT,
  `layout_id` int(11) NOT NULL,
  `store_id` int(11) NOT NULL,
  `route` varchar(255) NOT NULL,
  PRIMARY KEY (`layout_route_id`)
) ENGINE=MyISAM  DEFAULT CHARSET=utf8 AUTO_INCREMENT=41 ;

--
-- Дамп данных таблицы `layout_route`
--

INSERT INTO `layout_route` (`layout_route_id`, `layout_id`, `store_id`, `route`) VALUES
(30, 6, 0, 'account'),
(17, 10, 0, 'affiliate/'),
(29, 3, 0, 'product/category'),
(26, 1, 0, 'common/home'),
(20, 2, 0, 'product/product'),
(24, 11, 0, 'information/information'),
(22, 5, 0, 'product/manufacturer'),
(23, 7, 0, 'checkout/'),
(31, 8, 0, 'information/contact'),
(32, 12, 0, 'news/headlines'),
(33, 13, 0, 'news/ncategory'),
(34, 14, 0, 'news/article'),
(38, 15, 0, 'record/blog'),
(36, 16, 0, 'record/record'),
(40, 19, 0, 'record/search');

-- --------------------------------------------------------

--
-- Структура таблицы `length_class`
--

CREATE TABLE IF NOT EXISTS `length_class` (
  `length_class_id` int(11) NOT NULL AUTO_INCREMENT,
  `value` decimal(15,8) NOT NULL,
  PRIMARY KEY (`length_class_id`)
) ENGINE=MyISAM  DEFAULT CHARSET=utf8 AUTO_INCREMENT=3 ;

--
-- Дамп данных таблицы `length_class`
--

INSERT INTO `length_class` (`length_class_id`, `value`) VALUES
(1, 1.00000000),
(2, 10.00000000);

-- --------------------------------------------------------

--
-- Структура таблицы `length_class_description`
--

CREATE TABLE IF NOT EXISTS `length_class_description` (
  `length_class_id` int(11) NOT NULL AUTO_INCREMENT,
  `language_id` int(11) NOT NULL,
  `title` varchar(32) NOT NULL,
  `unit` varchar(4) NOT NULL,
  PRIMARY KEY (`length_class_id`,`language_id`)
) ENGINE=MyISAM  DEFAULT CHARSET=utf8 AUTO_INCREMENT=3 ;

--
-- Дамп данных таблицы `length_class_description`
--

INSERT INTO `length_class_description` (`length_class_id`, `language_id`, `title`, `unit`) VALUES
(1, 1, 'Сантиметр', 'см'),
(2, 1, 'Миллиметр', 'мм');

-- --------------------------------------------------------

--
-- Структура таблицы `manufacturer`
--

CREATE TABLE IF NOT EXISTS `manufacturer` (
  `manufacturer_id` int(11) NOT NULL AUTO_INCREMENT,
  `name` varchar(64) NOT NULL DEFAULT '',
  `image` varchar(255) DEFAULT NULL,
  `sort_order` int(3) NOT NULL,
  PRIMARY KEY (`manufacturer_id`)
) ENGINE=MyISAM  DEFAULT CHARSET=utf8 AUTO_INCREMENT=48 ;

--
-- Дамп данных таблицы `manufacturer`
--

INSERT INTO `manufacturer` (`manufacturer_id`, `name`, `image`, `sort_order`) VALUES
(13, '1 TOY', 'data/1toy_logo.jpg', 0),
(14, 'Karcher', 'data/karcher_logo.jpg', 0),
(15, 'WowWee', 'data/Logo Wowwee.jpg', 0),
(12, 'Ecovacs', 'data/ecovacs.jpg', 0),
(11, 'iRobot', 'data/iRobot_logo2.png', 0),
(16, 'Clatronic', 'data/logo-clatronic.jpg', 0),
(17, ' LG', 'data/LG_logo.jpg', 0),
(18, 'HexBug', 'data/HEXBUG-Logo.jpg', 0),
(20, 'RobZone ', '', 0),
(21, 'Neato Robotics ', '', 0),
(22, 'Yujin Robot', '', 0),
(23, 'Samsung', '', 0),
(24, 'Ё-робот', '', 0),
(25, 'Clever&amp;Clean', '', 0),
(26, 'L’Robot', '', 0),
(27, 'RoboCleaner', '', 0),
(28, 'Agait', '', 0),
(29, 'Hobby ', '', 0),
(30, 'Parrot', '', 0),
(31, 'Horizon', '', 0),
(32, 'LEGO', '', 0),
(34, 'PHISON ELECTRONICS', '', 0),
(35, 'Tomy', '', 0),
(36, 'RoboBuilder', '', 0),
(37, 'Sony', '', 0),
(38, 'Robotis', '', 0),
(39, 'Digital Function', '', 0),
(40, 'POB-Technology', '', 0),
(41, 'Neorobot', '', 0),
(42, 'Компания «Амперка»', '', 0),
(43, 'Windoro', '', 0),
(44, 'Robomow', 'data/Robomow/photoshoot[1].jpg', 0),
(45, 'Caiman', 'data/Caiman/Caiman.jpg', 0),
(46, 'Wiper', 'data/Wiper/image_4339_200_200[1].jpg', 0),
(47, 'Husqvarna', 'data/Hasqvarna/logotip(1)[1].jpg', 0);

-- --------------------------------------------------------

--
-- Структура таблицы `manufacturer_description`
--

CREATE TABLE IF NOT EXISTS `manufacturer_description` (
  `manufacturer_id` int(11) NOT NULL DEFAULT '0',
  `language_id` int(11) NOT NULL DEFAULT '0',
  `description` text NOT NULL,
  `meta_description` varchar(255) NOT NULL,
  `meta_keyword` varchar(255) NOT NULL,
  `seo_title` varchar(255) NOT NULL,
  `seo_h1` varchar(255) NOT NULL,
  PRIMARY KEY (`manufacturer_id`,`language_id`)
) ENGINE=MyISAM DEFAULT CHARSET=utf8;

--
-- Дамп данных таблицы `manufacturer_description`
--

INSERT INTO `manufacturer_description` (`manufacturer_id`, `language_id`, `description`, `meta_description`, `meta_keyword`, `seo_title`, `seo_h1`) VALUES
(16, 1, '', '', '', '', ''),
(15, 1, '', '', '', '', ''),
(18, 1, '', '', '', '', ''),
(13, 1, '', '', '', '', ''),
(14, 1, '', '', '', '', ''),
(17, 1, '', '', '', '', ''),
(12, 1, '', '', '', '', ''),
(11, 1, '', '', '', '', ''),
(11, 2, '', '', '', '', ''),
(20, 1, '&lt;br /&gt;\r\n', '', '', '', ''),
(21, 1, '&lt;br /&gt;\r\n', '', '', '', ''),
(22, 1, '', '', '', '', ''),
(23, 1, '&lt;br /&gt;\r\n', '', '', '', ''),
(24, 1, '', '', '', '', ''),
(25, 1, '&lt;br /&gt;\r\n', '', '', '', ''),
(26, 1, '', '', '', '', ''),
(27, 1, '', '', '', '', ''),
(28, 1, '&lt;br /&gt;\r\n', '', '', '', ''),
(29, 1, '', '', '', '', ''),
(30, 1, '&lt;br /&gt;\r\n', '', '', '', ''),
(31, 1, '&lt;br /&gt;\r\n', '', '', '', ''),
(32, 1, '&lt;br /&gt;\r\n', '', '', '', ''),
(34, 1, '', '', '', '', ''),
(35, 1, '&lt;br /&gt;\r\n', '', '', '', ''),
(36, 1, '&lt;br /&gt;\r\n', '', '', '', ''),
(37, 1, '&lt;br /&gt;\r\n', '', '', '', ''),
(38, 1, '', '', '', '', ''),
(39, 1, '&lt;br /&gt;\r\n', '', '', '', ''),
(40, 1, '&lt;br /&gt;\r\n', '', '', '', ''),
(41, 1, '', '', '', '', ''),
(42, 1, '', '', '', '', ''),
(43, 1, '&lt;p&gt;\r\n	&lt;span style=&quot;color: rgb(0, 0, 0); font-family: Arial, Helvetica, sans-serif;&quot;&gt;Роботы для мойки окон выпускает корейская компания&amp;nbsp;Ilshim Global Co, которая ранее занималась изготовлением материалов из высококачественной микрофибры для бытовых и промышленных нужд. Совместно с Корейским Институтом Искусственного Интеллекта, компания разработала и выпустила на рынок инновационный продукт - Windoro.&lt;/span&gt;&lt;/p&gt;\r\n', 'Windoro', 'Windoro', 'Windoro', 'Windoro'),
(44, 1, '&lt;p&gt;\r\n	Согласитесь, что ухоженный и ровно подстриженный газон способен придать помещению особый шарм и стиль. Все, что нужно для полноценного обслуживания &amp;nbsp;лужайки на вашем приусадебном участке&amp;nbsp; – это всего лишь качественная и умная техника, которой и славится израильская компания Robomow.&lt;/p&gt;\r\n&lt;p&gt;\r\n	Газонокосилки серии RC разработаны для тех людей, кто содержит небольшие участки. Если общая площадь вашей территории не превышает двух соток, то данная серия предназначена именно для вас. Широкие возможности управления газонокосилками (в том числе и с помощью сотового телефона) и отличная функциональность – это то, что выгодно отличает модели серии RC от производителя Robomow.&lt;/p&gt;\r\n', 'Роботы газонокосилки Robomow RC302', 'Роботы газонокосилки Robomow, RC302', 'Роботы газонокосилки Robomow', 'Роботы газонокосилки Robomow'),
(45, 1, '&lt;p style=&quot;margin-bottom: 0.35cm&quot;&gt;\r\n	Французская компания &lt;span lang=&quot;en-US&quot;&gt;Caiman&lt;/span&gt; – один из достойнейших производителей современной бытовой робототехники. Интеллектуальные роботы серии &lt;span lang=&quot;en-US&quot;&gt;Ambrogio&lt;/span&gt; настолько качественно подстригут ваш газон, что ручные и переносные газонокосилки перестанут для вас существовать.&lt;/p&gt;\r\n', 'Caiman', 'Caiman', 'Caiman', 'Caiman'),
(46, 1, '&lt;p style=&quot;padding: 0px; margin: 0px 0px 20px; font-size: 14px; font-family: Arial, Helvetica, sans-serif; color: rgb(0, 0, 0);&quot;&gt;\r\n	Бренд, принадлежащий итальянской группе компаний Zuccetti Centro Sistemi. С 2000 года предлагает широкий ассортимент газонокосилок- роботов. В настоящее время группа занимает 50% рынка роботизированных газонокосилок в мире.&lt;/p&gt;\r\n&lt;p style=&quot;padding: 0px; margin: 0px 0px 20px; font-size: 14px; font-family: Arial, Helvetica, sans-serif; color: rgb(0, 0, 0);&quot;&gt;\r\n	Газонокосилка– робот Wiper позаботится о Вашем приусадебном участке, она будет работать на Вас, а Вы наслаждайтесь высоким качеством жизни. Газонокосилка– робот Wiper предоставит Вам больше свободного времени для себя.&lt;/p&gt;\r\n&lt;p style=&quot;padding: 0px; margin: 0px 0px 20px; font-size: 14px; font-family: Arial, Helvetica, sans-serif; color: rgb(0, 0, 0);&quot;&gt;\r\n	Wiper– это простота, интеллект, тишина, экология и безопасность.&amp;nbsp;&lt;br /&gt;\r\n	Wiper новый, умный и удивительный.&lt;/p&gt;\r\n', 'Wiper', 'Wiper', 'Wiper', 'Wiper'),
(47, 1, '&lt;p&gt;\r\n	&lt;span style=&quot;color: rgb(0, 0, 0); font-family: Arial, Helvetica, sans-serif;&quot;&gt;Husqvarna&amp;nbsp; — шведская промышленная компания, крупнейший в мире производитель пил, газонокосилок и садового оборудования. Роботы-газонокосилки, представленные в магазине, представляются собой полностью автономные устройства предназначенные для поддержания вашего газона в ухоженном виде. Косилки пренадлежат премиум сегменту, предназначены для больших газонов и имеют соотвествующий ценник.&lt;/span&gt;&lt;/p&gt;\r\n', 'Husqvarna ', 'Husqvarna ', 'Husqvarna ', 'Husqvarna ');

-- --------------------------------------------------------

--
-- Структура таблицы `manufacturer_to_store`
--

CREATE TABLE IF NOT EXISTS `manufacturer_to_store` (
  `manufacturer_id` int(11) NOT NULL,
  `store_id` int(11) NOT NULL,
  PRIMARY KEY (`manufacturer_id`,`store_id`)
) ENGINE=MyISAM DEFAULT CHARSET=utf8;

--
-- Дамп данных таблицы `manufacturer_to_store`
--

INSERT INTO `manufacturer_to_store` (`manufacturer_id`, `store_id`) VALUES
(11, 0),
(12, 0),
(13, 0),
(14, 0),
(15, 0),
(16, 0),
(17, 0),
(18, 0),
(20, 0),
(21, 0),
(22, 0),
(23, 0),
(24, 0),
(25, 0),
(26, 0),
(27, 0),
(28, 0),
(29, 0),
(30, 0),
(31, 0),
(32, 0),
(34, 0),
(35, 0),
(36, 0),
(37, 0),
(38, 0),
(39, 0),
(40, 0),
(41, 0),
(42, 0),
(43, 0),
(44, 0),
(45, 0),
(46, 0),
(47, 0);

-- --------------------------------------------------------

--
-- Структура таблицы `ncategory`
--

CREATE TABLE IF NOT EXISTS `ncategory` (
  `ncategory_id` int(11) NOT NULL AUTO_INCREMENT,
  `image` varchar(255) DEFAULT NULL,
  `parent_id` int(11) NOT NULL DEFAULT '0',
  `top` tinyint(1) NOT NULL,
  `column` int(3) NOT NULL,
  `sort_order` int(3) NOT NULL DEFAULT '0',
  `status` tinyint(1) NOT NULL,
  `date_added` datetime NOT NULL DEFAULT '0000-00-00 00:00:00',
  `date_modified` datetime NOT NULL DEFAULT '0000-00-00 00:00:00',
  PRIMARY KEY (`ncategory_id`)
) ENGINE=MyISAM  DEFAULT CHARSET=utf8 AUTO_INCREMENT=59 ;

-- --------------------------------------------------------

--
-- Структура таблицы `ncategory_description`
--

CREATE TABLE IF NOT EXISTS `ncategory_description` (
  `ncategory_id` int(11) NOT NULL,
  `language_id` int(11) NOT NULL,
  `name` varchar(255) NOT NULL DEFAULT '',
  `description` text NOT NULL,
  `meta_description` varchar(255) NOT NULL,
  `meta_keyword` varchar(255) NOT NULL,
  `seo_title` varchar(255) NOT NULL,
  `seo_h1` varchar(255) NOT NULL,
  PRIMARY KEY (`ncategory_id`,`language_id`),
  KEY `name` (`name`)
) ENGINE=MyISAM DEFAULT CHARSET=utf8;

-- --------------------------------------------------------

--
-- Структура таблицы `ncategory_to_layout`
--

CREATE TABLE IF NOT EXISTS `ncategory_to_layout` (
  `ncategory_id` int(11) NOT NULL,
  `store_id` int(11) NOT NULL,
  `layout_id` int(11) NOT NULL,
  PRIMARY KEY (`ncategory_id`,`store_id`)
) ENGINE=MyISAM DEFAULT CHARSET=utf8;

-- --------------------------------------------------------

--
-- Структура таблицы `ncategory_to_store`
--

CREATE TABLE IF NOT EXISTS `ncategory_to_store` (
  `ncategory_id` int(11) NOT NULL,
  `store_id` int(11) NOT NULL,
  PRIMARY KEY (`ncategory_id`,`store_id`)
) ENGINE=MyISAM DEFAULT CHARSET=utf8;

-- --------------------------------------------------------

--
-- Структура таблицы `ncomments`
--

CREATE TABLE IF NOT EXISTS `ncomments` (
  `ncomment_id` int(11) NOT NULL AUTO_INCREMENT,
  `news_id` int(11) NOT NULL,
  `author` varchar(64) NOT NULL DEFAULT '',
  `text` text NOT NULL,
  `status` tinyint(1) NOT NULL DEFAULT '0',
  `date_added` datetime NOT NULL DEFAULT '0000-00-00 00:00:00',
  `date_modified` datetime NOT NULL DEFAULT '0000-00-00 00:00:00',
  PRIMARY KEY (`ncomment_id`),
  KEY `news_id` (`news_id`)
) ENGINE=MyISAM  DEFAULT CHARSET=utf8 AUTO_INCREMENT=37 ;

-- --------------------------------------------------------

--
-- Структура таблицы `news`
--

CREATE TABLE IF NOT EXISTS `news` (
  `news_id` int(11) NOT NULL AUTO_INCREMENT,
  `status` int(1) NOT NULL DEFAULT '0',
  `image` varchar(255) NOT NULL DEFAULT '0',
  `acom` int(1) NOT NULL DEFAULT '0',
  `date_added` datetime DEFAULT NULL,
  `sort_order` int(11) DEFAULT NULL,
  PRIMARY KEY (`news_id`)
) ENGINE=MyISAM  DEFAULT CHARSET=utf8 AUTO_INCREMENT=14 ;

--
-- Дамп данных таблицы `news`
--

INSERT INTO `news` (`news_id`, `status`, `image`, `acom`, `date_added`, `sort_order`) VALUES
(8, 1, '', 1, '2012-07-05 22:06:16', 1),
(9, 0, '', 0, '2012-07-24 19:55:10', NULL),
(10, 0, '', 0, '2012-07-24 19:55:16', NULL),
(11, 1, '', 0, '2012-07-24 19:55:36', NULL),
(12, 1, '', 0, '2012-07-24 19:55:51', NULL),
(13, 1, 'data/1-500x500.jpg', 0, '2012-09-08 11:32:43', NULL);

-- --------------------------------------------------------

--
-- Структура таблицы `news_description`
--

CREATE TABLE IF NOT EXISTS `news_description` (
  `news_id` int(11) NOT NULL DEFAULT '0',
  `language_id` int(11) NOT NULL DEFAULT '0',
  `title` varchar(64) NOT NULL DEFAULT '',
  `description` text NOT NULL,
  `meta_desc` varchar(255) NOT NULL,
  `meta_key` varchar(255) NOT NULL,
  `seo_title` varchar(255) NOT NULL,
  `seo_h1` varchar(255) NOT NULL,
  PRIMARY KEY (`news_id`,`language_id`)
) ENGINE=MyISAM DEFAULT CHARSET=utf8;

-- --------------------------------------------------------

--
-- Структура таблицы `news_related`
--

CREATE TABLE IF NOT EXISTS `news_related` (
  `news_id` int(11) NOT NULL,
  `product_id` int(11) NOT NULL,
  PRIMARY KEY (`news_id`,`product_id`)
) ENGINE=MyISAM DEFAULT CHARSET=utf8;

-- --------------------------------------------------------

--
-- Структура таблицы `news_to_layout`
--

CREATE TABLE IF NOT EXISTS `news_to_layout` (
  `news_id` int(11) NOT NULL,
  `store_id` int(11) NOT NULL,
  `layout_id` int(11) NOT NULL,
  PRIMARY KEY (`news_id`,`store_id`)
) ENGINE=MyISAM DEFAULT CHARSET=utf8;

--
-- Дамп данных таблицы `news_to_layout`
--

INSERT INTO `news_to_layout` (`news_id`, `store_id`, `layout_id`) VALUES
(8, 0, 12);

-- --------------------------------------------------------

--
-- Структура таблицы `news_to_ncategory`
--

CREATE TABLE IF NOT EXISTS `news_to_ncategory` (
  `news_id` int(11) NOT NULL,
  `ncategory_id` int(11) NOT NULL,
  PRIMARY KEY (`news_id`,`ncategory_id`)
) ENGINE=MyISAM DEFAULT CHARSET=utf8;

-- --------------------------------------------------------

--
-- Структура таблицы `news_to_store`
--

CREATE TABLE IF NOT EXISTS `news_to_store` (
  `news_id` int(11) NOT NULL,
  `store_id` int(11) NOT NULL DEFAULT '0',
  PRIMARY KEY (`news_id`,`store_id`)
) ENGINE=MyISAM DEFAULT CHARSET=utf8;

--
-- Дамп данных таблицы `news_to_store`
--

INSERT INTO `news_to_store` (`news_id`, `store_id`) VALUES
(8, 0);

-- --------------------------------------------------------

--
-- Структура таблицы `option`
--

CREATE TABLE IF NOT EXISTS `option` (
  `option_id` int(11) NOT NULL AUTO_INCREMENT,
  `type` varchar(32) NOT NULL,
  `sort_order` int(3) NOT NULL,
  PRIMARY KEY (`option_id`)
) ENGINE=MyISAM  DEFAULT CHARSET=utf8 AUTO_INCREMENT=13 ;

--
-- Дамп данных таблицы `option`
--

INSERT INTO `option` (`option_id`, `type`, `sort_order`) VALUES
(1, 'radio', 2),
(2, 'checkbox', 3),
(4, 'text', 4),
(5, 'select', 1),
(6, 'textarea', 5),
(7, 'file', 6),
(8, 'date', 7),
(9, 'time', 8),
(10, 'datetime', 9),
(11, 'select', 1),
(12, 'date', 1);

-- --------------------------------------------------------

--
-- Структура таблицы `option_description`
--

CREATE TABLE IF NOT EXISTS `option_description` (
  `option_id` int(11) NOT NULL,
  `language_id` int(11) NOT NULL,
  `name` varchar(128) NOT NULL,
  PRIMARY KEY (`option_id`,`language_id`)
) ENGINE=MyISAM DEFAULT CHARSET=utf8;

--
-- Дамп данных таблицы `option_description`
--

INSERT INTO `option_description` (`option_id`, `language_id`, `name`) VALUES
(1, 1, 'Radio'),
(2, 1, 'Checkbox'),
(4, 1, 'Text'),
(6, 1, 'Textarea'),
(8, 1, 'Date'),
(7, 1, 'File'),
(5, 1, 'Select'),
(9, 1, 'Time'),
(10, 1, 'Date &amp; Time'),
(12, 1, 'Delivery Date'),
(11, 1, 'Size');

-- --------------------------------------------------------

--
-- Структура таблицы `option_value`
--

CREATE TABLE IF NOT EXISTS `option_value` (
  `option_value_id` int(11) NOT NULL AUTO_INCREMENT,
  `option_id` int(11) NOT NULL,
  `image` varchar(255) NOT NULL,
  `sort_order` int(3) NOT NULL,
  PRIMARY KEY (`option_value_id`)
) ENGINE=MyISAM  DEFAULT CHARSET=utf8 AUTO_INCREMENT=49 ;

--
-- Дамп данных таблицы `option_value`
--

INSERT INTO `option_value` (`option_value_id`, `option_id`, `image`, `sort_order`) VALUES
(43, 1, '', 3),
(32, 1, '', 1),
(45, 2, '', 4),
(44, 2, '', 3),
(42, 5, '', 4),
(41, 5, '', 3),
(39, 5, '', 1),
(40, 5, '', 2),
(31, 1, '', 2),
(23, 2, '', 1),
(24, 2, '', 2),
(46, 11, '', 1),
(47, 11, '', 2),
(48, 11, '', 3);

-- --------------------------------------------------------

--
-- Структура таблицы `option_value_description`
--

CREATE TABLE IF NOT EXISTS `option_value_description` (
  `option_value_id` int(11) NOT NULL,
  `language_id` int(11) NOT NULL,
  `option_id` int(11) NOT NULL,
  `name` varchar(128) NOT NULL,
  PRIMARY KEY (`option_value_id`,`language_id`)
) ENGINE=MyISAM DEFAULT CHARSET=utf8;

--
-- Дамп данных таблицы `option_value_description`
--

INSERT INTO `option_value_description` (`option_value_id`, `language_id`, `option_id`, `name`) VALUES
(43, 1, 1, 'Large'),
(32, 1, 1, 'Small'),
(45, 1, 2, 'Checkbox 4'),
(44, 1, 2, 'Checkbox 3'),
(31, 1, 1, 'Medium'),
(42, 1, 5, 'Yellow'),
(41, 1, 5, 'Green'),
(39, 1, 5, 'Red'),
(40, 1, 5, 'Blue'),
(23, 1, 2, 'Checkbox 1'),
(24, 1, 2, 'Checkbox 2'),
(48, 1, 11, 'Large'),
(47, 1, 11, 'Medium'),
(46, 1, 11, 'Small');

-- --------------------------------------------------------

--
-- Структура таблицы `order`
--

CREATE TABLE IF NOT EXISTS `order` (
  `order_id` int(11) NOT NULL AUTO_INCREMENT,
  `invoice_no` int(11) NOT NULL DEFAULT '0',
  `invoice_prefix` varchar(26) NOT NULL,
  `store_id` int(11) NOT NULL DEFAULT '0',
  `store_name` varchar(64) NOT NULL,
  `store_url` varchar(255) NOT NULL,
  `customer_id` int(11) NOT NULL DEFAULT '0',
  `customer_group_id` int(11) NOT NULL DEFAULT '0',
  `firstname` varchar(32) NOT NULL DEFAULT '',
  `lastname` varchar(32) NOT NULL,
  `email` varchar(96) NOT NULL,
  `telephone` varchar(32) NOT NULL DEFAULT '',
  `fax` varchar(32) NOT NULL DEFAULT '',
  `payment_firstname` varchar(32) NOT NULL DEFAULT '',
  `payment_lastname` varchar(32) NOT NULL DEFAULT '',
  `payment_company` varchar(32) NOT NULL,
  `payment_company_id` varchar(32) NOT NULL,
  `payment_tax_id` varchar(32) NOT NULL,
  `payment_address_1` varchar(128) NOT NULL,
  `payment_address_2` varchar(128) NOT NULL,
  `payment_city` varchar(128) NOT NULL,
  `payment_postcode` varchar(10) NOT NULL DEFAULT '',
  `payment_country` varchar(128) NOT NULL,
  `payment_country_id` int(11) NOT NULL,
  `payment_zone` varchar(128) NOT NULL,
  `payment_zone_id` int(11) NOT NULL,
  `payment_address_format` text NOT NULL,
  `payment_method` varchar(128) NOT NULL DEFAULT '',
  `payment_code` varchar(128) NOT NULL,
  `shipping_firstname` varchar(32) NOT NULL,
  `shipping_lastname` varchar(32) NOT NULL DEFAULT '',
  `shipping_company` varchar(32) NOT NULL,
  `shipping_address_1` varchar(128) NOT NULL,
  `shipping_address_2` varchar(128) NOT NULL,
  `shipping_city` varchar(128) NOT NULL,
  `shipping_postcode` varchar(10) NOT NULL DEFAULT '',
  `shipping_country` varchar(128) NOT NULL,
  `shipping_country_id` int(11) NOT NULL,
  `shipping_zone` varchar(128) NOT NULL,
  `shipping_zone_id` int(11) NOT NULL,
  `shipping_address_format` text NOT NULL,
  `shipping_method` varchar(128) NOT NULL DEFAULT '',
  `shipping_code` varchar(128) NOT NULL,
  `comment` text NOT NULL,
  `total` decimal(15,4) NOT NULL DEFAULT '0.0000',
  `order_status_id` int(11) NOT NULL DEFAULT '0',
  `affiliate_id` int(11) NOT NULL,
  `commission` decimal(15,4) NOT NULL,
  `language_id` int(11) NOT NULL,
  `currency_id` int(11) NOT NULL,
  `currency_code` varchar(3) NOT NULL,
  `currency_value` decimal(15,8) NOT NULL DEFAULT '1.00000000',
  `ip` varchar(15) NOT NULL,
  `forwarded_ip` varchar(15) NOT NULL,
  `user_agent` varchar(255) NOT NULL,
  `accept_language` varchar(255) NOT NULL,
  `date_added` datetime NOT NULL,
  `date_modified` datetime NOT NULL,
  PRIMARY KEY (`order_id`)
) ENGINE=MyISAM  DEFAULT CHARSET=utf8 AUTO_INCREMENT=96 ;

--
-- Дамп данных таблицы `order`
--

INSERT INTO `order` (`order_id`, `invoice_no`, `invoice_prefix`, `store_id`, `store_name`, `store_url`, `customer_id`, `customer_group_id`, `firstname`, `lastname`, `email`, `telephone`, `fax`, `payment_firstname`, `payment_lastname`, `payment_company`, `payment_company_id`, `payment_tax_id`, `payment_address_1`, `payment_address_2`, `payment_city`, `payment_postcode`, `payment_country`, `payment_country_id`, `payment_zone`, `payment_zone_id`, `payment_address_format`, `payment_method`, `payment_code`, `shipping_firstname`, `shipping_lastname`, `shipping_company`, `shipping_address_1`, `shipping_address_2`, `shipping_city`, `shipping_postcode`, `shipping_country`, `shipping_country_id`, `shipping_zone`, `shipping_zone_id`, `shipping_address_format`, `shipping_method`, `shipping_code`, `comment`, `total`, `order_status_id`, `affiliate_id`, `commission`, `language_id`, `currency_id`, `currency_code`, `currency_value`, `ip`, `forwarded_ip`, `user_agent`, `accept_language`, `date_added`, `date_modified`) VALUES
(1, 0, 'INV-2012-00', 0, 'Интернет магазин', 'http://roboti.grishinmikhail.com/', 1, 1, 'Денис', 'Катаев', 'kataeff@yandex.ru', '+79160016064', '', 'Денис', 'Катаев', '', '', '', '  Москва', '', '   Москва', '   ', 'Российская Федерация', 176, 'Москва', 2761, '', 'Оплата при доставке', 'cod', 'Денис', 'Катаев', '', '  Москва', '', '   Москва', '   ', 'Российская Федерация', 176, 'Москва', 2761, '', 'Фиксированная стоимость доставки', 'flat.flat', '', 5005.0000, 5, 0, 0.0000, 1, 1, 'RUB', 32.32699966, '78.85.29.145', '78.85.29.145', 'Mozilla/5.0 (Windows NT 5.1) AppleWebKit/536.11 (KHTML, like Gecko) Chrome/20.0.1132.47 Safari/536.11', 'ru-RU,ru;q=0.8,en-US;q=0.6,en;q=0.4', '2012-07-06 19:13:55', '2012-07-06 20:37:52'),
(2, 0, 'INV-2012-00', 0, 'ВсеРоботы.ру', 'http://roboti.grishinmikhail.com/', 1, 1, 'Денис', 'Катаев', 'kataeff@yandex.ru', '+79160016064', '', 'Денис', 'Катаев', '', '', '', '  Москва', '', '   Москва', '   ', 'Российская Федерация', 176, 'Москва', 2761, '', 'Оплата при доставке', 'cod', 'Денис', 'Катаев', '', '  Москва', '', '   Москва', '   ', 'Российская Федерация', 176, 'Москва', 2761, '', 'Фиксированная стоимость доставки', 'flat.flat', '', 15005.0000, 1, 0, 0.0000, 1, 1, 'RUB', 1.00000000, '78.85.29.145', '78.85.29.145', 'Mozilla/5.0 (Windows NT 5.1) AppleWebKit/536.11 (KHTML, like Gecko) Chrome/20.0.1132.47 Safari/536.11', 'ru-RU,ru;q=0.8,en-US;q=0.6,en;q=0.4', '2012-07-06 22:33:12', '2012-07-06 22:33:13'),
(3, 0, 'INV-2012-00', 0, 'ВсеРоботы.ру', 'http://roboti.grishinmikhail.com/', 1, 1, 'Денис', 'Катаев', 'kataeff@yandex.ru', '+79160016064', '', 'Денис', 'Катаев', '', '', '', '  Москва', '', '   Москва', '   ', 'Российская Федерация', 176, 'Москва', 2761, '', 'Оплата при доставке', 'cod', 'Денис', 'Катаев', '', '  Москва', '', '   Москва', '   ', 'Российская Федерация', 176, 'Москва', 2761, '', 'Фиксированная стоимость доставки', 'flat.flat', '', 5.0000, 1, 0, 0.0000, 1, 1, 'RUB', 1.00000000, '78.85.29.145', '78.85.29.145', 'Mozilla/5.0 (Windows NT 5.1) AppleWebKit/536.11 (KHTML, like Gecko) Chrome/20.0.1132.47 Safari/536.11', 'ru-RU,ru;q=0.8,en-US;q=0.6,en;q=0.4', '2012-07-06 23:26:19', '2012-07-06 23:26:20'),
(4, 0, 'INV-2012-00', 0, 'ВсеРоботы.ру', 'http://roboti.grishinmikhail.com/', 0, 1, 'Денис', 'Катаев', 'kataeff@yandex.ru', '   +7916898989', '', 'Денис', 'Катаев', '', '', '', '   Москва, ул. Гргро д.1, кв.1', '', '   ', '   ', 'Российская Федерация', 176, 'Москва', 2761, '', 'Оплата при доставке', 'cod', 'Денис', 'Катаев', '', '   Москва, ул. Гргро д.1, кв.1', '', '   ', '   ', 'Российская Федерация', 176, 'Москва', 2761, '', 'Фиксированная стоимость доставки', 'flat.flat', '', 21405.0000, 3, 0, 0.0000, 1, 1, 'RUB', 1.00000000, '78.85.67.184', '78.85.67.184', 'Mozilla/5.0 (Windows NT 6.1; WOW64) AppleWebKit/536.11 (KHTML, like Gecko) Chrome/20.0.1132.57 Safari/536.11', 'ru-RU,ru;q=0.8,en-US;q=0.6,en;q=0.4', '2012-07-19 12:04:41', '2012-07-19 12:06:00'),
(5, 0, 'INV-2012-00', 0, 'ВсеРоботы.ру', 'http://roboti.grishinmikhail.com/', 1, 1, 'Денис', 'Катаев', 'kataeff@yandex.ru', '+79160016064', '', 'Денис', 'Катаев', '', '', '', '  Москва', '', '   Москва', '   ', 'Российская Федерация', 176, 'Москва', 2761, '', 'Оплата при доставке', 'cod', 'Денис', 'Катаев', '', '  Москва', '', '   Москва', '   ', 'Российская Федерация', 176, 'Москва', 2761, '', 'Фиксированная стоимость доставки', 'flat.flat', '', 23905.0000, 1, 0, 0.0000, 1, 1, 'RUB', 1.00000000, '78.85.211.72', '78.85.211.72', 'Mozilla/5.0 (Windows NT 6.1; WOW64) AppleWebKit/536.11 (KHTML, like Gecko) Chrome/20.0.1132.57 Safari/536.11', 'ru-RU,ru;q=0.8,en-US;q=0.6,en;q=0.4', '2012-07-24 18:34:16', '2012-07-24 18:34:19'),
(6, 0, 'INV-2012-00', 0, 'ВсеРоботы.ру', 'http://roboti.grishinmikhail.com/', 1, 1, 'Денис', 'Катаев', 'kataeff@yandex.ru', '+79160016064', '', 'Денис', 'Катаев', '', '', '', '  Москва', '', '   Москва', '   ', 'Российская Федерация', 176, 'Москва', 2761, '', 'Оплата при доставке', 'cod', 'Денис', 'Катаев', '', '  Москва', '', '   Москва', '   ', 'Российская Федерация', 176, 'Москва', 2761, '', 'Фиксированная стоимость доставки', 'flat.flat', '', 26805.0000, 1, 0, 0.0000, 1, 1, 'RUB', 1.00000000, '78.85.211.72', '78.85.211.72', 'Mozilla/5.0 (Windows NT 6.1; WOW64) AppleWebKit/536.11 (KHTML, like Gecko) Chrome/20.0.1132.57 Safari/536.11', 'ru-RU,ru;q=0.8,en-US;q=0.6,en;q=0.4', '2012-07-24 18:57:49', '2012-07-24 18:57:50'),
(7, 0, 'INV-2012-00', 0, 'ВсеРоботы.ру', 'http://roboti.grishinmikhail.com/', 0, 1, 'Денис', 'Катаеы', 'kataeff@yandex.ru', '   343432423423', '', 'Денис', 'Катаеы', '', '', '', '   edsfdggrtgtrgtr', '', '   ', '   ', 'Российская Федерация', 176, 'Москва', 2761, '', 'Оплата при доставке', 'cod', 'Денис', 'Катаеы', '', '   edsfdggrtgtrgtr', '', '   ', '   ', 'Российская Федерация', 176, 'Москва', 2761, '', 'Фиксированная стоимость доставки', 'flat.flat', '', 19905.0000, 0, 0, 0.0000, 1, 1, 'RUB', 1.00000000, '78.85.211.72', '78.85.211.72', 'Mozilla/5.0 (Windows NT 6.1; WOW64) AppleWebKit/536.11 (KHTML, like Gecko) Chrome/20.0.1132.57 Safari/536.11', 'ru-RU,ru;q=0.8,en-US;q=0.6,en;q=0.4', '2012-07-24 19:31:40', '2012-07-24 19:31:40'),
(8, 0, 'INV-2012-00', 0, 'ВсеРоботы.ру', 'http://roboti.grishinmikhail.com/', 0, 1, 'Денис', 'Катаеы', 'kataeff@yandex.ru', '   343432423423', '', 'Денис', 'Катаеы', '', '', '', '   edsfdggrtgtrgtr', '', '   ', '   ', 'Российская Федерация', 176, 'Москва', 2761, '', 'Оплата при доставке', 'cod', 'Денис', 'Катаеы', '', '   edsfdggrtgtrgtr', '', '   ', '   ', 'Российская Федерация', 176, 'Москва', 2761, '', 'Фиксированная стоимость доставки', 'flat.flat', '', 19905.0000, 1, 0, 0.0000, 1, 1, 'RUB', 1.00000000, '78.85.211.72', '78.85.211.72', 'Mozilla/5.0 (Windows NT 6.1; WOW64) AppleWebKit/536.11 (KHTML, like Gecko) Chrome/20.0.1132.57 Safari/536.11', 'ru-RU,ru;q=0.8,en-US;q=0.6,en;q=0.4', '2012-07-24 19:32:53', '2012-07-24 19:32:56'),
(9, 1, 'INV-2012-00', 0, 'ВсеРоботы.ру', 'http://roboti.grishinmikhail.com/', 4, 1, 'Андрей', 'Духовный', 'aduhovnyj@ya.ru', '  +79175746039', '', 'Андрей', 'Духовный', '', '', '', 'Петра Романова 2', '', '   Москва', '', 'Российская Федерация', 176, 'Москва', 2761, '', 'Оплата при доставке', 'cod', 'Андрей', 'Духовный', '', 'Петра Романова 2', '', '   Москва', '', 'Российская Федерация', 176, 'Москва', 2761, '', 'Фиксированная стоимость доставки', 'flat.flat', '', 24005.0000, 3, 0, 0.0000, 1, 1, 'RUB', 1.00000000, '46.138.39.164', '46.138.39.164', 'Mozilla/5.0 (Windows NT 6.1; WOW64) AppleWebKit/536.11 (KHTML, like Gecko) Chrome/20.0.1132.57 Safari/536.11', 'ru-RU,ru;q=0.8,en-US;q=0.6,en;q=0.4', '2012-07-24 22:58:13', '2012-07-24 23:00:53'),
(10, 2, 'INV-2012-00', 0, 'ВсеРоботы.ру', 'http://roboti.grishinmikhail.com/', 1, 1, 'Денис', 'Катаев', 'kataeff@yandex.ru', '+79160016064', '', 'Денис', 'Катаев', '', '', '', '  Москва', '', '   Москва', '   ', 'Российская Федерация', 176, 'Москва', 2761, '', 'Оплата при доставке', 'cod', 'Денис', 'Катаев', '', '  Москва', '', '   Москва', '   ', 'Российская Федерация', 176, 'Москва', 2761, '', 'Фиксированная стоимость доставки', 'flat.flat', '', 34405.0000, 3, 0, 0.0000, 1, 1, 'RUB', 1.00000000, '78.85.94.34', '78.85.94.34', 'Mozilla/5.0 (Windows NT 6.1; WOW64) AppleWebKit/536.11 (KHTML, like Gecko) Chrome/20.0.1132.57 Safari/536.11', 'ru-RU,ru;q=0.8,en-US;q=0.6,en;q=0.4', '2012-07-24 23:03:37', '2012-07-24 23:05:41'),
(11, 0, 'INV-2012-00', 0, 'ВсеРоботы.ру', 'http://roboti.grishinmikhail.com/', 0, 1, 'Денис', 'Катаев', 'kataeff@yandex.com', '   324324324324', '', 'Денис', 'Катаев', '', '', '', '   ', '', '   ', '   ', 'Российская Федерация', 176, 'Москва', 2761, '', 'Оплата при доставке', 'cod', '', '', '', '', '', '', '', '', 0, '', 0, '', '', '', '', 1000.0000, 1, 0, 0.0000, 1, 1, 'RUB', 1.00000000, '78.85.94.34', '78.85.94.34', 'Mozilla/5.0 (Windows NT 6.1; WOW64) AppleWebKit/536.11 (KHTML, like Gecko) Chrome/20.0.1132.57 Safari/536.11', 'ru-RU,ru;q=0.8,en-US;q=0.6,en;q=0.4', '2012-07-25 03:05:00', '2012-07-25 03:05:02'),
(12, 0, 'INV-2012-00', 0, 'ВсеРоботы.ру', 'http://roboti.grishinmikhail.com/', 5, 1, 'Пупкин', 'Пупкин', 'delaryc@yandex.ru', '   32343223', '', 'Пупкин', 'Пупкин', '', '', '', '   fgfgfdg', '', '   fgdsgfdgdfsg', '   ', 'Российская Федерация', 176, 'Москва', 2761, '', 'Оплата при доставке', 'cod', 'Пупкин', 'Пупкин', '', '   fgfgfdg', '', '   fgdsgfdgdfsg', '   ', 'Российская Федерация', 176, 'Москва', 2761, '', 'Фиксированная стоимость доставки', 'flat.flat', '', 7895.0000, 0, 0, 0.0000, 1, 1, 'RUB', 1.00000000, '78.85.137.35', '78.85.137.35', 'Mozilla/5.0 (Windows NT 6.1; WOW64) AppleWebKit/536.11 (KHTML, like Gecko) Chrome/20.0.1132.57 Safari/536.11', 'ru-RU,ru;q=0.8,en-US;q=0.6,en;q=0.4', '2012-07-29 23:59:22', '2012-07-29 23:59:22'),
(13, 0, 'INV-2012-00', 0, 'ВсеРоботы.ру', 'http://roboti.grishinmikhail.com/', 0, 1, 'nfrjrefnj`', 'mfkevoie', 'ijeijfi@ijij.ru', '   213213123', '', 'nfrjrefnj`', 'mfkevoie', '', '', '', '   wedfwefref', '', '   ', '   ', 'Российская Федерация', 176, 'Москва', 2761, '', 'Оплата при доставке', 'cod', 'nfrjrefnj`', 'mfkevoie', '', '   wedfwefref', '', '   ', '   ', 'Российская Федерация', 176, 'Москва', 2761, '', 'Фиксированная стоимость доставки', 'flat.flat', '', 25790.0000, 0, 0, 0.0000, 1, 1, 'RUB', 1.00000000, '78.85.137.35', '78.85.137.35', 'Mozilla/5.0 (Windows NT 6.1; WOW64) AppleWebKit/536.11 (KHTML, like Gecko) Chrome/20.0.1132.57 Safari/536.11', 'ru-RU,ru;q=0.8,en-US;q=0.6,en;q=0.4', '2012-07-30 14:59:12', '2012-07-30 14:59:12'),
(14, 0, 'INV-2012-00', 0, 'ВсеРоботы.ру', 'http://roboti.grishinmikhail.com/', 0, 1, 'nfrjrefnj`', 'mfkevoie', 'ijeijfi@ijij.ru', '   213213123', '', 'nfrjrefnj`', 'mfkevoie', '', '', '', '   wedfwefref', '', '   ', '   ', 'Российская Федерация', 176, 'Москва', 2761, '', 'Оплата при доставке', 'cod', 'nfrjrefnj`', 'mfkevoie', '', '   wedfwefref', '', '   ', '   ', 'Российская Федерация', 176, 'Москва', 2761, '', 'Доставка по Москве курьером', 'flat.flat', '', 51190.0000, 1, 0, 0.0000, 1, 1, 'RUB', 1.00000000, '78.85.137.35', '78.85.137.35', 'Mozilla/5.0 (Windows NT 6.1; WOW64) AppleWebKit/536.11 (KHTML, like Gecko) Chrome/20.0.1132.57 Safari/536.11', 'ru-RU,ru;q=0.8,en-US;q=0.6,en;q=0.4', '2012-07-30 15:06:01', '2012-07-30 15:06:08'),
(15, 3, 'INV-2012-00', 0, 'ВсеРоботы.ру', 'http://roboti.grishinmikhail.com/', 0, 1, 'Денис', 'Катаев', 'delaryc@yandex.ru', '   32434424', '', 'Денис', 'Катаев', '', '', '', '   ', '', '   ', '   ', 'Российская Федерация', 176, 'Москва', 2761, '', 'Оплата при доставке', 'cod', 'Денис', 'Катаев', '', '   ', '', '   ', '   ', 'Российская Федерация', 176, 'Москва', 2761, '', 'Доставка по Москве курьером', 'flat.flat', '', 34190.0000, 1, 1, 1709.5000, 1, 1, 'RUB', 1.00000000, '78.85.60.60', '78.85.60.60', 'Mozilla/5.0 (Windows NT 6.1; WOW64) AppleWebKit/537.1 (KHTML, like Gecko) Chrome/21.0.1180.60 Safari/537.1', 'ru-RU,ru;q=0.8,en-US;q=0.6,en;q=0.4', '2012-08-04 12:56:46', '2012-08-04 12:56:48'),
(16, 0, 'INV-2012-00', 0, 'ВсеРоботы.ру', 'http://roboti.grishinmikhail.com/', 0, 1, 'Василий Иванович', 'Пупкин', 'alexsakhnov@yandex.com', '+7(926) 455-9093', '', 'Василий Иванович', 'Пупкин', '', '', '', 'г. Москва, ул. Московская д.1 кв.1 ', '', '   ', '   ', 'Российская Федерация', 176, 'Москва', 2761, '', 'Оплата при доставке', 'cod', 'Василий Иванович', 'Пупкин', '', 'г. Москва, ул. Московская д.1 кв.1 ', '', '   ', '   ', 'Российская Федерация', 176, 'Москва', 2761, '', 'Доставка по Москве курьером', 'flat.flat', '', 23290.0000, 3, 0, 0.0000, 1, 1, 'RUB', 1.00000000, '93.175.12.36', '93.175.12.36', 'Mozilla/5.0 (Macintosh; Intel Mac OS X 10_7_4) AppleWebKit/537.1 (KHTML, like Gecko) Chrome/21.0.1180.75 Safari/537.1', 'ru-RU,ru;q=0.8,en-US;q=0.6,en;q=0.4', '2012-08-14 17:14:26', '2012-08-14 17:17:45'),
(17, 0, 'INV-2012-00', 0, 'ВсеРоботы.ру', 'http://roboti.grishinmikhail.com/', 0, 1, 'Катаев', 'Денис', '32883e2e3293492@mkm.ru', '   93299293d', '', 'Катаев', 'Денис', '', '', '', '   jsjdnjcnjfnvfv', '', '   ', '   ', 'Российская Федерация', 176, 'Москва', 2761, '', 'Оплата при доставке', 'cod', 'Катаев', 'Денис', '', '   jsjdnjcnjfnvfv', '', '   ', '   ', 'Российская Федерация', 176, 'Москва', 2761, '', 'Бесплатная доставка', 'free.free', '', 20900.0000, 1, 0, 0.0000, 1, 1, 'RUB', 1.00000000, '93.175.12.39', '93.175.12.39', 'Mozilla/5.0 (Windows NT 6.1; WOW64) AppleWebKit/537.1 (KHTML, like Gecko) Chrome/21.0.1180.83 Safari/537.1', 'ru-RU,ru;q=0.8,en-US;q=0.6,en;q=0.4', '2012-08-25 14:48:53', '2012-08-25 14:48:59'),
(18, 0, 'INV-2012-00', 0, 'ВсеРоботы.ру', 'http://roboti.grishinmikhail.com/', 0, 1, 'adads', 'asdasdas', 'asdasd@sdfsd.tu', '   q223213', '', 'adads', 'asdasdas', '', '', '', '  fsdfsdfsdf', '', '   ', '   ', 'Российская Федерация', 176, 'Москва', 2761, '', 'Оплата при доставке', 'cod', 'adads', 'asdasdas', '', '  fsdfsdfsdf', '', '   ', '   ', 'Российская Федерация', 176, 'Москва', 2761, '', 'Доставка по Москве курьером', 'flat.flat', 'safdasfdsdf', 14190.0000, 1, 0, 0.0000, 1, 1, 'RUB', 1.00000000, '93.175.12.39', '93.175.12.39', 'Mozilla/5.0 (Windows NT 6.1; WOW64) AppleWebKit/537.1 (KHTML, like Gecko) Chrome/21.0.1180.83 Safari/537.1', 'ru-RU,ru;q=0.8,en-US;q=0.6,en;q=0.4', '2012-08-25 14:52:47', '2012-08-25 14:52:49'),
(19, 0, 'INV-2012-00', 0, 'ВсеРоботы.ру', 'http://roboti.grishinmikhail.com/', 0, 1, 'Катаев', 'Денис', 'kataeff@yandex.ru', '   87878798798', '', 'Катаев', 'Денис', '', '', '', '   dsfsdfsdfsdf', '', '   ', '   ', 'Российская Федерация', 176, 'Москва', 2761, '', 'Оплата при доставке', 'cod', 'Катаев', 'Денис', '', '   dsfsdfsdfsdf', '', '   ', '   ', 'Российская Федерация', 176, 'Москва', 2761, '', 'Бесплатная доставка', 'free.free', '', 19427.5000, 1, 1, 971.3750, 1, 1, 'RUB', 1.00000000, '93.175.12.215', '93.175.12.215', 'Mozilla/5.0 (Windows NT 6.1; WOW64) AppleWebKit/537.1 (KHTML, like Gecko) Chrome/21.0.1180.83 Safari/537.1', 'ru-RU,ru;q=0.8,en-US;q=0.6,en;q=0.4', '2012-09-02 23:15:12', '2012-09-02 23:15:14'),
(20, 0, 'INV-2012-00', 0, 'ВсеРоботы.ру', 'http://roboti.grishinmikhail.com/', 6, 1, 'Сергей Владимирович', 'Зайцев', 'edely@mail.ru', '   +79137137700', '', 'Сергей Владимирович', 'Зайцев', '', '', '', 'ул.К.Маркса 24а кв.10', '', 'Новосибирск', '630087', 'Российская Федерация', 176, 'Новосибирская область', 2768, '', 'Оплата при доставке', 'cod', 'Сергей Владимирович', 'Зайцев', '', 'ул.К.Маркса 24а кв.10', '', 'Новосибирск', '630087', 'Российская Федерация', 176, 'Новосибирская область', 2768, '', 'Доставка по Москве курьером', 'flat.flat', '', 22055.0000, 0, 0, 0.0000, 1, 1, 'RUB', 1.00000000, '89.189.185.139', '100.0.1.2, 89.1', 'Mozilla/5.0 (Windows NT 6.1; WOW64; rv:14.0) Gecko/20100101 Firefox/14.0.1', 'ru-ru,ru;q=0.8,en-us;q=0.5,en;q=0.3', '2012-09-03 10:44:00', '2012-09-03 10:44:00'),
(21, 0, 'INV-2012-00', 0, 'ВсеРоботы.ру', 'http://roboti.grishinmikhail.com/', 6, 1, 'Сергей Владимирович', 'Зайцев', 'edely@mail.ru', '   +79137134646', '', 'Сергей Владимирович', 'Зайцев', '', '', '', 'ул.К.Маркса 24а кв.10', '', 'Новосибирск', '630087', 'Российская Федерация', 176, 'Новосибирская область', 2768, '', 'Оплата при доставке', 'cod', 'Сергей Владимирович', 'Зайцев', '', 'ул.К.Маркса 24а кв.10', '', 'Новосибирск', '630087', 'Российская Федерация', 176, 'Новосибирская область', 2768, '', 'Бесплатная доставка', 'free.free', 'Предоплата', 21755.0000, 1, 0, 0.0000, 1, 1, 'RUB', 1.00000000, '89.189.185.139', '100.0.1.2, 89.1', 'Mozilla/5.0 (Windows NT 6.1; WOW64; rv:14.0) Gecko/20100101 Firefox/14.0.1', 'ru-ru,ru;q=0.8,en-us;q=0.5,en;q=0.3', '2012-09-03 10:50:30', '2012-09-03 10:50:34'),
(22, 4, 'INV-2012-00', 0, 'ВсеРоботы.ру', 'http://roboti.grishinmikhail.com/', 0, 1, 'Денис', 'Арвытвлоа', 'kataeff@yandex.ru', '9890809', '', 'Денис', 'Арвытвлоа', '', '', '', 'djnfjvnjfnd', '', '   ', '   ', 'Российская Федерация', 176, 'Москва', 2761, '', 'Оплата при доставке', 'cod', '', '', '', '', '', '', '', '', 0, '', 0, '', '', '', '', 10000.0000, 5, 1, 500.0000, 1, 1, 'RUB', 1.00000000, '93.175.12.152', '93.175.12.152', 'Mozilla/5.0 (Windows NT 6.1; WOW64) AppleWebKit/537.1 (KHTML, like Gecko) Chrome/21.0.1180.89 Safari/537.1', 'ru-RU,ru;q=0.8,en-US;q=0.6,en;q=0.4', '2012-09-07 16:09:01', '2012-09-07 16:15:25'),
(23, 0, 'INV-2012-00', 0, 'ВсеРоботы.ру', 'http://roboti.grishinmikhail.com/', 0, 1, 'Татьяна Ивановна', 'Серегина', 'land-ailin@mail.ru', '8-916-205-70-10  ', '', 'Татьяна Ивановна', 'Серегина', '', '', '', 'г. Москва, ул. Алтайская, д.4, кв.235   ', '', '   ', '   ', 'Российская Федерация', 176, 'Москва', 2761, '', 'Оплата при доставке', 'cod', 'Татьяна Ивановна', 'Серегина', '', 'г. Москва, ул. Алтайская, д.4, кв.235   ', '', '   ', '   ', 'Российская Федерация', 176, 'Москва', 2761, '', 'Бесплатная доставка', 'free.free', '', 27930.0000, 1, 0, 0.0000, 1, 1, 'RUB', 1.00000000, '188.123.238.86', '188.123.238.86', 'Mozilla/4.0 (compatible; MSIE 8.0; Windows NT 5.1; Trident/4.0; .NET CLR 2.0.50727; .NET CLR 3.0.4506.2152; .NET CLR 3.5.30729)', 'ru', '2012-09-16 22:30:44', '2012-09-16 22:30:52'),
(24, 0, 'INV-2012-00', 0, 'ВсеРоботы.ру', 'http://roboti.grishinmikhail.com/', 8, 1, 'Яна Валериевна', 'Раднаева', 'www.tuyana555@mail.ru', '   89146308041', '', 'Яна Валериевна', 'Раднаева', '', '', '', '   проспект Строителей дом 66 квартира 87', '', '   Улан-Удэ', '   670042', 'Российская Федерация', 176, 'Республика Бурятия', 2796, '', 'Оплата при доставке', 'cod', 'Яна Валериевна', 'Раднаева', '', '   проспект Строителей дом 66 квартира 87', '', '   Улан-Удэ', '   670042', 'Российская Федерация', 176, 'Республика Бурятия', 2796, '', 'Доставка по Москве курьером', 'flat.flat', '', 12400.0000, 1, 0, 0.0000, 1, 1, 'RUB', 1.00000000, '95.188.200.65', '95.188.200.65', 'Mozilla/5.0 (Windows NT 6.1; WOW64; rv:15.0) Gecko/20100101 Firefox/15.0.1', 'ru-ru,ru;q=0.8,en-us;q=0.5,en;q=0.3', '2012-09-27 11:55:27', '2012-09-27 11:55:33'),
(25, 0, 'INV-2012-00', 0, 'ВсеРоботы.ру', 'http://roboti.grishinmikhail.com/', 0, 1, 'Елена', 'Г', 'laralos@mail.ru', '   8-917-575-05-10', '', 'Елена', 'Г', '', '', '', '   ', '', '   ', '   ', 'Российская Федерация', 176, 'Москва', 2761, '', 'Оплата при доставке', 'cod', 'Елена', 'Г', '', '   ', '', '   ', '   ', 'Российская Федерация', 176, 'Москва', 2761, '', 'Доставка по Москве курьером', 'flat.flat', 'ул Коломенская д 9 кв 74', 12200.0000, 0, 0, 0.0000, 1, 1, 'RUB', 1.00000000, '62.22.53.100', '62.22.53.100', 'Mozilla/4.0 (compatible; MSIE 8.0; Windows NT 5.1; Trident/4.0; GTB7.4; .NET CLR 1.1.4322; .NET CLR 2.0.50727; .NET CLR 3.0.04506.30; .NET CLR 3.0.04506.648; .NET CLR 3.0.4506.2152; .NET CLR 3.5.30729; .NET4.0C; .NET4.0E; InfoPath.2)', 'ru', '2012-10-03 17:57:43', '2012-10-03 17:57:43'),
(26, 5, 'INV-2012-00', 0, 'ВсеРоботы.ру', 'http://roboti.grishinmikhail.com/', 0, 1, 'Елена', 'Г', 'laralos@mail.ru', '   8-917-575-05-10', '', 'Елена', 'Г', '', '', '', '   ', '', '   ', '   ', 'Российская Федерация', 176, 'Москва', 2761, '', 'Оплата при доставке', 'cod', 'Елена', 'Г', '', '   ', '', '   ', '   ', 'Российская Федерация', 176, 'Москва', 2761, '', 'Доставка по Москве курьером', 'flat.flat', 'ул Коломенская д 9 кв 74 c 18 до 22', 11605.0000, 1, 0, 0.0000, 1, 1, 'RUB', 1.00000000, '62.22.53.100', '62.22.53.100', 'Mozilla/4.0 (compatible; MSIE 8.0; Windows NT 5.1; Trident/4.0; GTB7.4; .NET CLR 1.1.4322; .NET CLR 2.0.50727; .NET CLR 3.0.04506.30; .NET CLR 3.0.04506.648; .NET CLR 3.0.4506.2152; .NET CLR 3.5.30729; .NET4.0C; .NET4.0E; InfoPath.2)', 'ru', '2012-10-03 17:59:41', '2012-10-03 17:59:44'),
(27, 0, 'INV-2012-00', 0, 'ВсеРоботы.ру', 'http://roboti.grishinmikhail.com/', 9, 1, 'Татьяна Сергеевна', 'Васильева', 'vasileva_tatyana@inbox.ru', '   89148532346', '', 'Татьяна Сергеевна', 'Васильева', '', '', '', '  ул. Дзержинского 12, кв.39', '', '   Магадан', '   685017', 'Российская Федерация', 176, 'Магаданская область', 2758, '', 'Оплата при доставке', 'cod', 'Татьяна Сергеевна', 'Васильева', '', '  ул. Дзержинского 12, кв.39', '', '   Магадан', '   685017', 'Российская Федерация', 176, 'Магаданская область', 2758, '', 'Доставка по Москве курьером', 'flat.flat', '', 21390.0000, 0, 0, 0.0000, 1, 1, 'RUB', 1.00000000, '188.254.47.22', '10.41.16.113, 1', 'Mozilla/5.0 (Windows NT 6.1; WOW64; rv:13.0) Gecko/20100101 Firefox/13.0.1', 'ru-ru,ru;q=0.8,en-us;q=0.5,en;q=0.3', '2012-10-06 03:09:59', '2012-10-06 03:09:59'),
(28, 0, 'INV-2012-00', 0, 'ВсеРоботы.ру', 'http://roboti.grishinmikhail.com/', 9, 1, 'Татьяна Сергеевна', 'Васильева', 'vasileva_tatyana@inbox.ru', '   89148532346', '', 'Татьяна Сергеевна', 'Васильева', '', '', '', '  ул. Дзержинского 12, кв.39', '', '   Магадан', '   685017', 'Российская Федерация', 176, 'Магаданская область', 2758, '', 'Оплата при доставке', 'cod', 'Татьяна Сергеевна', 'Васильева', '', '  ул. Дзержинского 12, кв.39', '', '   Магадан', '   685017', 'Российская Федерация', 176, 'Магаданская область', 2758, '', 'Бесплатная доставка', 'free.free', '', 21090.0000, 0, 0, 0.0000, 1, 1, 'RUB', 1.00000000, '188.254.47.22', '10.41.16.113, 1', 'Mozilla/5.0 (Windows NT 6.1; WOW64; rv:13.0) Gecko/20100101 Firefox/13.0.1', 'ru-ru,ru;q=0.8,en-us;q=0.5,en;q=0.3', '2012-10-06 03:10:25', '2012-10-06 03:10:25'),
(29, 0, 'INV-2012-00', 0, 'ВсеРоботы.ру', 'http://roboti.grishinmikhail.com/', 9, 1, 'Татьяна Сергеевна', 'Васильева', 'vasileva_tatyana@inbox.ru', '   89148532346', '', 'Татьяна Сергеевна', 'Васильева', '', '', '', '  ул. Дзержинского 12, кв.39', '', '   Магадан', '   685017', 'Российская Федерация', 176, 'Магаданская область', 2758, '', 'Оплата при доставке', 'cod', 'Татьяна Сергеевна', 'Васильева', '', '  ул. Дзержинского 12, кв.39', '', '   Магадан', '   685017', 'Российская Федерация', 176, 'Магаданская область', 2758, '', 'Доставка по Москве курьером', 'flat.flat', '', 21390.0000, 1, 0, 0.0000, 1, 1, 'RUB', 1.00000000, '188.254.47.22', '10.41.16.113, 1', 'Mozilla/5.0 (Windows NT 6.1; WOW64; rv:13.0) Gecko/20100101 Firefox/13.0.1', 'ru-ru,ru;q=0.8,en-us;q=0.5,en;q=0.3', '2012-10-06 03:11:40', '2012-10-06 03:11:46'),
(30, 0, 'INV-2012-00', 0, 'ВсеРоботы.ру', 'http://roboti.grishinmikhail.com/', 0, 1, 'Евгений', 'Диденко', 'esd1964@gmail.com', '74959694974', '', 'Евгений', 'Диденко', '', '', '', '   г.Москва, Петроверигский пер.6/8', '', '   ', '   ', 'Российская Федерация', 176, 'Москва', 2761, '', 'Оплата при доставке', 'cod', 'Евгений', 'Диденко', '', '   г.Москва, Петроверигский пер.6/8', '', '   ', '   ', 'Российская Федерация', 176, 'Москва', 2761, '', 'Бесплатная доставка', 'free.free', '', 21565.0000, 1, 0, 0.0000, 1, 1, 'RUB', 1.00000000, '93.91.4.10', 'unknown, 93.91.', 'Mozilla/5.0 (compatible; MSIE 9.0; Windows NT 6.1; WOW64; Trident/5.0; MAAU)', 'ru', '2012-10-18 14:30:05', '2012-10-18 14:30:54'),
(31, 0, 'INV-2012-00', 0, 'ВсеРоботы.ру', 'http://roboti.grishinmikhail.com/', 0, 1, 'Сахнов', 'Алексей', 'alexsakhnov@gmail.com', '89264559093', '', 'Сахнов', 'Алексей', '', '', '', '   г. Москва, ул. Московская д.1 кв.1 ', '', '   ', '   ', 'Российская Федерация', 176, 'Москва', 2761, '', 'Оплата при доставке', 'cod', 'Сахнов', 'Алексей', '', '   г. Москва, ул. Московская д.1 кв.1 ', '', '   ', '   ', 'Российская Федерация', 176, 'Москва', 2761, '', 'Доставка по Москве курьером', 'flat.flat', 'Трололо', 32410.0000, 1, 0, 0.0000, 1, 1, 'RUB', 1.00000000, '93.175.13.67', '93.175.13.67', 'Mozilla/5.0 (Macintosh; Intel Mac OS X 10_8_2) AppleWebKit/536.26.14 (KHTML, like Gecko) Version/6.0.1 Safari/536.26.14', 'ru', '2012-10-18 23:27:16', '2012-10-18 23:27:18'),
(32, 0, 'INV-2012-00', 0, 'ВсеРоботы.ру', 'http://roboti.grishinmikhail.com/', 10, 1, 'АЛексей', 'Сахнов', 'alexsakhnov@gmail.com', '9879812312', '', 'АЛексей', 'Сахнов', '', '', '', 'ул Керченская 1ак1', '', 'Москва', '   ', 'Российская Федерация', 176, 'Москва', 2761, '', 'Оплата при доставке', 'cod', 'АЛексей', 'Сахнов', '', 'ул Керченская 1ак1', '', 'Москва', '   ', 'Российская Федерация', 176, 'Москва', 2761, '', 'Доставка по Москве курьером', 'flat.flat', '', 13200.0000, 1, 0, 0.0000, 1, 1, 'RUB', 1.00000000, '93.175.13.67', '93.175.13.67', 'Mozilla/5.0 (Macintosh; Intel Mac OS X 10_8_2) AppleWebKit/536.26.14 (KHTML, like Gecko) Version/6.0.1 Safari/536.26.14', 'ru', '2012-10-18 23:46:01', '2012-10-18 23:46:03'),
(33, 0, 'INV-2012-00', 0, 'ВсеРоботы.ру', 'http://roboti.grishinmikhail.com/', 10, 1, 'АЛексей', 'Сахнов', 'alexsakhnov@gmail.com', '9879812312', '', 'АЛексей', 'Сахнов', '', '', '', 'ул Керченская 1ак1', '', 'Москва', '   ', 'Российская Федерация', 176, 'Москва', 2761, '', 'Оплата при доставке', 'cod', 'АЛексей', 'Сахнов', '', 'ул Керченская 1ак1', '', 'Москва', '   ', 'Российская Федерация', 176, 'Москва', 2761, '', 'Доставка по Москве курьером', 'flat.flat', '', 34200.0000, 1, 0, 0.0000, 1, 1, 'RUB', 1.00000000, '93.175.13.67', '93.175.13.67', 'Mozilla/5.0 (Macintosh; Intel Mac OS X 10_8_2) AppleWebKit/536.26.14 (KHTML, like Gecko) Version/6.0.1 Safari/536.26.14', 'ru', '2012-10-18 23:52:50', '2012-10-18 23:52:52'),
(34, 0, 'INV-2012-00', 0, 'ВсеРоботы.ру', 'http://roboti.grishinmikhail.com/', 10, 1, 'АЛексей', 'Сахнов', 'alexsakhnov@gmail.com', '9879812312', '', 'АЛексей', 'Сахнов', '', '', '', 'ул Керченская 1ак1', '', 'Москва', '   ', 'Российская Федерация', 176, 'Москва', 2761, '', 'Оплата при доставке', 'cod', 'АЛексей', 'Сахнов', '', 'ул Керченская 1ак1', '', 'Москва', '   ', 'Российская Федерация', 176, 'Москва', 2761, '', 'Доставка по Москве курьером', 'flat.flat', '', 18635.0000, 1, 0, 0.0000, 1, 1, 'RUB', 1.00000000, '93.175.13.67', '93.175.13.67', 'Mozilla/5.0 (Macintosh; Intel Mac OS X 10_8_2) AppleWebKit/536.26.14 (KHTML, like Gecko) Version/6.0.1 Safari/536.26.14', 'ru', '2012-10-18 23:59:15', '2012-10-18 23:59:17'),
(35, 0, 'INV-2012-00', 0, 'ВсеРоботы.ру', 'http://roboti.grishinmikhail.com/', 10, 1, 'АЛексей', 'Сахнов', 'alexsakhnov@gmail.com', '9879812312', '', 'АЛексей', 'Сахнов', '', '', '', 'ул Керченская 1ак1', '', 'Москва', '   ', 'Российская Федерация', 176, 'Москва', 2761, '', 'Оплата при доставке', 'cod', 'АЛексей', 'Сахнов', '', 'ул Керченская 1ак1', '', 'Москва', '   ', 'Российская Федерация', 176, 'Москва', 2761, '', 'Доставка по Москве курьером', 'flat.flat', '', 34100.0000, 1, 0, 0.0000, 1, 1, 'RUB', 1.00000000, '93.175.13.67', '93.175.13.67', 'Mozilla/5.0 (Macintosh; Intel Mac OS X 10_8_2) AppleWebKit/536.26.14 (KHTML, like Gecko) Version/6.0.1 Safari/536.26.14', 'ru', '2012-10-19 00:01:42', '2012-10-19 00:01:44'),
(36, 0, 'INV-2012-00', 0, 'ВсеРоботы.ру', 'http://roboti.grishinmikhail.com/', 0, 1, 'sdfl,sldf', 'ldakflsdfk', 'dskmfsdk@jsds.ru', '   kdsflksdfl', '', 'sdfl,sldf', 'ldakflsdfk', '', '', '', '   ', '', '   ', '   ', 'Российская Федерация', 176, 'Москва', 2761, '', 'Оплата при доставке', 'cod', 'sdfl,sldf', 'ldakflsdfk', '', '   ', '', '   ', '   ', 'Российская Федерация', 176, 'Москва', 2761, '', 'Доставка по Москве курьером', 'flat.flat', '', 22550.0000, 1, 1, 1127.5000, 1, 1, 'RUB', 1.00000000, '93.175.12.45', '93.175.12.45', 'Mozilla/5.0 (Windows NT 6.1; WOW64) AppleWebKit/537.4 (KHTML, like Gecko) Chrome/22.0.1229.94 Safari/537.4', 'ru-RU,ru;q=0.8,en-US;q=0.6,en;q=0.4', '2012-10-19 19:37:01', '2012-10-19 19:37:06'),
(37, 0, 'INV-2012-00', 0, 'ВсеРоботы.ру', 'http://roboti.grishinmikhail.com/', 0, 1, 'Кататев', 'Денис', 'uhfeurehfure@ufhuh.ru', '877439743', '', 'Кататев', 'Денис', '', '', '', '   ', '', '   ', '   ', 'Российская Федерация', 176, 'Москва', 2761, '', 'Оплата при доставке', 'cod', 'Кататев', 'Денис', '', '   ', '', '   ', '   ', 'Российская Федерация', 176, 'Москва', 2761, '', 'Доставка по Москве курьером', 'flat.flat', '', 23000.0000, 1, 1, 1150.0000, 1, 1, 'RUB', 1.00000000, '93.175.12.45', '93.175.12.45', 'Mozilla/5.0 (Windows NT 6.1; WOW64) AppleWebKit/537.4 (KHTML, like Gecko) Chrome/22.0.1229.94 Safari/537.4', 'ru-RU,ru;q=0.8,en-US;q=0.6,en;q=0.4', '2012-10-19 19:43:21', '2012-10-19 19:43:25'),
(38, 0, 'INV-2012-00', 0, 'ВсеРоботы.ру', 'http://roboti.grishinmikhail.com/', 0, 1, 'kjjkhjk', 'ttyf', 'ughygy@yg.ru', '   98789798', '', 'kjjkhjk', 'ttyf', '', '', '', 'mnjkjnj   ', '', '   ', '   ', 'Российская Федерация', 176, 'Москва', 2761, '', 'Оплата при доставке', 'cod', 'kjjkhjk', 'ttyf', '', 'mnjkjnj   ', '', '   ', '   ', 'Российская Федерация', 176, 'Москва', 2761, '', 'Бесплатная доставка', 'free.free', '', 46100.0000, 1, 0, 0.0000, 1, 1, 'RUB', 1.00000000, '93.175.13.150', '93.175.13.150', 'Mozilla/5.0 (Macintosh; Intel Mac OS X 10_8_2) AppleWebKit/536.26.14 (KHTML, like Gecko) Version/6.0.1 Safari/536.26.14', 'ru', '2012-10-21 00:12:29', '2012-10-21 00:13:05'),
(39, 0, 'INV-2012-00', 0, 'ВсеРоботы.ру', 'http://roboti.grishinmikhail.com/', 10, 1, 'АЛексей', 'Сахнов', 'alexsakhnov@gmail.com', '9879812312', '', 'АЛексей', 'Сахнов', '', '', '', 'ул Керченская 1ак1', '', 'Москва', '   ', 'Российская Федерация', 176, 'Москва', 2761, '', 'Оплата при доставке', 'cod', 'АЛексей', 'Сахнов', '', 'ул Керченская 1ак1', '', 'Москва', '   ', 'Российская Федерация', 176, 'Москва', 2761, '', 'Доставка по Москве курьером', 'flat.flat', '', 42575.0000, 1, 0, 0.0000, 1, 1, 'RUB', 1.00000000, '93.175.13.150', '93.175.13.150', 'Mozilla/5.0 (Macintosh; Intel Mac OS X 10_8_2) AppleWebKit/536.26.14 (KHTML, like Gecko) Version/6.0.1 Safari/536.26.14', 'ru', '2012-10-21 01:46:58', '2012-10-21 01:47:06'),
(40, 0, 'INV-2012-00', 0, 'ВсеРоботы.ру', 'http://roboti.grishinmikhail.com/', 10, 1, 'АЛексей', 'Сахнов', 'alexsakhnov@gmail.com', '9879812312', '', 'АЛексей', 'Сахнов', '', '', '', 'ул Керченская 1ак1', '', 'Москва', '   ', 'Российская Федерация', 176, 'Москва', 2761, '', 'Оплата при доставке', 'cod', 'АЛексей', 'Сахнов', '', 'ул Керченская 1ак1', '', 'Москва', '   ', 'Российская Федерация', 176, 'Москва', 2761, '', 'Доставка по Москве курьером', 'flat.flat', '', 44800.0000, 1, 0, 0.0000, 1, 1, 'RUB', 1.00000000, '93.175.13.150', '93.175.13.150', 'Mozilla/5.0 (Macintosh; Intel Mac OS X 10_8_2) AppleWebKit/536.26.14 (KHTML, like Gecko) Version/6.0.1 Safari/536.26.14', 'ru', '2012-10-21 01:49:59', '2012-10-21 01:50:01'),
(41, 0, 'INV-2012-00', 0, 'ВсеРоботы.ру', 'http://roboti.grishinmikhail.com/', 1, 1, 'Денис', 'Катаев', 'kataeff@yandex.ru', '+79160016064', '', 'Денис', 'Катаев', '', '', '', '  Москва', '', '   Москва', '   ', 'Российская Федерация', 176, 'Москва', 2761, '', 'Оплата при доставке', 'cod', 'Денис', 'Катаев', '', '  Москва', '', '   Москва', '   ', 'Российская Федерация', 176, 'Москва', 2761, '', 'Доставка по Москве курьером', 'flat.flat', '', 43450.0000, 1, 1, 2172.5000, 1, 1, 'RUB', 1.00000000, '93.175.13.59', '93.175.13.59', 'Mozilla/5.0 (Windows NT 6.1; WOW64) AppleWebKit/537.4 (KHTML, like Gecko) Chrome/22.0.1229.94 Safari/537.4', 'ru-RU,ru;q=0.8,en-US;q=0.6,en;q=0.4', '2012-10-22 16:50:30', '2012-10-22 16:50:40'),
(42, 0, 'INV-2012-00', 0, 'ВсеРоботы.ру', 'http://roboti.grishinmikhail.com/', 10, 1, 'АЛексей', 'Сахнов', 'alexsakhnov@gmail.com', '9879812312', '', 'АЛексей', 'Сахнов', '', '', '', 'ул Керченская 1ак1', '', 'Москва', '   ', 'Российская Федерация', 176, 'Москва', 2761, '', 'Оплата при доставке', 'cod', 'АЛексей', 'Сахнов', '', 'ул Керченская 1ак1', '', 'Москва', '   ', 'Российская Федерация', 176, 'Москва', 2761, '', 'Доставка по Москве курьером', 'flat.flat', '', 69700.0000, 1, 0, 0.0000, 1, 1, 'RUB', 1.00000000, '93.175.13.194', '93.175.13.194', 'Mozilla/5.0 (Macintosh; Intel Mac OS X 10_8_2) AppleWebKit/536.26.14 (KHTML, like Gecko) Version/6.0.1 Safari/536.26.14', 'ru', '2012-10-22 18:11:29', '2012-10-22 18:11:30'),
(43, 0, 'INV-2012-00', 0, 'ВсеРоботы.ру', 'http://roboti.grishinmikhail.com/', 1, 1, 'Денис', 'Катаев', 'kataeff@yandex.ru', '+79160016064', '', 'Денис', 'Катаев', '', '', '', '  Москва', '', '   Москва', '   ', 'Российская Федерация', 176, 'Москва', 2761, '', 'Оплата при доставке', 'cod', 'Денис', 'Катаев', '', '  Москва', '', '   Москва', '   ', 'Российская Федерация', 176, 'Москва', 2761, '', 'Доставка по Москве курьером', 'flat.flat', '', 65700.0000, 1, 1, 3285.0000, 1, 1, 'RUB', 1.00000000, '93.175.13.59', '93.175.13.59', 'Mozilla/5.0 (Windows NT 6.1; WOW64) AppleWebKit/537.4 (KHTML, like Gecko) Chrome/22.0.1229.94 Safari/537.4', 'ru-RU,ru;q=0.8,en-US;q=0.6,en;q=0.4', '2012-10-22 19:32:07', '2012-10-22 19:32:08'),
(44, 0, 'INV-2012-00', 0, 'ВсеРоботы.ру', 'http://roboti.grishinmikhail.com/', 0, 1, 'Вася', 'Пупкин', 'alexsakhnov@mail.ru', '89264559093   ', '', 'Вася', 'Пупкин', '', '', '', '   ', '', '   ', '   ', 'Российская Федерация', 176, 'Москва', 2761, '', 'Оплата при доставке', 'cod', 'Вася', 'Пупкин', '', '   ', '', '   ', '   ', 'Российская Федерация', 176, 'Москва', 2761, '', 'Доставка по Москве курьером', 'flat.flat', 'Проверка заказа?', 34100.0000, 1, 0, 0.0000, 1, 1, 'RUB', 1.00000000, '83.149.9.54', '83.149.9.54', 'Mozilla/5.0 (iPhone; CPU iPhone OS 6_0 like Mac OS X; en-us) AppleWebKit/534.46.0 (KHTML, like Gecko) CriOS/21.0.1180.82 Mobile/10A403 Safari/7534.48.3', 'en-US,en;q=0.8', '2012-10-24 16:40:20', '2012-10-24 16:40:25'),
(45, 0, 'INV-2012-00', 0, 'ВсеРоботы.ру', 'http://roboti.grishinmikhail.com/', 0, 1, 'Татьяна', 'Мелихова', 'meli@realmai.ru', '   916-605-06-15', '', 'Татьяна', 'Мелихова', '', '', '', '   Москва ул. Новочеремушкинская 20/23, кв.63', '', '   ', '   ', 'Российская Федерация', 176, 'Москва', 2761, '', 'Оплата при доставке', 'cod', 'Татьяна', 'Мелихова', '', '   Москва ул. Новочеремушкинская 20/23, кв.63', '', '   ', '   ', 'Российская Федерация', 176, 'Москва', 2761, '', 'Бесплатная доставка', 'free.free', '', 21565.0000, 1, 0, 0.0000, 1, 1, 'RUB', 1.00000000, '213.141.144.223', '213.141.144.223', 'Mozilla/5.0 (Windows NT 6.1; WOW64) AppleWebKit/537.4 (KHTML, like Gecko) Chrome/22.0.1229.94 Safari/537.4', 'ru-RU,ru;q=0.8,en-US;q=0.6,en;q=0.4', '2012-10-28 14:53:24', '2012-10-28 14:53:38'),
(46, 0, 'INV-2012-00', 0, 'ВсеРоботы.ру', 'http://roboti.grishinmikhail.com/', 0, 1, 'Александр Александрович', 'Смольников', 'nfttaha55@rambler.ru', '   89135268091', '', 'Александр Александрович', 'Смольников', '', '', '', '   г.Москва, ул.Газгольдерная-12 ', '', '   ', '   ', 'Российская Федерация', 176, 'Москва', 2761, '', 'Оплата при доставке', 'cod', 'Александр Александрович', 'Смольников', '', '   г.Москва, ул.Газгольдерная-12 ', '', '   ', '   ', 'Российская Федерация', 176, 'Москва', 2761, '', 'Доставка по Москве курьером', 'flat.flat', 'ТК «ЭрЛайн»  по дресу: г.Москва, ул.Газгольдерная-12 (т. 171-52-56, т. 171-44-68) на имя: Смольников Александр Александрович т.сот.89135268091 Они рассчитаются за него наличными!!! При передаче заказа в «ЭрЛайн» нужно указать способ доставки: «АВТО-АВИА» Тут есть схема проезда: http://www.nordtrans.ru/prod02.htm', 2950.0000, 1, 0, 0.0000, 1, 1, 'RUB', 1.00000000, '213.87.124.33', '213.87.124.33', 'Opera/9.80 (Windows NT 6.1; U; ru) Presto/2.10.289 Version/12.02', 'ru-RU,ru;q=0.9,en;q=0.8', '2012-10-29 13:20:54', '2012-10-29 13:21:03'),
(47, 0, 'INV-2012-00', 0, 'ВсеРоботы.ру', 'http://roboti.grishinmikhail.com/', 0, 1, 'Гульнара', 'Ситдикова', 'sitdikova_77@mail.ru', '   912-211-27-86', '', 'Гульнара', 'Ситдикова', '', '', '', '   г. Екатеринбург, ул. Старых Большевиков, 75-119', '', '   ', '620135', 'Российская Федерация', 176, 'Свердловская область', 2807, '', 'Оплата при доставке', 'cod', 'Гульнара', 'Ситдикова', '', '   г. Екатеринбург, ул. Старых Большевиков, 75-119', '', '   ', '620135', 'Российская Федерация', 176, 'Свердловская область', 2807, '', 'Бесплатная доставка', 'free.free', '', 32262.0000, 0, 0, 0.0000, 1, 1, 'RUB', 1.00000000, '85.92.31.55', '85.92.31.55', 'Mozilla/5.0 (compatible; MSIE 9.0; Windows NT 6.1; WOW64; Trident/5.0; NP06)', 'ru', '2012-10-29 22:30:03', '2012-10-29 22:30:03'),
(48, 0, 'INV-2012-00', 0, 'ВсеРоботы.ру', 'http://roboti.grishinmikhail.com/', 0, 1, 'Владимир', 'Гуторов', 'gut8888@rambler.ru', '89028155507', '', 'Владимир', 'Гуторов', '', '', '', 'Цветочная 4 кв 3, Т.менская обл, г Ишим', '', '   ', '   ', 'Российская Федерация', 176, 'Москва', 2761, '', 'Оплата при доставке', 'cod', 'Владимир', 'Гуторов', '', 'Цветочная 4 кв 3, Т.менская обл, г Ишим', '', '   ', '   ', 'Российская Федерация', 176, 'Москва', 2761, '', 'Доставка по Москве курьером', 'flat.flat', '', 2080.0000, 1, 0, 0.0000, 1, 1, 'RUB', 1.00000000, '90.150.251.63', '90.150.251.63', 'Mozilla/5.0 (Windows NT 6.1; WOW64; rv:16.0) Gecko/20100101 Firefox/16.0', 'ru-RU,ru;q=0.8,en-US;q=0.5,en;q=0.3', '2012-11-10 15:34:36', '2012-11-10 15:34:42'),
(49, 0, 'INV-2012-00', 0, 'ВсеРоботы.ру', 'http://roboti.grishinmikhail.com/', 0, 1, 'Александр Васильевич', 'Чурин', 'system@sk-leasing.ru', '89039161853', '', 'Александр Васильевич', 'Чурин', '', '', '', '   650002, г. Кемерово, ул. Институтская 2, кв.35', '', '   ', '   ', 'Российская Федерация', 176, 'Москва', 2761, '', 'Оплата при доставке', 'cod', 'Александр Васильевич', 'Чурин', '', '   650002, г. Кемерово, ул. Институтская 2, кв.35', '', '   ', '   ', 'Российская Федерация', 176, 'Москва', 2761, '', 'Доставка по Москве курьером', 'flat.flat', '', 21690.0000, 1, 0, 0.0000, 1, 1, 'RUB', 1.00000000, '194.190.80.29', '194.190.80.29', 'Mozilla/5.0 (Windows NT 6.1; WOW64; rv:19.0) Gecko/19.0 Firefox/19.0', 'en-US,en;q=0.5', '2012-11-12 10:04:49', '2012-11-12 10:05:05'),
(50, 0, 'INV-2012-00', 0, 'ВсеРоботы.ру', 'http://roboti.grishinmikhail.com/', 12, 1, 'Андрей', 'Духовный', 'and.potorochin@gmail.com', '   89175746039', '', 'Андрей', 'Духовный', '', '', '', '   Москва', '', '   Петра Романова', '   ', 'Российская Федерация', 176, 'Москва', 2761, '', 'Оплата при доставке', 'cod', 'Андрей', 'Духовный', '', '   Москва', '', '   Петра Романова', '   ', 'Российская Федерация', 176, 'Москва', 2761, '', 'Бесплатная доставка', 'free.free', '', 21565.0000, 1, 0, 0.0000, 1, 1, 'RUB', 1.00000000, '46.138.44.82', '46.138.44.82', 'Mozilla/5.0 (Windows NT 6.1; WOW64) AppleWebKit/537.11 (KHTML, like Gecko) Chrome/23.0.1271.64 Safari/537.11', 'ru-RU,ru;q=0.8,en-US;q=0.6,en;q=0.4', '2012-11-23 22:31:47', '2012-11-23 22:31:50'),
(51, 0, 'INV-2012-00', 0, 'ВсеРоботы.ру', 'http://roboti.grishinmikhail.com/', 0, 1, 'Оксана Юрьевна ', 'Александрова', 'Psyupa@yandex.ru', '+79825003456', '', 'Оксана Юрьевна ', 'Александрова', '', '', '', '   628383, Тюменская область, ХМАО-Югра, г. Пыть-Ях, 5 мкр., 25 д., 27 кв.', '', '   ', '   ', 'Российская Федерация', 176, 'Москва', 2761, '', 'Оплата при доставке', 'cod', 'Оксана Юрьевна ', 'Александрова', '', '   628383, Тюменская область, ХМАО-Югра, г. Пыть-Ях, 5 мкр., 25 д., 27 кв.', '', '   ', '   ', 'Российская Федерация', 176, 'Москва', 2761, '', 'Доставка по Москве курьером', 'flat.flat', '   628383, Тюменская область, ХМАО-Югра, г. Пыть-Ях, 5 мкр., 25 д., 27 кв.', 8850.0000, 0, 0, 0.0000, 1, 1, 'RUB', 1.00000000, '213.87.241.48', '213.87.241.48', 'Mozilla/4.0 (compatible; MSIE 8.0; Windows NT 5.1; Trident/4.0; GTB7.4; InfoPath.2; .NET CLR 2.0.50727; .NET CLR 3.0.04506.30; .NET CLR 3.0.4506.2152; .NET CLR 3.5.30729)', 'ru', '2012-12-08 10:44:23', '2012-12-08 10:44:23');
INSERT INTO `order` (`order_id`, `invoice_no`, `invoice_prefix`, `store_id`, `store_name`, `store_url`, `customer_id`, `customer_group_id`, `firstname`, `lastname`, `email`, `telephone`, `fax`, `payment_firstname`, `payment_lastname`, `payment_company`, `payment_company_id`, `payment_tax_id`, `payment_address_1`, `payment_address_2`, `payment_city`, `payment_postcode`, `payment_country`, `payment_country_id`, `payment_zone`, `payment_zone_id`, `payment_address_format`, `payment_method`, `payment_code`, `shipping_firstname`, `shipping_lastname`, `shipping_company`, `shipping_address_1`, `shipping_address_2`, `shipping_city`, `shipping_postcode`, `shipping_country`, `shipping_country_id`, `shipping_zone`, `shipping_zone_id`, `shipping_address_format`, `shipping_method`, `shipping_code`, `comment`, `total`, `order_status_id`, `affiliate_id`, `commission`, `language_id`, `currency_id`, `currency_code`, `currency_value`, `ip`, `forwarded_ip`, `user_agent`, `accept_language`, `date_added`, `date_modified`) VALUES
(52, 0, 'INV-2012-00', 0, 'ВсеРоботы.ру', 'http://roboti.grishinmikhail.com/', 0, 1, 'Оксана Юрьевна ', 'Александрова', 'Psyupa@yandex.ru', '+79825003456', '', 'Оксана Юрьевна ', 'Александрова', '', '', '', '   628383, Тюменская область, ХМАО-Югра, г. Пыть-Ях, 5 мкр., 25 д., 27 кв.', '', '   ', '   ', 'Российская Федерация', 176, 'Москва', 2761, '', 'Оплата при доставке', 'cod', 'Оксана Юрьевна ', 'Александрова', '', '   628383, Тюменская область, ХМАО-Югра, г. Пыть-Ях, 5 мкр., 25 д., 27 кв.', '', '   ', '   ', 'Российская Федерация', 176, 'Москва', 2761, '', 'Доставка по Москве курьером', 'flat.flat', '   628383, Тюменская область, ХМАО-Югра, г. Пыть-Ях, 5 мкр., 25 д., 27 кв.', 3150.0000, 1, 0, 0.0000, 1, 1, 'RUB', 1.00000000, '213.87.241.48', '213.87.241.48', 'Mozilla/4.0 (compatible; MSIE 8.0; Windows NT 5.1; Trident/4.0; GTB7.4; InfoPath.2; .NET CLR 2.0.50727; .NET CLR 3.0.04506.30; .NET CLR 3.0.4506.2152; .NET CLR 3.5.30729)', 'ru', '2012-12-08 10:46:47', '2012-12-08 10:46:53'),
(53, 0, 'INV-2012-00', 0, 'ВсеРоботы.ру', 'http://roboti.grishinmikhail.com/', 0, 1, 'Марина Владимировна', 'Кукина', 'elenaproff@rambler.ru', '   89250550727', '', 'Марина Владимировна', 'Кукина', '', '', '', '   г. Москва, ул. Касимовская, д. 3, кв. 29', '', '   ', '   ', 'Российская Федерация', 176, 'Москва', 2761, '', 'Оплата при доставке', 'cod', 'Марина Владимировна', 'Кукина', '', '   г. Москва, ул. Касимовская, д. 3, кв. 29', '', '   ', '   ', 'Российская Федерация', 176, 'Москва', 2761, '', 'Доставка по Москве курьером', 'flat.flat', 'У вас вроде доставка бесплатно по москве?', 20100.0000, 1, 0, 0.0000, 1, 1, 'RUB', 1.00000000, '91.215.79.189', '91.215.79.189', 'Mozilla/5.0 (Windows NT 5.1; rv:17.0) Gecko/20100101 Firefox/17.0', 'ru-RU,ru;q=0.8,en-US;q=0.5,en;q=0.3', '2012-12-11 20:24:01', '2012-12-11 20:24:06'),
(54, 0, 'INV-2012-00', 0, 'ВсеРоботы.ру', 'http://roboti.grishinmikhail.com/', 0, 1, 'Алексей Сергеевич', 'Бурак', 'akf2k@mail.ru', '916-875-13-51', '', 'Алексей Сергеевич', 'Бурак', '', '', '', '   Кашира-2 , клубная 13 кв 60', '', '   ', '   ', 'Российская Федерация', 176, 'Москва', 2761, '', 'Оплата при доставке', 'cod', 'Алексей Сергеевич', 'Бурак', '', '   Кашира-2 , клубная 13 кв 60', '', '   ', '   ', 'Российская Федерация', 176, 'Москва', 2761, '', 'Доставка по Москве курьером', 'flat.flat', 'доставка в область)) домофон не работает))) необходимо сделать звонок)) доставку лучше сделать в выходной день, так с утра до вечера на работе.', 3150.0000, 1, 0, 0.0000, 1, 1, 'RUB', 1.00000000, '95.26.100.72', '95.26.100.72', 'Mozilla/5.0 (Windows NT 6.1; WOW64) AppleWebKit/537.11 (KHTML, like Gecko) Chrome/23.0.1271.97 Safari/537.11', 'ru-RU,ru;q=0.8,en-US;q=0.6,en;q=0.4', '2012-12-15 10:46:28', '2012-12-15 10:46:40'),
(55, 0, 'INV-2012-00', 0, 'ВсеРоботы.ру', 'http://roboti.grishinmikhail.com/', 16, 1, 'Ольга', 'Ю', 'humanvote@mail.ru', '   8-915-209-9480', '', 'Ольга', 'Ю', '', '', '', 'Борисовский проезд, 46', '', 'Москва', '   ', 'Российская Федерация', 176, 'Москва', 2761, '', 'Оплата при доставке', 'cod', 'Ольга', 'Ю', '', 'Борисовский проезд, 46', '', 'Москва', '   ', 'Российская Федерация', 176, 'Москва', 2761, '', 'Доставка по Москве курьером', 'flat.flat', '', 3150.0000, 1, 0, 0.0000, 1, 1, 'RUB', 1.00000000, '91.79.21.174', '91.79.21.174', 'Mozilla/5.0 (Windows NT 6.1; WOW64; rv:12.0) Gecko/20100101 Firefox/12.0', 'ru-ru,ru;q=0.8,en-us;q=0.5,en;q=0.3', '2012-12-15 21:04:13', '2012-12-15 21:04:18'),
(56, 0, 'INV-2012-00', 0, 'ВсеРоботы.ру', 'http://roboti.grishinmikhail.com/', 0, 1, 'Александр', 'Евдокин', 'it77@mail.ru', '   89162124052', '', 'Александр', 'Евдокин', '', '', '', '   Москва, Семеновская пл 7', '', '   ', '   ', 'Российская Федерация', 176, 'Москва', 2761, '', 'Оплата при доставке', 'cod', 'Александр', 'Евдокин', '', '   Москва, Семеновская пл 7', '', '   ', '   ', 'Российская Федерация', 176, 'Москва', 2761, '', 'Доставка по Москве курьером', 'flat.flat', 'Лев или Леопард или Тигр', 4050.0000, 1, 0, 0.0000, 1, 1, 'RUB', 1.00000000, '178.177.159.49', '178.177.159.49', 'Mozilla/5.0 (compatible; MSIE 9.0; Windows NT 6.1; WOW64; Trident/5.0)', 'ru', '2012-12-27 15:41:49', '2012-12-27 15:41:52'),
(57, 0, 'INV-2012-00', 0, 'ВсеРоботы.ру', 'http://roboti.grishinmikhail.com/', 17, 1, 'Каплина', 'Ольга', 'origaka@gmail.com', '   89117415962', '', 'Каплина', 'Ольга', '', '', '', '   В.О., Малый пр. 75-30', '', '   Санкт-Петербург', '199406', 'Российская Федерация', 176, 'Санкт-Петербург', 2785, '', 'Оплата при доставке', 'cod', 'Каплина', 'Ольга', '', '   В.О., Малый пр. 75-30', '', '   Санкт-Петербург', '199406', 'Российская Федерация', 176, 'Санкт-Петербург', 2785, '', 'Доставка по Москве курьером', 'flat.flat', '', 3150.0000, 0, 0, 0.0000, 1, 1, 'RUB', 1.00000000, '95.26.11.25', '95.26.11.25', 'Mozilla/5.0 (Windows NT 5.1) AppleWebKit/537.4 (KHTML, like Gecko) Chrome/22.0.1104.222 YaBrowser/1.5.1104.222 Safari/537.4', 'ru,en;q=0.8', '2013-01-14 21:15:04', '2013-01-14 21:15:04'),
(58, 0, 'INV-2012-00', 0, 'ВсеРоботы.ру', 'http://roboti.grishinmikhail.com/', 0, 1, 'Ася', 'Дунда', 'asya_dunda@mail.ru', '89811716599   ', '', 'Ася', 'Дунда', '', '', '', '   ', '', '   ', '   ', 'Российская Федерация', 176, 'Москва', 2761, '', 'Оплата при доставке', 'cod', 'Ася', 'Дунда', '', ' Ул. Ситцевая д 11 к 2 кв 56', '', 'Санкт-Петербург   ', '   ', 'Российская Федерация', 176, 'Санкт-Петербург', 2785, '', 'Доставка по Москве курьером', 'flat.flat', '', 19280.0000, 1, 0, 0.0000, 1, 1, 'RUB', 1.00000000, '188.242.32.7', '188.242.32.7', 'Mozilla/5.0 (iPad; CPU OS 6_0 like Mac OS X) AppleWebKit/536.26 (KHTML, like Gecko) Version/6.0 Mobile/10A403 Safari/8536.25', 'ru', '2013-01-19 18:29:09', '2013-01-19 18:29:15'),
(59, 0, 'INV-2012-00', 0, 'ВсеРоботы.ру', 'http://roboti.grishinmikhail.com/', 0, 1, 'лев вадимович', 'николаев', 'lemu@km.ru', '   89182775314', '', 'лев вадимович', 'николаев', '', '', '', '   г.Краснодар ул.Сидоренко дом 23', '', '   ', '   ', 'Российская Федерация', 176, 'Москва', 2761, '', 'Оплата при доставке', 'cod', 'лев вадимович', 'николаев', '', '   г.Краснодар ул.Сидоренко дом 23', '', '   ', '   ', 'Российская Федерация', 176, 'Москва', 2761, '', 'Доставка по Москве курьером', 'flat.flat', '', 1640.0000, 0, 0, 0.0000, 1, 1, 'RUB', 1.00000000, '94.138.17.224', '94.138.17.224', 'Opera/9.80 (Windows NT 5.0) Presto/2.12.388 Version/12.12', 'ru-RU,ru;q=0.9,en;q=0.8', '2013-03-06 08:34:48', '2013-03-06 08:34:48'),
(60, 0, 'INV-2012-00', 0, 'ВсеРоботы.ру', 'http://roboti.grishinmikhail.com/', 18, 1, 'Николай Петрович', 'Скрыбыкин', 'nik-skrybykin@yandex.ru', '   89142724726', '', 'Николай Петрович', 'Скрыбыкин', '', '', '', '   ул. Островского, дом 2, кв. 12', '', '   Якутск', '   677000', 'Российская Федерация', 176, 'Республика Саха', 2805, '', 'Оплата при доставке', 'cod', 'Николай Петрович', 'Скрыбыкин', '', '   ул. Островского, дом 2, кв. 12', '', '   Якутск', '   677000', 'Российская Федерация', 176, 'Республика Саха', 2805, '', 'Доставка по Москве курьером', 'flat.flat', 'Доставка в г. Якутск, Республика Саха (Якутия)', 21300.0000, 0, 0, 0.0000, 1, 1, 'RUB', 1.00000000, '188.244.189.83', '188.244.189.83', 'Mozilla/5.0 (Windows NT 6.1; WOW64) AppleWebKit/537.22 (KHTML, like Gecko) Chrome/25.0.1364.152 Safari/537.22', 'ru-RU,ru;q=0.8,en-US;q=0.6,en;q=0.4', '2013-03-18 15:38:54', '2013-03-18 15:38:54'),
(61, 0, 'INV-2012-00', 0, 'ВсеРоботы.ру', 'http://roboti.grishinmikhail.com/', 18, 1, 'Николай Петрович', 'Скрыбыкин', 'nik-skrybykin@yandex.ru', '   89142724726', '', 'Николай Петрович', 'Скрыбыкин', '', '', '', '   ул. Островского, дом 2, кв. 12', '', '   Якутск', '   677000', 'Российская Федерация', 176, 'Республика Саха', 2805, '', 'Оплата при доставке', 'cod', 'Николай Петрович', 'Скрыбыкин', '', '   ул. Островского, дом 2, кв. 12', '', '   Якутск', '   677000', 'Российская Федерация', 176, 'Республика Саха', 2805, '', 'Бесплатная доставка', 'free.free', 'Доставка в г. Якутск, Республика Саха (Якутия)', 21000.0000, 1, 0, 0.0000, 1, 1, 'RUB', 1.00000000, '188.244.189.83', '188.244.189.83', 'Mozilla/5.0 (Windows NT 6.1; WOW64) AppleWebKit/537.22 (KHTML, like Gecko) Chrome/25.0.1364.152 Safari/537.22', 'ru-RU,ru;q=0.8,en-US;q=0.6,en;q=0.4', '2013-03-18 15:39:53', '2013-03-18 15:39:58'),
(62, 0, 'INV-2012-00', 0, 'ВсеРоботы.ру', 'http://roboti.grishinmikhail.com/', 20, 1, 'Николай', 'Белокопытов', 'fak.89@mail.ru', '   89032779603', '', 'Николай', 'Белокопытов', '', '', '', '   Всеволода Вишневского д 11 кв 44', '', '   Москва', '   127422', 'Российская Федерация', 176, 'Москва', 2761, '', 'Оплата при доставке', 'cod', 'Николай', 'Белокопытов', '', '   Всеволода Вишневского д 11 кв 44', '', '   Москва', '   127422', 'Российская Федерация', 176, 'Москва', 2761, '', 'Доставка по Москве курьером', 'flat.flat', '', 10400.0000, 0, 0, 0.0000, 1, 1, 'RUB', 1.00000000, '176.192.119.249', '176.192.119.249', 'Mozilla/5.0 (Windows NT 5.1) AppleWebKit/537.31 (KHTML, like Gecko) Chrome/26.0.1410.64 Safari/537.31', 'ru-RU,ru;q=0.8,en-US;q=0.6,en;q=0.4', '2013-04-11 23:12:05', '2013-04-11 23:12:05'),
(63, 0, 'INV-2012-00', 0, 'ВсеРоботы.ру', 'http://roboti.grishinmikhail.com/', 21, 1, 'елена борисовна', 'морозова', 'selena_77@mail.ru', '89169020475   ', '', 'елена борисовна', 'морозова', '', '', '', '  ул дениса довыдова д 6 кв 4', '', '   москва', '   121170', 'Российская Федерация', 176, 'Москва', 2761, '', 'Оплата при доставке', 'cod', 'елена борисовна', 'морозова', '', 'кутузовский проспект 20', '', 'москва', '', 'Российская Федерация', 176, 'Москва', 2761, '', 'Доставка по Москве курьером', 'flat.flat', 'доставка на работу с 13,00 до 19,00', 6000.0000, 1, 0, 0.0000, 1, 1, 'RUB', 1.00000000, '128.72.93.147', '128.72.93.147', 'Mozilla/5.0 (Macintosh; Intel Mac OS X 10_6_8) AppleWebKit/534.50 (KHTML, like Gecko) Version/5.1 Safari/534.50', 'ru', '2013-04-15 19:36:19', '2013-04-15 19:36:40'),
(64, 0, 'INV-2012-00', 0, 'ВсеРоботы.ру', 'http://roboti.grishinmikhail.com/', 22, 1, 'александра николаевна', 'дупик', 'alexandra.dupik@yandex.ru', '89191002467', '', 'александра николаевна', 'дупик', '', '', '', 'улица дениса давыдова', '', '   москва', '   121170', 'Российская Федерация', 176, 'Москва', 2761, '', 'Оплата при доставке', 'cod', 'александра николаевна', 'дупик', '', 'улица дениса давыдова', '', '   москва', '   121170', 'Российская Федерация', 176, 'Москва', 2761, '', 'Доставка по Москве курьером', 'flat.flat', 'дома меня может не быть но будет моя дочь', 6000.0000, 1, 0, 0.0000, 1, 1, 'RUB', 1.00000000, '128.72.93.147', '128.72.93.147', 'Mozilla/5.0 (Macintosh; Intel Mac OS X 10_6_8) AppleWebKit/534.50 (KHTML, like Gecko) Version/5.1 Safari/534.50', 'ru', '2013-04-16 18:41:33', '2013-04-16 18:41:38'),
(65, 0, 'INV-2012-00', 0, 'ВсеРоботы.ру', 'http://roboti.grishinmikhail.com/', 23, 1, 'Александра', 'Прокопьева', 'cpo_status@mail.ru', '   +79248605484', '', 'Александра', 'Прокопьева', '', '', '', 'переулок Глухой 2/1 офис 207', '', '   Якутск', '   677000', 'Российская Федерация', 176, 'Республика Саха', 2805, '', 'Оплата при доставке', 'cod', 'Александра', 'Прокопьева', '', 'переулок Глухой 2/1 офис 207', '', '   Якутск', '   677000', 'Российская Федерация', 176, 'Республика Саха', 2805, '', 'Бесплатная доставка', 'free.free', '', 59400.0000, 1, 0, 0.0000, 1, 1, 'RUB', 1.00000000, '94.245.136.153', '94.245.136.153', 'Opera/9.80 (Windows NT 6.1; U; ru) Presto/2.10.229 Version/11.61', 'ru-RU,ru;q=0.9,en;q=0.8', '2013-04-29 10:51:03', '2013-04-29 10:51:11'),
(66, 0, 'INV-2012-00', 0, 'ВсеРоботы.ру', 'http://roboti.grishinmikhail.com/', 0, 1, 'Наталья', 'Красулина', 'demoza@yandex.ru', '   89164004898', '', 'Наталья', 'Красулина', '', '', '', '   г. Красногорск, бульвар Строителей 4/1', '', '   ', '   ', 'Российская Федерация', 176, 'Москва', 2761, '', 'Оплата при доставке', 'cod', 'Наталья', 'Красулина', '', '   г. Красногорск, бульвар Строителей 4/1', '', '   ', '   ', 'Российская Федерация', 176, 'Москва', 2761, '', 'Доставка по Москве курьером', 'flat.flat', '', 15750.0000, 1, 0, 0.0000, 1, 1, 'RUB', 1.00000000, '37.140.192.97', '91.143.35.130, ', 'Mozilla/5.0 (Windows NT 6.1; WOW64; rv:20.0) Gecko/20100101 Firefox/20.0', 'ru-RU,ru;q=0.8,en-US;q=0.5,en;q=0.3', '2013-05-21 15:51:13', '2013-05-21 15:51:16'),
(67, 0, 'INV-2012-00', 0, 'ВсеРоботы.ру', 'http://roboti.grishinmikhail.com/', 0, 1, 'Юлия', 'Лебедева', 'ul2005@bk.ru', '   89163945065', '', 'Юлия', 'Лебедева', '', '', '', '   г. Москва, ул. Тучковская, д.7, кв. 50', '', '   ', '   ', 'Российская Федерация', 176, 'Москва', 2761, '', 'Оплата при доставке', 'cod', 'Юлия', 'Лебедева', '', '   г. Москва, ул. Тучковская, д.7, кв. 50', '', '   ', '   ', 'Российская Федерация', 176, 'Москва', 2761, '', 'Доставка по Москве курьером', 'flat.flat', '', 3150.0000, 1, 0, 0.0000, 1, 1, 'RUB', 1.00000000, '37.140.192.97', '128.69.28.237, ', 'Mozilla/5.0 (Windows NT 6.1; rv:21.0) Gecko/20100101 Firefox/21.0', 'ru-RU,ru;q=0.8,en-US;q=0.5,en;q=0.3', '2013-05-23 21:03:04', '2013-05-23 21:03:07'),
(68, 0, 'INV-2012-00', 0, 'ВсеРоботы.ру', 'http://roboti.grishinmikhail.com/', 0, 1, 'Вениамин Александрович', 'Иванов', 'benjamin.ivanov@gmail.com', '+79110406309', '', 'Вениамин Александрович', 'Иванов', '', '', '', '   г.Боровичи, ул.Порожская д. 120', '', '   ', '   ', 'Российская Федерация', 176, 'Москва', 2761, '', 'Оплата при доставке', 'cod', 'Вениамин Александрович', 'Иванов', '', '   г.Боровичи, ул.Порожская д. 120', '', '   ', '   ', 'Российская Федерация', 176, 'Москва', 2761, '', 'Доставка по Москве курьером', 'flat.flat', '', 6290.0000, 0, 0, 0.0000, 1, 1, 'RUB', 1.00000000, '95.54.121.82', '95.54.121.82', 'Mozilla/5.0 (Windows NT 6.1; WOW64) AppleWebKit/537.36 (KHTML, like Gecko) Chrome/27.0.1453.116 Safari/537.36', 'ru-RU,ru;q=0.8,en-US;q=0.6,en;q=0.4', '2013-07-01 18:41:22', '2013-07-01 18:41:22'),
(69, 0, 'INV-2012-00', 0, 'ВсеРоботы.ру', 'http://roboti.grishinmikhail.com/', 0, 1, 'Любовь Николаевна', 'Макарова', 'dmitry.mitkov@yandex.ru', '89851687139   ', '', 'Любовь Николаевна', 'Макарова', '', '', '', '  Московская обл. г.Солнечногорск мкр Рекинцо д.4кв.40 141500 ', '', '   ', '   ', 'Российская Федерация', 176, 'Москва', 2761, '', 'Оплата при доставке', 'cod', 'Любовь Николаевна', 'Макарова', '', '  Московская обл. г.Солнечногорск мкр Рекинцо д.4кв.40 141500 ', '', '   ', '   ', 'Российская Федерация', 176, 'Москва', 2761, '', 'Доставка по Москве курьером', 'flat.flat', '', 5290.0000, 0, 0, 0.0000, 1, 1, 'RUB', 1.00000000, '213.171.59.249', '213.171.59.249', 'Mozilla/4.0 (compatible; MSIE 8.0; Windows NT 5.1; Trident/4.0; InfoPath.1; .NET CLR 2.0.50727; .NET CLR 3.0.04506.648; .NET CLR 3.5.21022)', 'ru', '2013-07-06 11:15:40', '2013-07-06 11:15:40'),
(70, 0, 'INV-2012-00', 0, 'ВсеРоботы.ру', 'http://roboti.grishinmikhail.com/', 0, 1, 'Любовь Николаевна', 'Макарова', 'dmitry.mitkov@yandex.ru', '89851687139   ', '', 'Любовь Николаевна', 'Макарова', '', '', '', '  Московская обл. г.Солнечногорск мкр Рекинцо д.4кв.40 141500 ', '', '   ', '   ', 'Российская Федерация', 176, 'Москва', 2761, '', 'Оплата при доставке', 'cod', 'Любовь Николаевна', 'Макарова', '', '  Московская обл. г.Солнечногорск мкр Рекинцо д.4кв.40 141500 ', '', '   ', '   ', 'Российская Федерация', 176, 'Москва', 2761, '', 'Доставка по Москве курьером', 'flat.flat', 'или в Солнечногорск', 5290.0000, 1, 0, 0.0000, 1, 1, 'RUB', 1.00000000, '213.171.59.249', '213.171.59.249', 'Mozilla/4.0 (compatible; MSIE 8.0; Windows NT 5.1; Trident/4.0; InfoPath.1; .NET CLR 2.0.50727; .NET CLR 3.0.04506.648; .NET CLR 3.5.21022)', 'ru', '2013-07-06 11:17:48', '2013-07-06 11:17:52'),
(71, 0, 'INV-2012-00', 0, 'ВсеРоботы.ру', 'http://roboti.grishinmikhail.com/', 0, 1, '56456', '456456', 'fridrih.erkh@gmail.com', '   45345', '', '56456', '456456', '', '', '', '   35434534', '', '   ', '   ', 'Российская Федерация', 176, 'Москва', 2761, '', 'Оплата при доставке', 'cod', '56456', '456456', '', '   35434534', '', '   ', '   ', 'Российская Федерация', 176, 'Москва', 2761, '', 'Бесплатная доставка', 'free.free', '', 19600.0000, 0, 0, 0.0000, 1, 1, 'RUB', 1.00000000, '92.255.235.2', '92.255.235.2', 'Mozilla/5.0 (Windows NT 6.1; rv:22.0) Gecko/20100101 Firefox/22.0', 'ru-RU,ru;q=0.8,en-US;q=0.5,en;q=0.3', '2013-07-15 16:08:13', '2013-07-15 16:08:13'),
(72, 0, 'INV-2012-00', 0, 'ВсеРоботы.ру', 'http://roboti.grishinmikhail.com/', 0, 1, 'Ксения Игоревна', 'Отенко', 'bumerang02@yandex.ru', '   89605296252', '', 'Ксения Игоревна', 'Отенко', '', '', '', 'Ярославская обл.г.Переславль Ул Ново-борисоглебская д38   ', '', '   ', '   ', 'Российская Федерация', 176, 'Москва', 2761, '', 'Оплата при доставке', 'cod', 'Ксения Игоревна', 'Отенко', '', 'Ярославская обл.г.Переславль Ул Ново-борисоглебская д38   ', '', '   ', '   ', 'Российская Федерация', 176, 'Москва', 2761, '', 'Бесплатная доставка', 'free.free', '', 2850.0000, 1, 0, 0.0000, 1, 1, 'RUB', 1.00000000, '87.253.10.34', '87.253.10.34', 'Mozilla/5.0 (iPad; CPU OS 6_1_3 like Mac OS X) AppleWebKit/536.26 (KHTML, like Gecko) Version/6.0 Mobile/10B329 Safari/8536.25', 'ru', '2013-08-04 15:20:08', '2013-08-04 15:20:14'),
(73, 0, 'INV-2012-00', 0, 'ВсеРоботы.ру', 'http://roboti.grishinmikhail.com/', 0, 1, 'Мария Михайловна', 'Виноградова', 'Maryosmik@mail.ru', '   8-903-223-05-08', '', 'Мария Михайловна', 'Виноградова', '', '', '', 'г.Москва, ул.Часовая, д.27/12, кв.2', '', '   ', '   ', 'Российская Федерация', 176, 'Москва', 2761, '', 'Оплата при доставке', 'cod', 'Мария Михайловна', 'Виноградова', '', 'г.Москва, ул.Часовая, д.27/12, кв.2', '', '   ', '   ', 'Российская Федерация', 176, 'Москва', 2761, '', 'Бесплатная доставка', 'free.free', '', 19600.0000, 1, 0, 0.0000, 1, 1, 'RUB', 1.00000000, '62.16.86.20', '172.28.224.124,', 'Mozilla/5.0 (Windows NT 6.1; WOW64; rv:23.0) Gecko/20100101 Firefox/23.0', 'ru-RU,ru;q=0.8,en-US;q=0.5,en;q=0.3', '2013-08-20 16:52:12', '2013-08-20 16:52:18'),
(74, 0, 'INV-2012-00', 0, 'ВсеРоботы.ру', 'http://roboti.grishinmikhail.com/', 25, 1, 'Анастасия', 'Максимичева', 'mas@veter-24.ru', '   89082118858', '', 'Анастасия', 'Максимичева', '', '', '', '   Парусная 12 пом 166', '', '   Красноярск', '660093', 'Российская Федерация', 176, 'Красноярский край', 2752, '', 'Оплата при доставке', 'cod', 'Анастасия', 'Максимичева', '', '   Парусная 12 пом 166', '', '   Красноярск', '660093', 'Российская Федерация', 176, 'Красноярский край', 2752, '', 'Бесплатная доставка', 'free.free', '', 59400.0000, 1, 0, 0.0000, 1, 1, 'RUB', 1.00000000, '95.170.181.114', '95.170.181.114', 'Mozilla/5.0 (Windows NT 6.2) AppleWebKit/537.36 (KHTML, like Gecko) Chrome/28.0.1500.95 Safari/537.36', 'ru-RU,ru;q=0.8,en-US;q=0.6,en;q=0.4', '2013-08-22 08:23:19', '2013-08-22 08:23:26'),
(75, 0, 'INV-2012-00', 0, 'ВсеРоботы.ру', 'http://roboti.grishinmikhail.com/', 26, 1, 'Баранова', 'Ольга', 'livian22@mail.ru', '   89129801028', '', 'Баранова', 'Ольга', '', '', '', 'ул.Краснофлотская, д.28, кв.176', '', '   Пермь', '   614051', 'Российская Федерация', 176, 'Пермский край', 2774, '', 'Оплата при доставке', 'cod', 'Баранова', 'Ольга', '', 'ул.Краснофлотская, д.28, кв.176', '', '   Пермь', '   614051', 'Российская Федерация', 176, 'Пермский край', 2774, '', 'Бесплатная доставка', 'free.free', '', 29700.0000, 1, 0, 0.0000, 1, 1, 'RUB', 1.00000000, '212.33.248.9', '212.33.248.9', 'Opera/9.80 (Windows NT 6.1; U; ru) Presto/2.9.168 Version/11.51', 'ru-RU,ru;q=0.9,en;q=0.8', '2013-08-22 12:14:42', '2013-08-22 12:14:49'),
(76, 0, 'INV-2012-00', 0, 'ВсеРоботы.ру', 'http://roboti.grishinmikhail.com/', 0, 1, 'эдуард', 'коркин', 'patrisy@rambler.ru', '   +79851376766', '', 'эдуард', 'коркин', '', '', '', '   Реутов Октября1-98', '', '   ', '   ', 'Российская Федерация', 176, 'Москва', 2761, '', 'Оплата при доставке', 'cod', 'эдуард', 'коркин', '', '   Реутов Октября1-98', '', '   ', '   ', 'Российская Федерация', 176, 'Москва', 2761, '', 'Бесплатная доставка', 'free.free', '', 21580.0000, 1, 0, 0.0000, 1, 1, 'RUB', 1.00000000, '95.73.186.77', '95.73.186.77', 'Mozilla/5.0 (compatible; MSIE 10.0; Windows NT 6.2; WOW64; Trident/6.0; Touch)', 'ru,en-US;q=0.7,en;q=0.3', '2013-09-18 16:03:40', '2013-09-18 16:03:49'),
(77, 0, 'INV-2012-00', 0, 'ВсеРоботы.ру', 'http://roboti.grishinmikhail.com/', 27, 1, 'Валентин', 'Бирюлин', 'kpvalentin650@gmail.com', '   89600536388', '', 'Валентин', 'Бирюлин', '', '', '', '   усманова 25 54', '', 'Казань', '   420095', 'Российская Федерация', 176, 'Республика Татарстан', 2746, '', 'Оплата при доставке', 'cod', 'Владислав', 'Вахромов', '', 'чуйкова 29 в 81', '', 'Казань', '', 'Российская Федерация', 176, 'Республика Татарстан', 2746, '', 'Бесплатная доставка', 'free.free', '', 19600.0000, 1, 0, 0.0000, 1, 1, 'RUB', 1.00000000, '188.162.37.14', '188.162.37.14', 'Mozilla/5.0 (Windows NT 6.1) AppleWebKit/537.22 (KHTML, like Gecko) Chrome/25.0.1364.172 YaBrowser/1.7.1364.22076 Safari/537.22', 'ru,en;q=0.8', '2013-10-08 20:34:24', '2013-10-08 20:34:34'),
(78, 0, 'INV-2012-00', 0, 'ВсеРоботы.ру', 'http://roboti.grishinmikhail.com/', 27, 1, 'Валентин', 'Бирюлин', 'kpvalentin650@gmail.com', '   89600536388', '', 'Валентин', 'Бирюлин', '', '', '', '   усманова 25 54', '', 'Казань', '   420095', 'Российская Федерация', 176, 'Республика Татарстан', 2746, '', 'Оплата при доставке', 'cod', 'Валентин', 'Бирюлин', '', '   усманова 25 54', '', 'Казань', '   420095', 'Российская Федерация', 176, 'Республика Татарстан', 2746, '', 'Бесплатная доставка', 'free.free', '', 19600.0000, 1, 0, 0.0000, 1, 1, 'RUB', 1.00000000, '188.162.37.14', '188.162.37.14', 'Mozilla/5.0 (Windows NT 6.1) AppleWebKit/537.22 (KHTML, like Gecko) Chrome/25.0.1364.172 YaBrowser/1.7.1364.22076 Safari/537.22', 'ru,en;q=0.8', '2013-10-08 20:39:40', '2013-10-08 20:39:45'),
(79, 6, 'INV-2012-00', 0, 'ВсеРоботы.ру', 'http://roboti.grishinmikhail.com/', 0, 1, 'Юлия Сергеевна', 'Сметанникова', 'smetannikova1991@mail.ru', '   89657039414', '', 'Юлия Сергеевна', 'Сметанникова', '', '', '', '   ', '', '   ', '   ', 'Российская Федерация', 176, 'Москва', 2761, '', 'Оплата при доставке', 'cod', 'Юлия Сергеевна', 'Сметанникова', '', '   улица Радужная дом 24 квартира 17', '', '   Москва', '   ', 'Российская Федерация', 176, 'Москва', 2761, '', 'Бесплатная доставка', 'free.free', '', 2850.0000, 1, 0, 0.0000, 1, 1, 'RUB', 1.00000000, '85.141.87.203', '85.141.87.203', 'Mozilla/5.0 (Linux; U; Android 4.2.1; ru-ru; ASUS Transformer Pad TF300TG Build/JOP40D) AppleWebKit/534.30 (KHTML, like Gecko) Version/4.0 Safari/534.30', 'ru-RU, en-US', '2013-10-19 09:46:36', '2013-10-19 09:46:40'),
(80, 0, 'INV-2012-00', 0, 'ВсеРоботы.ру', 'http://roboti.grishinmikhail.com/', 0, 1, 'Екатерина Ивановна', 'Захарова', 'Kate.zakharova@yandex.ru', '   89151214645', '', 'Екатерина Ивановна', 'Захарова', '', '', '', '   г. Красногорск, ул. Вилора Трифонова, д.8 кв.108', '', '   ', '   ', 'Российская Федерация', 176, 'Москва', 2761, '', 'Оплата при доставке', 'cod', 'Екатерина Ивановна', 'Захарова', '', '   г. Красногорск, ул. Вилора Трифонова, д.8 кв.108', '', '   ', '   ', 'Российская Федерация', 176, 'Москва', 2761, '', 'Бесплатная доставка', 'free.free', '', 2850.0000, 1, 0, 0.0000, 1, 1, 'RUB', 1.00000000, '79.164.89.87', '79.164.89.87', 'Mozilla/5.0 (iPad; CPU OS 7_0_3 like Mac OS X) AppleWebKit/537.51.1 (KHTML, like Gecko) Version/7.0 Mobile/11B511 Safari/9537.53', 'ru', '2013-10-28 21:23:49', '2013-10-28 21:23:55'),
(81, 0, 'INV-2012-00', 0, 'ВсеРоботы.ру', 'http://roboti.grishinmikhail.com/', 0, 1, 'Вячеслав Викторович', 'Бобров', 'sedoi_starik@mail.ru', '  +79222910330', '', 'Вячеслав Викторович', 'Бобров', '', '', '', '621850, ЯНАО  г. Тарко-Сале, мкр Советский 9-10', '', '   ', '   ', 'Российская Федерация', 176, 'Москва', 2761, '', 'Оплата при доставке', 'cod', 'Вячеслав Викторович', 'Бобров', '', '621850, ЯНАО  г. Тарко-Сале, мкр Советский 9-10', '', '   ', '   ', 'Российская Федерация', 176, 'Москва', 2761, '', 'Бесплатная доставка', 'free.free', '', 2850.0000, 1, 0, 0.0000, 1, 1, 'RUB', 1.00000000, '5.140.59.165', '5.140.59.165', 'Mozilla/5.0 (Windows NT 6.1; WOW64) AppleWebKit/537.36 (KHTML, like Gecko) Chrome/30.0.1599.101 Safari/537.36', 'en-US,en;q=0.8,ru;q=0.6', '2013-11-07 23:01:50', '2013-11-07 23:01:54'),
(82, 0, 'INV-2012-00', 0, 'ВсеРоботы.ру', 'http://roboti.grishinmikhail.com/', 28, 1, 'Василий Иванович', 'Сугутор', 'Sugutor5@yandex.ru', '   89150000000', '', 'Василий Иванович', 'Сугутор', '', '', '', '   На деревню деду', '', 'Москва', '6666666', 'Российская Федерация', 176, 'Москва', 2761, '', 'Оплата при доставке', 'cod', 'Василий Иванович', 'Сугутор', '', '   На деревню деду', '', 'Москва', '6666666', 'Российская Федерация', 176, 'Москва', 2761, '', 'Бесплатная доставка', 'free.free', 'Не обращайте внимание', 19600.0000, 1, 0, 0.0000, 1, 1, 'RUB', 1.00000000, '79.165.29.87', '79.165.29.87', 'Opera/9.80 (Windows NT 6.1; WOW64) Presto/2.12.388 Version/12.16', 'ru-RU,ru;q=0.9,en;q=0.8', '2013-11-10 14:44:55', '2013-11-10 14:44:58'),
(83, 0, 'INV-2012-00', 0, 'ВсеРоботы.ру', 'http://roboti.grishinmikhail.com/', 0, 1, 'Иван Иванович', 'Мазай', 'Sugutor5@yandex.ru', '   89150000000', '', 'Иван Иванович', 'Мазай', '', '', '', '   На деревню деду', '', '   ', '   ', 'Российская Федерация', 176, 'Москва', 2761, '', 'Оплата при доставке', 'cod', 'Иван Иванович', 'Мазай', '', '   На деревню деду', '', '   ', '   ', 'Российская Федерация', 176, 'Москва', 2761, '', 'Бесплатная доставка', 'free.free', '', 20900.0000, 1, 0, 0.0000, 1, 1, 'RUB', 1.00000000, '77.41.10.58', '77.41.10.58', 'Opera/9.80 (Windows NT 6.1; WOW64) Presto/2.12.388 Version/12.16', 'ru-RU,ru;q=0.9,en;q=0.8', '2013-11-11 20:49:33', '2013-11-11 20:49:35'),
(84, 0, 'INV-2012-00', 0, 'ВсеРоботы.ру', 'http://roboti.grishinmikhail.com/', 29, 1, 'Евгений', 'Вохмянин', 'evg25@mail.ru', '   8-918-317-00-18', '', 'Евгений', 'Вохмянин', '', '', '', '   Энергетиков д.8 кв. 65', '', '   Краснодар', '   350911', 'Российская Федерация', 176, 'Краснодарский край', 2751, '', 'Оплата при доставке', 'cod', 'Евгений', 'Вохмянин', '', '   Энергетиков д.8 кв. 65', '', '   Краснодар', '   350911', 'Российская Федерация', 176, 'Краснодарский край', 2751, '', 'Бесплатная доставка', 'free.free', 'Нужен белого цвета', 10100.0000, 1, 0, 0.0000, 1, 1, 'RUB', 1.00000000, '31.181.193.77', '31.181.193.77', 'Mozilla/5.0 (Windows NT 6.1; WOW64) AppleWebKit/537.36 (KHTML, like Gecko) Chrome/28.0.1500.95 YaBrowser/13.10.1500.9151 Safari/537.36', 'ru,en;q=0.8', '2013-11-14 16:52:39', '2013-11-14 16:52:48'),
(85, 0, 'INV-2012-00', 0, 'ВсеРоботы.ру', 'http://roboti.grishinmikhail.com/', 0, 1, 'Юрий Леонидович', 'Караваев', 'karawaew_yura@mail.ru', '89508115110', '', 'Юрий Леонидович', 'Караваев', '', '', '', '   г. Ижевск, ул. Университетская д.1. корп. 4 к. 205', '', '   ', '426034', 'Российская Федерация', 176, 'Удмуртская Республика', 2742, '', 'Оплата при доставке', 'cod', 'Юрий Леонидович', 'Караваев', '', '   г. Ижевск, ул. Университетская д.1. корп. 4 к. 205', '', '   ', '426034', 'Российская Федерация', 176, 'Удмуртская Республика', 2742, '', 'Бесплатная доставка', 'free.free', '', 258000.0000, 1, 0, 0.0000, 1, 1, 'RUB', 1.00000000, '176.213.76.30', '176.213.76.30', 'Mozilla/5.0 (Windows NT 5.1) AppleWebKit/537.36 (KHTML, like Gecko) Chrome/31.0.1650.57 Safari/537.36', 'ru-RU,ru;q=0.8,en-US;q=0.6,en;q=0.4', '2013-11-23 00:08:31', '2013-11-23 00:08:38'),
(86, 0, 'INV-2012-00', 0, 'ВсеРоботы.ру', 'http://roboti.grishinmikhail.com/', 31, 1, 'Александр Николаевич', 'Пручкин', 'kotapret@rambler.ru', '   8-906-048-53-03', '', 'Александр Николаевич', 'Пручкин', '', '', '', ' Б.Академическая, д.77,корп.2,кв.116  ', '', ' Москва  ', '   ', 'Российская Федерация', 176, 'Москва', 2761, '', 'Оплата при доставке', 'cod', 'Александр Николаевич', 'Пручкин', '', ' Б.Академическая, д.77,корп.2,кв.116  ', '', ' Москва  ', '   ', 'Российская Федерация', 176, 'Москва', 2761, '', 'Бесплатная доставка', 'free.free', '', 19600.0000, 1, 0, 0.0000, 1, 1, 'RUB', 1.00000000, '188.244.38.5', '188.244.38.5', 'Mozilla/5.0 (Windows NT 6.2; rv:26.0) Gecko/20100101 Firefox/26.0', 'ru-RU,ru;q=0.8,en-US;q=0.5,en;q=0.3', '2013-12-29 12:40:50', '2013-12-29 12:41:02'),
(87, 0, 'INV-2012-00', 0, 'ВсеРоботы.ру', 'http://roboti.grishinmikhail.com/', 0, 1, 'Яна', 'Гицевич', 'Aquamarine-@mail.ru', '   89206907577', '', 'Яна', 'Гицевич', '', '', '', '   Тверь, Трудолюбия 45/1, кв.12', '', '   ', '   ', 'Российская Федерация', 176, 'Москва', 2761, '', 'Оплата при доставке', 'cod', 'Яна', 'Гицевич', '', '   Тверь, Трудолюбия 45/1, кв.12', '', '   ', '   ', 'Российская Федерация', 176, 'Тверская область', 2792, '', 'Бесплатная доставка', 'free.free', '', 14900.0000, 1, 0, 0.0000, 1, 1, 'RUB', 1.00000000, '93.187.182.49', '93.187.182.49', 'Mozilla/5.0 (iPad; CPU OS 7_0_4 like Mac OS X) AppleWebKit/537.51.1 (KHTML, like Gecko) CriOS/31.0.1650.18 Mobile/11B554a Safari/8536.25', 'ru-RU,ru;q=0.8,en-US;q=0.6,en;q=0.4', '2014-02-05 23:27:04', '2014-02-05 23:27:09'),
(88, 0, 'INV-2012-00', 0, 'ВсеРоботы.ру', 'http://roboti.grishinmikhail.com/', 0, 1, 'Александр Сергеевич', 'Феоктистов', 'finddelst@gmail.com', '+79262533288', '', 'Александр Сергеевич', 'Феоктистов', '', '', '', '  г. Москва ул. Вятская д.16 кв.72', '', '   ', '   ', 'Российская Федерация', 176, 'Москва', 2761, '', 'Оплата при доставке', 'cod', 'Александр Сергеевич', 'Феоктистов', '', '  г. Москва ул. Вятская д.16 кв.72', '', '   ', '   ', 'Российская Федерация', 176, 'Москва', 2761, '', 'Бесплатная доставка', 'free.free', '', 19600.0000, 1, 0, 0.0000, 1, 1, 'RUB', 1.00000000, '91.241.12.28', '91.241.12.28', 'Mozilla/5.0 (Windows NT 6.1; WOW64) AppleWebKit/537.36 (KHTML, like Gecko) Chrome/32.0.1700.107 Safari/537.36', 'ru-RU,ru;q=0.8,en-US;q=0.6,en;q=0.4', '2014-02-06 12:22:44', '2014-02-06 12:22:46'),
(89, 0, 'INV-2012-00', 0, 'ВсеРоботы.ру', 'http://roboti.grishinmikhail.com/', 0, 1, 'Олеся', 'Наумова', 'naumova.olesja@mail.ru', '   89263623104', '', 'Олеся', 'Наумова', '', '', '', 'г.Москва', '', '   ', '   ', 'Российская Федерация', 176, 'Москва', 2761, '', 'Оплата при доставке', 'cod', 'Олеся Вячеславовна', 'Наумова', '', 'г. Москва', '', 'г. москва', '', 'Российская Федерация', 176, 'Москва', 2761, '', 'Бесплатная доставка', 'free.free', '', 39200.0000, 0, 0, 0.0000, 1, 1, 'RUB', 1.00000000, '217.197.241.12', '217.197.241.12', 'Mozilla/5.0 (Windows NT 5.1) AppleWebKit/537.36 (KHTML, like Gecko) Chrome/32.0.1700.107 Safari/537.36', 'ru-RU,ru;q=0.8,en-US;q=0.6,en;q=0.4', '2014-02-06 15:33:49', '2014-02-06 15:33:49'),
(90, 0, 'INV-2012-00', 0, 'ВсеРоботы.ру', 'http://roboti.grishinmikhail.com/', 0, 1, 'Кристина Александровна', 'Ворожко', 'kv0531@mail.ru', '9099017417   ', '', 'Кристина Александровна', 'Ворожко', '', '', '', '   ', '', '   ', '   ', 'Российская Федерация', 176, 'Москва', 2761, '', 'Оплата при доставке', 'cod', 'Кристина Александровна', 'Ворожко', '', '   ', '', '   ', '   ', 'Российская Федерация', 176, 'Москва', 2761, '', 'Бесплатная доставка', 'free.free', '', 34500.0000, 1, 0, 0.0000, 1, 1, 'RUB', 1.00000000, '109.173.59.106', '109.173.59.106', 'Mozilla/5.0 (iPad; CPU OS 7_0_4 like Mac OS X) AppleWebKit/537.51.1 (KHTML, like Gecko) Version/7.0 Mobile/11B554a Safari/9537.53', 'ru', '2014-02-06 17:20:04', '2014-02-06 17:20:09'),
(91, 0, 'INV-2012-00', 0, 'ВсеРоботы.ру', 'http://roboti.grishinmikhail.com/', 0, 1, 'Екатерина Вячеславовна ', 'Аквит', 'e_akvit@mail.ru', '   89261142985', '', 'Екатерина Вячеславовна ', 'Аквит', '', '', '', '   г. Москва, ул. Орджоникидзе, д.13', '', '   ', '   ', 'Российская Федерация', 176, 'Москва', 2761, '', 'Оплата при доставке', 'cod', 'Екатерина Вячеславовна ', 'Аквит', '', '   г. Москва, ул. Орджоникидзе, д.13', '', '   ', '   ', 'Российская Федерация', 176, 'Москва', 2761, '', 'Бесплатная доставка', 'free.free', 'Москва, ул. Орджоникидзе, д. 13 - студенческое общежитие', 19600.0000, 1, 0, 0.0000, 1, 1, 'RUB', 1.00000000, '94.79.36.218', '94.79.36.218', 'Mozilla/5.0 (Windows NT 6.1; WOW64) AppleWebKit/537.36 (KHTML, like Gecko) Chrome/33.0.1750.117 Safari/537.36', 'ru-RU,ru;q=0.8,en-US;q=0.6,en;q=0.4', '2014-02-26 22:17:56', '2014-02-26 22:18:01'),
(92, 0, 'INV-2012-00', 0, 'ВсеРоботы.ру', 'http://roboti.grishinmikhail.com/', 0, 1, 'Татьяна Леонидовна', 'Гора', 'gora336@yandex.ru', '   8-926-153-52-76', '', 'Татьяна Леонидовна', 'Гора', '', '', '', '   Москва(новая),Рязановское поселение, дер.Алхимово, ул.Полевая, д.32', '', '   ', '   ', 'Российская Федерация', 176, 'Москва', 2761, '', 'Оплата при доставке', 'cod', 'Татьяна Леонидовна', 'Гора', '', '   Москва(новая),Рязановское поселение, дер.Алхимово, ул.Полевая, д.32', '', '   ', '   ', 'Российская Федерация', 176, 'Москва', 2761, '', 'Бесплатная доставка', 'free.free', '', 19600.0000, 1, 0, 0.0000, 1, 1, 'RUB', 1.00000000, '178.215.84.53', '178.215.84.53', 'Mozilla/5.0 (Windows NT 6.1) AppleWebKit/537.36 (KHTML, like Gecko) Chrome/33.0.1750.146 Safari/537.36', 'ru-RU,ru;q=0.8,en-US;q=0.6,en;q=0.4', '2014-03-06 11:29:59', '2014-03-06 11:30:07'),
(93, 0, 'INV-2012-00', 0, 'ВсеРоботы.ру', 'http://roboti.grishinmikhail.com/', 0, 1, 'Екатерина Борисовна', 'Шишкова', 'Shishkova.personal@gmail.com', '   89035324887', '', 'Екатерина Борисовна', 'Шишкова', '', '', '', '   Москва, Лесная Ул. 10-16, кв.15', '', '   ', '   ', 'Российская Федерация', 176, 'Москва', 2761, '', 'Оплата при доставке', 'cod', 'Екатерина Борисовна', 'Шишкова', '', '   Москва, Лесная Ул. 10-16, кв.15', '', '   ', '   ', 'Российская Федерация', 176, 'Москва', 2761, '', 'Бесплатная доставка', 'free.free', '', 14900.0000, 1, 0, 0.0000, 1, 1, 'RUB', 1.00000000, '195.91.172.33', '195.91.172.33', 'Mozilla/5.0 (iPad; CPU OS 6_1_3 like Mac OS X) AppleWebKit/536.26 (KHTML, like Gecko) GSA/3.2.0.25255 Mobile/10B329 Safari/8536.25', 'ru-RU,ru,en-US,en', '2014-03-06 23:38:39', '2014-03-06 23:38:45'),
(94, 0, 'INV-2012-00', 0, 'ВсеРоботы.ру', 'http://roboti.grishinmikhail.com/', 0, 1, 'Мстислав', 'Стокос', 'stokos@mac.com', '   +79219553444', '', 'Мстислав', 'Стокос', '', '', '', '   г. С.Петербург, ул. Курчатова 4-85', '', '   ', '   ', 'Российская Федерация', 176, 'Москва', 2761, '', 'Оплата при доставке', 'cod', 'Мстислав', 'Стокос', '', '   г. С.Петербург, ул. Курчатова 4-85', '', '   ', '   ', 'Российская Федерация', 176, 'Москва', 2761, '', 'Бесплатная доставка', 'free.free', '', 19600.0000, 1, 0, 0.0000, 1, 1, 'RUB', 1.00000000, '5.164.118.86', '5.164.118.86', 'Mozilla/5.0 (Macintosh; Intel Mac OS X 10_9_2) AppleWebKit/537.74.9 (KHTML, like Gecko) Version/7.0.2 Safari/537.74.9', 'ru', '2014-03-24 13:02:21', '2014-03-24 13:02:38'),
(95, 0, 'INV-2012-00', 0, 'ВсеРоботы.ру', 'http://roboti.grishinmikhail.com/', 0, 1, 'роман', 'рожков', 'rvrkot@mail.ru', '   +79219595705', '', 'роман', 'рожков', '', '', '', '   ', '', '   ', '   ', 'Российская Федерация', 176, 'Москва', 2761, '', 'Оплата при доставке', 'cod', 'роман', 'рожков', '', '   ', '', '   ', '   ', 'Российская Федерация', 176, 'Москва', 2761, '', 'Бесплатная доставка', 'free.free', '', 4980.0000, 1, 0, 0.0000, 1, 1, 'RUB', 1.00000000, '94.19.136.195', '94.19.136.195', 'Mozilla/5.0 (Windows NT 6.1) AppleWebKit/537.11 (KHTML, like Gecko) Chrome/23.0.1271.91 Safari/537.11', 'ru-RU,ru;q=0.8,en-US;q=0.6,en;q=0.4', '2014-03-26 10:50:40', '2014-03-26 10:50:56');

-- --------------------------------------------------------

--
-- Структура таблицы `order_download`
--

CREATE TABLE IF NOT EXISTS `order_download` (
  `order_download_id` int(11) NOT NULL AUTO_INCREMENT,
  `order_id` int(11) NOT NULL,
  `order_product_id` int(11) NOT NULL,
  `name` varchar(64) NOT NULL DEFAULT '',
  `filename` varchar(128) NOT NULL DEFAULT '',
  `mask` varchar(128) NOT NULL DEFAULT '',
  `remaining` int(3) NOT NULL DEFAULT '0',
  PRIMARY KEY (`order_download_id`)
) ENGINE=MyISAM DEFAULT CHARSET=utf8 AUTO_INCREMENT=1 ;

-- --------------------------------------------------------

--
-- Структура таблицы `order_fraud`
--

CREATE TABLE IF NOT EXISTS `order_fraud` (
  `order_id` int(11) NOT NULL,
  `customer_id` int(11) NOT NULL,
  `country_match` varchar(3) NOT NULL,
  `country_code` varchar(2) NOT NULL,
  `high_risk_country` varchar(3) NOT NULL,
  `distance` int(11) NOT NULL,
  `ip_region` varchar(255) NOT NULL,
  `ip_city` varchar(255) NOT NULL,
  `ip_latitude` decimal(10,6) NOT NULL,
  `ip_longitude` decimal(10,6) NOT NULL,
  `ip_isp` varchar(255) NOT NULL,
  `ip_org` varchar(255) NOT NULL,
  `ip_asnum` int(11) NOT NULL,
  `ip_user_type` varchar(255) NOT NULL,
  `ip_country_confidence` varchar(3) NOT NULL,
  `ip_region_confidence` varchar(3) NOT NULL,
  `ip_city_confidence` varchar(3) NOT NULL,
  `ip_postal_confidence` varchar(3) NOT NULL,
  `ip_postal_code` varchar(10) NOT NULL,
  `ip_accuracy_radius` int(11) NOT NULL,
  `ip_net_speed_cell` varchar(255) NOT NULL,
  `ip_metro_code` int(3) NOT NULL,
  `ip_area_code` int(3) NOT NULL,
  `ip_time_zone` varchar(255) NOT NULL,
  `ip_region_name` varchar(255) NOT NULL,
  `ip_domain` varchar(255) NOT NULL,
  `ip_country_name` varchar(255) NOT NULL,
  `ip_continent_code` varchar(2) NOT NULL,
  `ip_corporate_proxy` varchar(3) NOT NULL,
  `anonymous_proxy` varchar(3) NOT NULL,
  `proxy_score` int(3) NOT NULL,
  `is_trans_proxy` varchar(3) NOT NULL,
  `free_mail` varchar(3) NOT NULL,
  `carder_email` varchar(3) NOT NULL,
  `high_risk_username` varchar(3) NOT NULL,
  `high_risk_password` varchar(3) NOT NULL,
  `bin_match` varchar(10) NOT NULL,
  `bin_country` varchar(2) NOT NULL,
  `bin_name_match` varchar(3) NOT NULL,
  `bin_name` varchar(255) NOT NULL,
  `bin_phone_match` varchar(3) NOT NULL,
  `bin_phone` varchar(32) NOT NULL,
  `customer_phone_in_billing_location` varchar(8) NOT NULL,
  `ship_forward` varchar(3) NOT NULL,
  `city_postal_match` varchar(3) NOT NULL,
  `ship_city_postal_match` varchar(3) NOT NULL,
  `score` decimal(10,5) NOT NULL,
  `explanation` text NOT NULL,
  `risk_score` decimal(10,5) NOT NULL,
  `queries_remaining` int(11) NOT NULL,
  `maxmind_id` varchar(8) NOT NULL,
  `error` text NOT NULL,
  `date_added` datetime NOT NULL DEFAULT '0000-00-00 00:00:00',
  PRIMARY KEY (`order_id`)
) ENGINE=MyISAM DEFAULT CHARSET=utf8;

-- --------------------------------------------------------

--
-- Структура таблицы `order_history`
--

CREATE TABLE IF NOT EXISTS `order_history` (
  `order_history_id` int(11) NOT NULL AUTO_INCREMENT,
  `order_id` int(11) NOT NULL,
  `order_status_id` int(5) NOT NULL,
  `notify` tinyint(1) NOT NULL DEFAULT '0',
  `comment` text NOT NULL,
  `date_added` datetime NOT NULL DEFAULT '0000-00-00 00:00:00',
  PRIMARY KEY (`order_history_id`)
) ENGINE=MyISAM  DEFAULT CHARSET=utf8 AUTO_INCREMENT=86 ;

--
-- Дамп данных таблицы `order_history`
--

INSERT INTO `order_history` (`order_history_id`, `order_id`, `order_status_id`, `notify`, `comment`, `date_added`) VALUES
(1, 1, 1, 1, '', '2012-07-06 19:13:58'),
(2, 1, 5, 0, '', '2012-07-06 20:37:52'),
(3, 2, 1, 1, '', '2012-07-06 22:33:13'),
(4, 3, 1, 1, '', '2012-07-06 23:26:20'),
(5, 4, 1, 1, '', '2012-07-19 12:04:46'),
(6, 5, 1, 1, '', '2012-07-24 18:34:19'),
(7, 6, 1, 1, '', '2012-07-24 18:57:50'),
(8, 8, 1, 1, '', '2012-07-24 19:32:56'),
(9, 9, 1, 1, '', '2012-07-24 22:58:15'),
(10, 9, 2, 1, '', '2012-07-24 23:00:31'),
(11, 9, 3, 1, '', '2012-07-24 23:00:53'),
(12, 10, 1, 1, '', '2012-07-24 23:03:39'),
(13, 10, 2, 1, '', '2012-07-24 23:05:17'),
(14, 10, 3, 1, '', '2012-07-24 23:05:41'),
(15, 11, 1, 1, '', '2012-07-25 03:05:02'),
(16, 14, 1, 1, '', '2012-07-30 15:06:08'),
(17, 15, 1, 1, '', '2012-08-04 12:56:48'),
(18, 16, 1, 1, '', '2012-08-14 17:14:39'),
(19, 16, 3, 1, 'Спасибо за заказ!', '2012-08-14 17:17:45'),
(20, 17, 1, 1, '', '2012-08-25 14:48:59'),
(21, 18, 1, 1, '', '2012-08-25 14:52:49'),
(22, 19, 1, 1, '', '2012-09-02 23:15:14'),
(23, 21, 1, 1, '', '2012-09-03 10:50:34'),
(24, 22, 1, 1, '', '2012-09-07 16:09:05'),
(25, 22, 5, 0, '', '2012-09-07 16:15:25'),
(26, 23, 1, 1, '', '2012-09-16 22:30:52'),
(27, 24, 1, 1, '', '2012-09-27 11:55:33'),
(28, 26, 1, 1, '', '2012-10-03 17:59:44'),
(29, 29, 1, 1, '', '2012-10-06 03:11:46'),
(30, 30, 1, 1, '', '2012-10-18 14:30:54'),
(31, 31, 1, 1, '', '2012-10-18 23:27:18'),
(32, 32, 1, 1, '', '2012-10-18 23:46:03'),
(33, 33, 1, 1, '', '2012-10-18 23:52:52'),
(34, 34, 1, 1, '', '2012-10-18 23:59:17'),
(35, 35, 1, 1, '', '2012-10-19 00:01:44'),
(36, 36, 1, 1, '', '2012-10-19 19:37:06'),
(37, 37, 1, 1, '', '2012-10-19 19:43:25'),
(38, 38, 1, 1, '', '2012-10-21 00:13:05'),
(39, 39, 1, 1, '', '2012-10-21 01:47:06'),
(40, 40, 1, 1, '', '2012-10-21 01:50:01'),
(41, 41, 1, 1, '', '2012-10-22 16:50:40'),
(42, 42, 1, 1, '', '2012-10-22 18:11:30'),
(43, 43, 1, 1, '', '2012-10-22 19:32:08'),
(44, 44, 1, 1, '', '2012-10-24 16:40:25'),
(45, 45, 1, 1, '', '2012-10-28 14:53:38'),
(46, 46, 1, 1, '', '2012-10-29 13:21:03'),
(47, 48, 1, 1, '', '2012-11-10 15:34:42'),
(48, 49, 1, 1, '', '2012-11-12 10:05:05'),
(49, 50, 1, 1, '', '2012-11-23 22:31:50'),
(50, 52, 1, 1, '', '2012-12-08 10:46:53'),
(51, 53, 1, 1, '', '2012-12-11 20:24:06'),
(52, 54, 1, 1, '', '2012-12-15 10:46:40'),
(53, 55, 1, 1, '', '2012-12-15 21:04:18'),
(54, 56, 1, 1, '', '2012-12-27 15:41:52'),
(55, 58, 1, 1, '', '2013-01-19 18:29:15'),
(56, 61, 1, 1, '', '2013-03-18 15:39:58'),
(57, 63, 1, 1, '', '2013-04-15 19:36:40'),
(58, 64, 1, 1, '', '2013-04-16 18:41:38'),
(59, 65, 1, 1, '', '2013-04-29 10:51:11'),
(60, 66, 1, 1, '', '2013-05-21 15:51:16'),
(61, 67, 1, 1, '', '2013-05-23 21:03:07'),
(62, 70, 1, 1, '', '2013-07-06 11:17:52'),
(63, 72, 1, 1, '', '2013-08-04 15:20:14'),
(64, 73, 1, 1, '', '2013-08-20 16:52:18'),
(65, 74, 1, 1, '', '2013-08-22 08:23:26'),
(66, 75, 1, 1, '', '2013-08-22 12:14:49'),
(67, 76, 1, 1, '', '2013-09-18 16:03:49'),
(68, 77, 1, 1, '', '2013-10-08 20:34:34'),
(69, 78, 1, 1, '', '2013-10-08 20:39:45'),
(70, 79, 1, 1, '', '2013-10-19 09:46:40'),
(71, 80, 1, 1, '', '2013-10-28 21:23:55'),
(72, 81, 1, 1, '', '2013-11-07 23:01:54'),
(73, 82, 1, 1, '', '2013-11-10 14:44:58'),
(74, 83, 1, 1, '', '2013-11-11 20:49:35'),
(75, 84, 1, 1, '', '2013-11-14 16:52:48'),
(76, 85, 1, 1, '', '2013-11-23 00:08:38'),
(77, 86, 1, 1, '', '2013-12-29 12:41:02'),
(78, 87, 1, 1, '', '2014-02-05 23:27:09'),
(79, 88, 1, 1, '', '2014-02-06 12:22:46'),
(80, 90, 1, 1, '', '2014-02-06 17:20:09'),
(81, 91, 1, 1, '', '2014-02-26 22:18:01'),
(82, 92, 1, 1, '', '2014-03-06 11:30:07'),
(83, 93, 1, 1, '', '2014-03-06 23:38:45'),
(84, 94, 1, 1, '', '2014-03-24 13:02:38'),
(85, 95, 1, 1, '', '2014-03-26 10:50:56');

-- --------------------------------------------------------

--
-- Структура таблицы `order_misc`
--

CREATE TABLE IF NOT EXISTS `order_misc` (
  `order_id` int(11) NOT NULL,
  `key` varchar(64) COLLATE utf8_bin NOT NULL,
  `value` text COLLATE utf8_bin NOT NULL,
  PRIMARY KEY (`order_id`,`key`)
) ENGINE=MyISAM DEFAULT CHARSET=utf8 COLLATE=utf8_bin;

-- --------------------------------------------------------

--
-- Структура таблицы `order_option`
--

CREATE TABLE IF NOT EXISTS `order_option` (
  `order_option_id` int(11) NOT NULL AUTO_INCREMENT,
  `order_id` int(11) NOT NULL,
  `order_product_id` int(11) NOT NULL,
  `product_option_id` int(11) NOT NULL,
  `product_option_value_id` int(11) NOT NULL DEFAULT '0',
  `name` varchar(255) NOT NULL,
  `value` text NOT NULL,
  `type` varchar(32) NOT NULL,
  PRIMARY KEY (`order_option_id`)
) ENGINE=MyISAM DEFAULT CHARSET=utf8 AUTO_INCREMENT=1 ;

-- --------------------------------------------------------

--
-- Структура таблицы `order_product`
--

CREATE TABLE IF NOT EXISTS `order_product` (
  `order_product_id` int(11) NOT NULL AUTO_INCREMENT,
  `order_id` int(11) NOT NULL,
  `product_id` int(11) NOT NULL,
  `name` varchar(255) NOT NULL,
  `model` varchar(24) NOT NULL,
  `quantity` int(4) NOT NULL,
  `price` decimal(15,4) NOT NULL DEFAULT '0.0000',
  `total` decimal(15,4) NOT NULL DEFAULT '0.0000',
  `tax` decimal(15,4) NOT NULL DEFAULT '0.0000',
  `reward` int(8) NOT NULL,
  PRIMARY KEY (`order_product_id`)
) ENGINE=MyISAM  DEFAULT CHARSET=utf8 AUTO_INCREMENT=107 ;

--
-- Дамп данных таблицы `order_product`
--

INSERT INTO `order_product` (`order_product_id`, `order_id`, `product_id`, `name`, `model`, `quantity`, `price`, `total`, `tax`, `reward`) VALUES
(1, 1, 50, 'Бабочка в банке', 'Бабочка в банке', 1, 5000.0000, 5000.0000, 0.0000, 0),
(2, 2, 51, 'Робот-пылесос iRobot Roomba 564 PET', 'iRobot Roomba 564 PET', 2, 0.0000, 0.0000, 0.0000, 0),
(3, 2, 50, 'Бабочка в банке', 'Бабочка в банке', 3, 5000.0000, 15000.0000, 0.0000, 0),
(4, 3, 51, 'Робот-пылесос iRobot Roomba 564 PET', 'iRobot Roomba 564 PET', 1, 0.0000, 0.0000, 0.0000, 0),
(8, 4, 66, 'Робот-пылесос  Clatronic BSR 1282', 'Clatronic BSR 1282', 1, 6900.0000, 6900.0000, 0.0000, 0),
(7, 4, 54, 'Робот-пылесос iRobot Roomba 531', 'iRobot Roomba 531', 1, 14500.0000, 14500.0000, 0.0000, 0),
(9, 5, 68, 'Робот-пылесос LG Hom-Bot', 'LG Hom-Bot VR5901LVM', 1, 23900.0000, 23900.0000, 0.0000, 0),
(10, 6, 61, 'Робот-пылесос iRobot Roomba 555', 'iRobot Roomba 555', 1, 19900.0000, 19900.0000, 0.0000, 0),
(11, 6, 66, 'Робот-пылесос  Clatronic BSR 1282', 'Clatronic BSR 1282', 1, 6900.0000, 6900.0000, 0.0000, 0),
(12, 7, 61, 'Робот-пылесос iRobot Roomba 555', 'iRobot Roomba 555', 1, 19900.0000, 19900.0000, 0.0000, 0),
(13, 8, 61, 'Робот-пылесос iRobot Roomba 555', 'iRobot Roomba 555', 1, 19900.0000, 19900.0000, 0.0000, 0),
(14, 9, 92, 'Робот пылесос Yujin Robot iClebo Arte', 'Yujin Robot iClebo Arte', 1, 24000.0000, 24000.0000, 0.0000, 0),
(15, 10, 54, 'Робот-пылесос iRobot Roomba 531', 'iRobot Roomba 531', 1, 14500.0000, 14500.0000, 0.0000, 0),
(16, 10, 61, 'Робот-пылесос iRobot Roomba 555', 'iRobot Roomba 555', 1, 19900.0000, 19900.0000, 0.0000, 0),
(17, 12, 69, 'Игрушечный багги HEXBUG SPL Racing A111', 'HEXBUG SPL Racing A111', 1, 990.0000, 990.0000, 0.0000, 0),
(18, 12, 66, 'Робот-пылесос  Clatronic BSR 1282', 'Clatronic BSR 1282', 1, 6900.0000, 6900.0000, 0.0000, 0),
(19, 13, 56, 'Робот-пылесос iRobot Roomba 770', 'iRobot Roomba 770', 1, 25400.0000, 25400.0000, 0.0000, 0),
(20, 14, 56, 'Робот-пылесос iRobot Roomba 770', 'iRobot Roomba 770', 2, 25400.0000, 50800.0000, 0.0000, 0),
(21, 15, 98, 'Робот-пылесос iRobot Roomba 790', 'iRobot Roomba 790', 1, 33800.0000, 33800.0000, 0.0000, 0),
(22, 16, 92, 'Робот пылесос Yujin Robot iClebo Arte', 'Yujin Robot iClebo Arte', 1, 22900.0000, 22900.0000, 0.0000, 0),
(23, 17, 51, 'Робот-пылесос iRobot Roomba 564 PET', 'iRobot Roomba 564 PET', 1, 20900.0000, 20900.0000, 0.0000, 0),
(24, 18, 59, 'Робот-пылесос Deebot D58', 'Deebot D58', 1, 13800.0000, 13800.0000, 0.0000, 0),
(25, 19, 79, 'Робот-пылесос Roomy Silver Dog', 'RobZone Roomy Silver Dog', 1, 20450.0000, 20450.0000, 0.0000, 0),
(26, 20, 92, 'Робот пылесос Yujin Robot iClebo Arte', 'Yujin Robot iClebo Arte', 1, 22900.0000, 22900.0000, 0.0000, 0),
(27, 21, 92, 'Робот пылесос Yujin Robot iClebo Arte', 'Yujin Robot iClebo Arte', 1, 22900.0000, 22900.0000, 0.0000, 0),
(28, 23, 52, 'Робот-пылесос iRobot Roomba 780', 'iRobot Roomba 780', 1, 29400.0000, 29400.0000, 0.0000, 0),
(29, 24, 107, 'Конструктор LEGO Mindstorms NXT 2.0', 'Mindstorms NXT 2.0', 1, 12100.0000, 12100.0000, 0.0000, 0),
(30, 25, 151, 'Робот-пылесос NeoRobot R1', 'NeoRobot R1', 1, 11900.0000, 11900.0000, 0.0000, 0),
(31, 26, 151, 'Робот-пылесос NeoRobot R1', 'NeoRobot R1', 1, 11900.0000, 11900.0000, 0.0000, 0),
(32, 27, 74, 'Робот пылесос Deebot D76', 'Deebot D76', 1, 22200.0000, 22200.0000, 0.0000, 0),
(33, 28, 74, 'Робот пылесос Deebot D76', 'Deebot D76', 1, 22200.0000, 22200.0000, 0.0000, 0),
(34, 29, 74, 'Робот пылесос Deebot D76', 'Deebot D76', 1, 22200.0000, 22200.0000, 0.0000, 0),
(35, 30, 92, 'Робот пылесос Yujin Robot iClebo Arte', 'Yujin Robot iClebo Arte', 1, 22700.0000, 22700.0000, 0.0000, 0),
(36, 31, 98, 'Робот-пылесос iRobot Roomba 790', 'iRobot Roomba 790', 1, 33800.0000, 33800.0000, 0.0000, 0),
(37, 32, 65, 'Робот-пылесос iRobot Roomba 521', 'iRobot Roomba 521', 1, 12900.0000, 12900.0000, 0.0000, 0),
(38, 33, 67, 'Робот для чистки бассейна iRobot Verro 300', 'iRobot Verro 300', 1, 33900.0000, 33900.0000, 0.0000, 0),
(39, 34, 86, 'Робот пылесос Neato Robotics XV-11', 'Neato XV-11', 1, 19300.0000, 19300.0000, 0.0000, 0),
(40, 35, 98, 'Робот-пылесос iRobot Roomba 790', 'iRobot Roomba 790', 1, 33800.0000, 33800.0000, 0.0000, 0),
(41, 36, 80, 'Робот-пылесос Robzone Roomy Gold', ' RobZone Roomy Gold', 1, 22250.0000, 22250.0000, 0.0000, 0),
(42, 37, 92, 'Робот пылесос Yujin Robot iClebo Arte', 'Yujin Robot iClebo Arte', 1, 22700.0000, 22700.0000, 0.0000, 0),
(43, 38, 68, 'Робот-пылесос LG Hom-Bot', 'LG Hom-Bot VR5901LVM', 1, 23900.0000, 23900.0000, 0.0000, 0),
(44, 38, 74, 'Робот пылесос Deebot D76', 'Deebot D76', 1, 22200.0000, 22200.0000, 0.0000, 0),
(45, 39, 80, 'Робот-пылесос Robzone Roomy Gold', ' RobZone Roomy Gold', 2, 22250.0000, 44500.0000, 0.0000, 0),
(46, 40, 80, 'Робот-пылесос Robzone Roomy Gold', ' RobZone Roomy Gold', 2, 22250.0000, 44500.0000, 0.0000, 0),
(47, 41, 80, 'Робот-пылесос Robzone Roomy Gold', ' RobZone Roomy Gold', 1, 22250.0000, 22250.0000, 0.0000, 0),
(48, 41, 51, 'Робот-пылесос iRobot Roomba 564 PET', 'iRobot Roomba 564 PET', 1, 20900.0000, 20900.0000, 0.0000, 0),
(49, 42, 150, 'РОБОТ-ПЫЛЕСОС RYDIS R750', 'Rydis R750', 1, 24900.0000, 24900.0000, 0.0000, 0),
(50, 42, 80, 'Робот-пылесос Robzone Roomy Gold', ' RobZone Roomy Gold', 2, 22250.0000, 44500.0000, 0.0000, 0),
(51, 43, 80, 'Робот-пылесос Robzone Roomy Gold', ' RobZone Roomy Gold', 2, 22250.0000, 44500.0000, 0.0000, 0),
(52, 43, 51, 'Робот-пылесос iRobot Roomba 564 PET', 'iRobot Roomba 564 PET', 1, 20900.0000, 20900.0000, 0.0000, 0),
(53, 44, 98, 'Робот-пылесос iRobot Roomba 790', 'iRobot Roomba 790', 1, 33800.0000, 33800.0000, 0.0000, 0),
(54, 45, 92, 'Робот пылесос Yujin Robot iClebo Arte', 'Yujin Robot iClebo Arte', 1, 22700.0000, 22700.0000, 0.0000, 0),
(55, 46, 146, 'База для подзарядки роботов-пылесосов iClebo', 'База для подзарядки робо', 1, 2650.0000, 2650.0000, 0.0000, 0),
(56, 47, 80, 'Робот пылесос Robzone Roomy Gold', ' RobZone Roomy Gold', 2, 16980.0000, 33960.0000, 0.0000, 0),
(57, 48, 138, 'Чистящий блок для Roomba', 'Чистящий блок для Roomba', 1, 1780.0000, 1780.0000, 0.0000, 0),
(58, 49, 87, 'Робот пылесос Neato Robotics XV-21', 'Neato XV-21', 1, 21390.0000, 21390.0000, 0.0000, 0),
(59, 50, 92, 'Робот пылесос Yujin Robot iClebo Arte', 'Yujin Robot iClebo Arte', 1, 22700.0000, 22700.0000, 0.0000, 0),
(60, 51, 109, 'Робот-тамагочи U.bo', 'Робот-тамагочи U.bo', 3, 2850.0000, 8550.0000, 0.0000, 0),
(61, 52, 109, 'Робот-тамагочи U.bo', 'Робот-тамагочи U.bo', 1, 2850.0000, 2850.0000, 0.0000, 0),
(62, 53, 51, 'Робот-пылесос iRobot Roomba 564 PET', 'iRobot Roomba 564 PET', 1, 19800.0000, 19800.0000, 0.0000, 0),
(63, 54, 109, 'Робот-тамагочи U.bo', 'Робот-тамагочи U.bo', 1, 2850.0000, 2850.0000, 0.0000, 0),
(64, 55, 109, 'Робот-тамагочи U.bo', 'Робот-тамагочи U.bo', 1, 2850.0000, 2850.0000, 0.0000, 0),
(65, 56, 153, 'WowWee Alive Leopard', 'Leopard', 1, 3750.0000, 3750.0000, 0.0000, 0),
(66, 57, 109, 'Робот-тамагочи U.bo', 'Робот-тамагочи U.bo', 1, 2850.0000, 2850.0000, 0.0000, 0),
(67, 58, 80, 'Робот пылесос Robzone Roomy Gold', 'Roomy-Gold', 1, 18980.0000, 18980.0000, 0.0000, 0),
(68, 59, 136, 'Антибактериальный фильтр для пылесосов Neato', 'Антибактериальный фильтр', 1, 1340.0000, 1340.0000, 0.0000, 0),
(69, 60, 156, 'Робот пылесос iClebo Arte Sakura', 'Yujin Arte Sakura', 1, 21000.0000, 21000.0000, 0.0000, 0),
(70, 61, 156, 'Робот пылесос iClebo Arte Sakura', 'Yujin Arte Sakura', 1, 21000.0000, 21000.0000, 0.0000, 0),
(71, 62, 112, 'Плеер Sony Rolly', 'Sony Rolly', 1, 10100.0000, 10100.0000, 0.0000, 0),
(72, 63, 109, 'Робот-тамагочи U.bo', 'Робот-тамагочи U.bo', 2, 2850.0000, 5700.0000, 0.0000, 0),
(73, 64, 109, 'Робот-тамагочи U.bo', 'Робот-тамагочи U.bo', 2, 2850.0000, 5700.0000, 0.0000, 0),
(74, 65, 111, 'Робот RoboBuilder 5710K', 'RoboBuilder 5710K', 2, 29700.0000, 59400.0000, 0.0000, 0),
(75, 66, 103, 'WowWee Rovio Mobile', 'Rovio Mobile', 1, 15450.0000, 15450.0000, 0.0000, 0),
(76, 67, 109, 'Робот-тамагочи U.bo', 'Робот-тамагочи U.bo', 1, 2850.0000, 2850.0000, 0.0000, 0),
(77, 68, 106, 'Игрушечная машинка Horizon FCT H-Racer', 'Horizon FCT H-Racer', 1, 5990.0000, 5990.0000, 0.0000, 0),
(78, 69, 95, 'Робот пылесос Clever&amp;Clean М-001', 'Clever&amp;Clean M-001', 1, 4990.0000, 4990.0000, 0.0000, 0),
(79, 70, 95, 'Робот пылесос Clever&amp;Clean М-001', 'Clever&amp;Clean M-001', 1, 4990.0000, 4990.0000, 0.0000, 0),
(80, 71, 92, 'Робот пылесос iClebo Arte', 'Yujin-Robot-iClebo-Arte', 1, 19600.0000, 19600.0000, 0.0000, 0),
(81, 72, 109, 'Робот-тамагочи U.bo', 'Робот-тамагочи U.bo', 1, 2850.0000, 2850.0000, 0.0000, 0),
(82, 73, 92, 'Робот пылесос iClebo Arte', 'Yujin-Robot-iClebo-Arte', 1, 19600.0000, 19600.0000, 0.0000, 0),
(83, 74, 111, 'Робот RoboBuilder 5710K', 'RoboBuilder 5710K', 2, 29700.0000, 59400.0000, 0.0000, 0),
(84, 75, 111, 'Робот RoboBuilder 5710K', 'RoboBuilder 5710K', 1, 29700.0000, 29700.0000, 0.0000, 0),
(85, 76, 136, 'Антибактериальный фильтр для пылесосов Neato', 'Антибактериальный фильтр', 2, 1340.0000, 2680.0000, 0.0000, 0),
(86, 76, 87, 'Робот пылесос Neato Robotics XV-21', 'Neato XV-21', 1, 18900.0000, 18900.0000, 0.0000, 0),
(87, 77, 92, 'Робот пылесос iClebo Arte', 'Yujin-Robot-iClebo-Arte', 1, 19600.0000, 19600.0000, 0.0000, 0),
(88, 78, 92, 'Робот пылесос iClebo Arte', 'Yujin-Robot-iClebo-Arte', 1, 19600.0000, 19600.0000, 0.0000, 0),
(89, 79, 109, 'Робот-тамагочи U.bo', 'Робот-тамагочи U.bo', 1, 2850.0000, 2850.0000, 0.0000, 0),
(90, 80, 109, 'Робот-тамагочи U.bo', 'Робот-тамагочи U.bo', 1, 2850.0000, 2850.0000, 0.0000, 0),
(91, 81, 109, 'Робот-тамагочи U.bo', 'Робот-тамагочи U.bo', 1, 2850.0000, 2850.0000, 0.0000, 0),
(92, 82, 92, 'Робот пылесос iClebo Arte', 'Yujin-Robot-iClebo-Arte', 1, 19600.0000, 19600.0000, 0.0000, 0),
(93, 83, 56, 'Робот-пылесос iRobot Roomba 770', 'iRobot Roomba 770', 1, 20900.0000, 20900.0000, 0.0000, 0),
(94, 84, 112, 'Плеер Sony Rolly', 'Sony Rolly', 1, 10100.0000, 10100.0000, 0.0000, 0),
(95, 85, 168, 'Robotis Bioloid GP', 'Robotis Bioloid GP', 2, 129000.0000, 258000.0000, 0.0000, 0),
(96, 86, 92, 'Робот пылесос iClebo Arte', 'Yujin-Robot-iClebo-Arte', 1, 19600.0000, 19600.0000, 0.0000, 0),
(97, 87, 160, 'Робот пылесос iClebo Pop Phantom', 'iClebo Pop Phantom', 1, 14900.0000, 14900.0000, 0.0000, 0),
(98, 88, 92, 'Робот пылесос iClebo Arte', 'Yujin-Robot-iClebo-Arte', 1, 19600.0000, 19600.0000, 0.0000, 0),
(99, 89, 92, 'Робот пылесос iClebo Arte', 'Yujin-Robot-iClebo-Arte', 2, 19600.0000, 39200.0000, 0.0000, 0),
(100, 90, 161, 'Робот пылесос iClebo Pop Lemon', 'iClebo Pop Lemon', 1, 14900.0000, 14900.0000, 0.0000, 0),
(101, 90, 157, 'Робот пылесос iClebo Arte Silver', 'Yujin Arte Silver', 1, 19600.0000, 19600.0000, 0.0000, 0),
(102, 91, 157, 'Робот пылесос iClebo Arte Silver', 'Yujin Arte Silver', 1, 19600.0000, 19600.0000, 0.0000, 0),
(103, 92, 92, 'Робот пылесос iClebo Arte', 'Yujin-Robot-iClebo-Arte', 1, 19600.0000, 19600.0000, 0.0000, 0),
(104, 93, 160, 'Робот пылесос iClebo Pop Phantom', 'iClebo Pop Phantom', 1, 14900.0000, 14900.0000, 0.0000, 0),
(105, 94, 92, 'Робот пылесос iClebo Arte', 'Yujin-Robot-iClebo-Arte', 1, 19600.0000, 19600.0000, 0.0000, 0),
(106, 95, 175, 'Robotis OLLO Bug', 'Robotis OLLO Bug', 1, 4980.0000, 4980.0000, 0.0000, 0);

-- --------------------------------------------------------

--
-- Структура таблицы `order_status`
--

CREATE TABLE IF NOT EXISTS `order_status` (
  `order_status_id` int(11) NOT NULL AUTO_INCREMENT,
  `language_id` int(11) NOT NULL,
  `name` varchar(32) NOT NULL,
  PRIMARY KEY (`order_status_id`,`language_id`)
) ENGINE=MyISAM  DEFAULT CHARSET=utf8 AUTO_INCREMENT=17 ;

--
-- Дамп данных таблицы `order_status`
--

INSERT INTO `order_status` (`order_status_id`, `language_id`, `name`) VALUES
(2, 1, 'В обработке'),
(3, 1, 'Доставлено'),
(7, 1, 'Отменено'),
(5, 1, 'Сделка завершена'),
(8, 1, 'Возврат'),
(9, 1, 'Отмена и аннулирование'),
(10, 1, 'Неудавшийся'),
(11, 1, 'Возмещенный'),
(12, 1, 'Полностью измененный'),
(13, 1, 'Полный возврат'),
(1, 1, 'Ожидание'),
(16, 1, 'Voided'),
(15, 1, 'Processed'),
(14, 1, 'Expired');

-- --------------------------------------------------------

--
-- Структура таблицы `order_total`
--

CREATE TABLE IF NOT EXISTS `order_total` (
  `order_total_id` int(10) NOT NULL AUTO_INCREMENT,
  `order_id` int(11) NOT NULL,
  `code` varchar(32) NOT NULL,
  `title` varchar(255) NOT NULL DEFAULT '',
  `text` varchar(255) NOT NULL DEFAULT '',
  `value` decimal(15,4) NOT NULL DEFAULT '0.0000',
  `sort_order` int(3) NOT NULL,
  PRIMARY KEY (`order_total_id`),
  KEY `idx_orders_total_orders_id` (`order_id`)
) ENGINE=MyISAM  DEFAULT CHARSET=utf8 AUTO_INCREMENT=294 ;

--
-- Дамп данных таблицы `order_total`
--

INSERT INTO `order_total` (`order_total_id`, `order_id`, `code`, `title`, `text`, `value`, `sort_order`) VALUES
(1, 1, 'sub_total', 'Сумма', '161635.00 р.', 5000.0000, 1),
(2, 1, 'shipping', 'Фиксированная стоимость доставки', '161.63 р.', 5.0000, 3),
(3, 1, 'total', 'Итого', '161796.63 р.', 5005.0000, 9),
(4, 2, 'sub_total', 'Сумма', '15000.00 р.', 15000.0000, 1),
(5, 2, 'shipping', 'Фиксированная стоимость доставки', '5.00 р.', 5.0000, 3),
(6, 2, 'total', 'Итого', '15005.00 р.', 15005.0000, 9),
(7, 3, 'sub_total', 'Сумма', '0.00 р.', 0.0000, 1),
(8, 3, 'shipping', 'Фиксированная стоимость доставки', '5.00 р.', 5.0000, 3),
(9, 3, 'total', 'Итого', '5.00 р.', 5.0000, 9),
(14, 4, 'shipping', 'Фиксированная стоимость доставки', '5.00 р.', 5.0000, 3),
(13, 4, 'sub_total', 'Сумма', '21400.00 р.', 21400.0000, 1),
(15, 4, 'total', 'Итого', '21405.00 р.', 21405.0000, 9),
(16, 5, 'sub_total', 'Сумма', '23900.00 р.', 23900.0000, 1),
(17, 5, 'shipping', 'Фиксированная стоимость доставки', '5.00 р.', 5.0000, 3),
(18, 5, 'total', 'Итого', '23905.00 р.', 23905.0000, 9),
(19, 6, 'sub_total', 'Сумма', '26800.00 р.', 26800.0000, 1),
(20, 6, 'shipping', 'Фиксированная стоимость доставки', '5.00 р.', 5.0000, 3),
(21, 6, 'total', 'Итого', '26805.00 р.', 26805.0000, 9),
(22, 7, 'sub_total', 'Сумма', '19900.00 р.', 19900.0000, 1),
(23, 7, 'shipping', 'Фиксированная стоимость доставки', '5.00 р.', 5.0000, 3),
(24, 7, 'total', 'Итого', '19905.00 р.', 19905.0000, 9),
(25, 8, 'sub_total', 'Сумма', '19900.00 р.', 19900.0000, 1),
(26, 8, 'shipping', 'Фиксированная стоимость доставки', '5.00 р.', 5.0000, 3),
(27, 8, 'total', 'Итого', '19905.00 р.', 19905.0000, 9),
(28, 9, 'sub_total', 'Сумма', '24000.00 р.', 24000.0000, 1),
(29, 9, 'shipping', 'Фиксированная стоимость доставки', '5.00 р.', 5.0000, 3),
(30, 9, 'total', 'Итого', '24005.00 р.', 24005.0000, 9),
(31, 10, 'sub_total', 'Сумма', '34400.00 р.', 34400.0000, 1),
(32, 10, 'shipping', 'Фиксированная стоимость доставки', '5.00 р.', 5.0000, 3),
(33, 10, 'total', 'Итого', '34405.00 р.', 34405.0000, 9),
(34, 11, 'sub_total', 'Сумма', '1000.00 р.', 1000.0000, 1),
(35, 11, 'total', 'Итого', '1000.00 р.', 1000.0000, 9),
(36, 12, 'sub_total', 'Сумма', '7890.00 р.', 7890.0000, 1),
(37, 12, 'shipping', 'Фиксированная стоимость доставки', '5.00 р.', 5.0000, 3),
(38, 12, 'total', 'Итого', '7895.00 р.', 7895.0000, 9),
(39, 13, 'sub_total', 'Сумма', '25400.00 р.', 25400.0000, 1),
(40, 13, 'shipping', 'Фиксированная стоимость доставки', '390.00 р.', 390.0000, 3),
(41, 13, 'total', 'Итого', '25790.00 р.', 25790.0000, 9),
(42, 14, 'sub_total', 'Сумма', '50800.00 р.', 50800.0000, 1),
(43, 14, 'shipping', 'Доставка по Москве курьером', '390.00 р.', 390.0000, 3),
(44, 14, 'total', 'Итого', '51190.00 р.', 51190.0000, 9),
(45, 15, 'sub_total', 'Сумма', '33800.00 р.', 33800.0000, 1),
(46, 15, 'shipping', 'Доставка по Москве курьером', '390.00 р.', 390.0000, 3),
(47, 15, 'total', 'Итого', '34190.00 р.', 34190.0000, 9),
(48, 16, 'sub_total', 'Сумма', '22900.00 р.', 22900.0000, 1),
(49, 16, 'shipping', 'Доставка по Москве курьером', '390.00 р.', 390.0000, 3),
(50, 16, 'total', 'Итого', '23290.00 р.', 23290.0000, 9),
(51, 17, 'sub_total', 'Сумма', '20900.00 р.', 20900.0000, 1),
(52, 17, 'shipping', 'Бесплатная доставка', '0.00 р.', 0.0000, 3),
(53, 17, 'total', 'Итого', '20900.00 р.', 20900.0000, 9),
(54, 18, 'sub_total', 'Сумма', '13800.00 р.', 13800.0000, 1),
(55, 18, 'shipping', 'Доставка по Москве курьером', '390.00 р.', 390.0000, 3),
(56, 18, 'total', 'Итого', '14190.00 р.', 14190.0000, 9),
(57, 19, 'sub_total', 'Сумма', '20450.00 р.', 20450.0000, 1),
(58, 19, 'shipping', 'Бесплатная доставка', '0.00 р.', 0.0000, 3),
(59, 19, 'coupon', 'Купон (VSEROBOTY):', '-1022.50 р.', -1022.5000, 4),
(60, 19, 'total', 'Итого', '19427.50 р.', 19427.5000, 9),
(61, 20, 'sub_total', 'Сумма', '22900.00 р.', 22900.0000, 1),
(62, 20, 'shipping', 'Доставка по Москве курьером', '300.00 р.', 300.0000, 3),
(63, 20, 'coupon', 'Купон (VSEROBOTY):', '-1145.00 р.', -1145.0000, 4),
(64, 20, 'total', 'Итого', '22055.00 р.', 22055.0000, 9),
(65, 21, 'sub_total', 'Сумма', '22900.00 р.', 22900.0000, 1),
(66, 21, 'shipping', 'Бесплатная доставка', '0.00 р.', 0.0000, 3),
(67, 21, 'coupon', 'Купон (VSEROBOTY):', '-1145.00 р.', -1145.0000, 4),
(68, 21, 'total', 'Итого', '21755.00 р.', 21755.0000, 9),
(69, 22, 'sub_total', 'Сумма', '10000.00 р.', 10000.0000, 1),
(70, 22, 'total', 'Итого', '10000.00 р.', 10000.0000, 9),
(71, 23, 'sub_total', 'Сумма', '29400.00 р.', 29400.0000, 1),
(72, 23, 'shipping', 'Бесплатная доставка', '0.00 р.', 0.0000, 3),
(73, 23, 'coupon', 'Купон (VSEROBOTY):', '-1470.00 р.', -1470.0000, 4),
(74, 23, 'total', 'Итого', '27930.00 р.', 27930.0000, 9),
(75, 24, 'sub_total', 'Сумма', '12100.00 р.', 12100.0000, 1),
(76, 24, 'shipping', 'Доставка по Москве курьером', '300.00 р.', 300.0000, 3),
(77, 24, 'total', 'Итого', '12400.00 р.', 12400.0000, 9),
(78, 25, 'sub_total', 'Сумма', '11900.00 р.', 11900.0000, 1),
(79, 25, 'shipping', 'Доставка по Москве курьером', '300.00 р.', 300.0000, 3),
(80, 25, 'total', 'Итого', '12200.00 р.', 12200.0000, 9),
(81, 26, 'sub_total', 'Сумма', '11900.00 р.', 11900.0000, 1),
(82, 26, 'shipping', 'Доставка по Москве курьером', '300.00 р.', 300.0000, 3),
(83, 26, 'coupon', 'Купон (VSEROBOTY):', '-595.00 р.', -595.0000, 4),
(84, 26, 'total', 'Итого', '11605.00 р.', 11605.0000, 9),
(85, 27, 'sub_total', 'Сумма', '22200.00 р.', 22200.0000, 1),
(86, 27, 'shipping', 'Доставка по Москве курьером', '300.00 р.', 300.0000, 3),
(87, 27, 'coupon', 'Купон (vseroboty):', '-1110.00 р.', -1110.0000, 4),
(88, 27, 'total', 'Итого', '21390.00 р.', 21390.0000, 9),
(89, 28, 'sub_total', 'Сумма', '22200.00 р.', 22200.0000, 1),
(90, 28, 'shipping', 'Бесплатная доставка', '0.00 р.', 0.0000, 3),
(91, 28, 'coupon', 'Купон (vseroboty):', '-1110.00 р.', -1110.0000, 4),
(92, 28, 'total', 'Итого', '21090.00 р.', 21090.0000, 9),
(93, 29, 'sub_total', 'Сумма', '22200.00 р.', 22200.0000, 1),
(94, 29, 'shipping', 'Доставка по Москве курьером', '300.00 р.', 300.0000, 3),
(95, 29, 'coupon', 'Купон (vseroboty):', '-1110.00 р.', -1110.0000, 4),
(96, 29, 'total', 'Итого', '21390.00 р.', 21390.0000, 9),
(97, 30, 'sub_total', 'Сумма', '22700.00 р.', 22700.0000, 1),
(98, 30, 'shipping', 'Бесплатная доставка', '0.00 р.', 0.0000, 3),
(99, 30, 'coupon', 'Купон (VSEROBOTY):', '-1135.00 р.', -1135.0000, 4),
(100, 30, 'total', 'Итого', '21565.00 р.', 21565.0000, 9),
(101, 31, 'sub_total', 'Сумма', '33800.00 р.', 33800.0000, 1),
(102, 31, 'shipping', 'Доставка по Москве курьером', '300.00 р.', 300.0000, 3),
(103, 31, 'coupon', 'Купон (VSEROBOTY):', '-1690.00 р.', -1690.0000, 4),
(104, 31, 'total', 'Итого', '32410.00 р.', 32410.0000, 9),
(105, 32, 'sub_total', 'Сумма', '12900.00 р.', 12900.0000, 1),
(106, 32, 'shipping', 'Доставка по Москве курьером', '300.00 р.', 300.0000, 3),
(107, 32, 'total', 'Итого', '13200.00 р.', 13200.0000, 9),
(108, 33, 'sub_total', 'Сумма', '33900.00 р.', 33900.0000, 1),
(109, 33, 'shipping', 'Доставка по Москве курьером', '300.00 р.', 300.0000, 3),
(110, 33, 'total', 'Итого', '34200.00 р.', 34200.0000, 9),
(111, 34, 'sub_total', 'Сумма', '19300.00 р.', 19300.0000, 1),
(112, 34, 'shipping', 'Доставка по Москве курьером', '300.00 р.', 300.0000, 3),
(113, 34, 'coupon', 'Купон (VSEROBOTY):', '-965.00 р.', -965.0000, 4),
(114, 34, 'total', 'Итого', '18635.00 р.', 18635.0000, 9),
(115, 35, 'sub_total', 'Сумма', '33800.00 р.', 33800.0000, 1),
(116, 35, 'shipping', 'Доставка по Москве курьером', '300.00 р.', 300.0000, 3),
(117, 35, 'total', 'Итого', '34100.00 р.', 34100.0000, 9),
(118, 36, 'sub_total', 'Сумма', '22250.00 р.', 22250.0000, 1),
(119, 36, 'shipping', 'Доставка по Москве курьером', '300.00 р.', 300.0000, 3),
(120, 36, 'total', 'Итого', '22550.00 р.', 22550.0000, 9),
(121, 37, 'sub_total', 'Сумма', '22700.00 р.', 22700.0000, 1),
(122, 37, 'shipping', 'Доставка по Москве курьером', '300.00 р.', 300.0000, 3),
(123, 37, 'total', 'Итого', '23000.00 р.', 23000.0000, 9),
(124, 38, 'sub_total', 'Сумма', '46100.00 р.', 46100.0000, 1),
(125, 38, 'shipping', 'Бесплатная доставка', '0.00 р.', 0.0000, 3),
(126, 38, 'total', 'Итого', '46100.00 р.', 46100.0000, 9),
(127, 39, 'sub_total', 'Сумма', '44500.00 р.', 44500.0000, 1),
(128, 39, 'shipping', 'Доставка по Москве курьером', '300.00 р.', 300.0000, 3),
(129, 39, 'coupon', 'Купон (VSEROBOTY):', '-2225.00 р.', -2225.0000, 4),
(130, 39, 'total', 'Итого', '42575.00 р.', 42575.0000, 9),
(131, 40, 'sub_total', 'Сумма', '44500.00 р.', 44500.0000, 1),
(132, 40, 'shipping', 'Доставка по Москве курьером', '300.00 р.', 300.0000, 3),
(133, 40, 'total', 'Итого', '44800.00 р.', 44800.0000, 9),
(134, 41, 'sub_total', 'Сумма', '43150.00 р.', 43150.0000, 1),
(135, 41, 'shipping', 'Доставка по Москве курьером', '300.00 р.', 300.0000, 3),
(136, 41, 'total', 'Итого', '43450.00 р.', 43450.0000, 9),
(137, 42, 'sub_total', 'Сумма', '69400.00 р.', 69400.0000, 1),
(138, 42, 'shipping', 'Доставка по Москве курьером', '300.00 р.', 300.0000, 3),
(139, 42, 'total', 'Итого', '69700.00 р.', 69700.0000, 9),
(140, 43, 'sub_total', 'Сумма', '65400.00 р.', 65400.0000, 1),
(141, 43, 'shipping', 'Доставка по Москве курьером', '300.00 р.', 300.0000, 3),
(142, 43, 'total', 'Итого', '65700.00 р.', 65700.0000, 9),
(143, 44, 'sub_total', 'Сумма', '33800.00 р.', 33800.0000, 1),
(144, 44, 'shipping', 'Доставка по Москве курьером', '300.00 р.', 300.0000, 3),
(145, 44, 'total', 'Итого', '34100.00 р.', 34100.0000, 9),
(146, 45, 'sub_total', 'Сумма', '22700.00 р.', 22700.0000, 1),
(147, 45, 'shipping', 'Бесплатная доставка', '0.00 р.', 0.0000, 3),
(148, 45, 'coupon', 'Купон (VSEROBOTY):', '-1135.00 р.', -1135.0000, 4),
(149, 45, 'total', 'Итого', '21565.00 р.', 21565.0000, 9),
(150, 46, 'sub_total', 'Сумма', '2650.00 р.', 2650.0000, 1),
(151, 46, 'shipping', 'Доставка по Москве курьером', '300.00 р.', 300.0000, 3),
(152, 46, 'total', 'Итого', '2950.00 р.', 2950.0000, 9),
(153, 47, 'sub_total', 'Сумма', '33960.00 р.', 33960.0000, 1),
(154, 47, 'shipping', 'Бесплатная доставка', '0.00 р.', 0.0000, 3),
(155, 47, 'coupon', 'Купон (vseroboty):', '-1698.00 р.', -1698.0000, 4),
(156, 47, 'total', 'Итого', '32262.00 р.', 32262.0000, 9),
(157, 48, 'sub_total', 'Сумма', '1780.00 р.', 1780.0000, 1),
(158, 48, 'shipping', 'Доставка по Москве курьером', '300.00 р.', 300.0000, 3),
(159, 48, 'total', 'Итого', '2080.00 р.', 2080.0000, 9),
(160, 49, 'sub_total', 'Сумма', '21390.00 р.', 21390.0000, 1),
(161, 49, 'shipping', 'Доставка по Москве курьером', '300.00 р.', 300.0000, 3),
(162, 49, 'total', 'Итого', '21690.00 р.', 21690.0000, 9),
(163, 50, 'sub_total', 'Сумма', '22700.00 р.', 22700.0000, 1),
(164, 50, 'shipping', 'Бесплатная доставка', '0.00 р.', 0.0000, 3),
(165, 50, 'coupon', 'Купон (vseroboty):', '-1135.00 р.', -1135.0000, 4),
(166, 50, 'total', 'Итого', '21565.00 р.', 21565.0000, 9),
(167, 51, 'sub_total', 'Сумма', '8550.00 р.', 8550.0000, 1),
(168, 51, 'shipping', 'Доставка по Москве курьером', '300.00 р.', 300.0000, 3),
(169, 51, 'total', 'Итого', '8850.00 р.', 8850.0000, 9),
(170, 52, 'sub_total', 'Сумма', '2850.00 р.', 2850.0000, 1),
(171, 52, 'shipping', 'Доставка по Москве курьером', '300.00 р.', 300.0000, 3),
(172, 52, 'total', 'Итого', '3150.00 р.', 3150.0000, 9),
(173, 53, 'sub_total', 'Сумма', '19800.00 р.', 19800.0000, 1),
(174, 53, 'shipping', 'Доставка по Москве курьером', '300.00 р.', 300.0000, 3),
(175, 53, 'total', 'Итого', '20100.00 р.', 20100.0000, 9),
(176, 54, 'sub_total', 'Сумма', '2850.00 р.', 2850.0000, 1),
(177, 54, 'shipping', 'Доставка по Москве курьером', '300.00 р.', 300.0000, 3),
(178, 54, 'total', 'Итого', '3150.00 р.', 3150.0000, 9),
(179, 55, 'sub_total', 'Сумма', '2850.00 р.', 2850.0000, 1),
(180, 55, 'shipping', 'Доставка по Москве курьером', '300.00 р.', 300.0000, 3),
(181, 55, 'total', 'Итого', '3150.00 р.', 3150.0000, 9),
(182, 56, 'sub_total', 'Сумма', '3750.00 р.', 3750.0000, 1),
(183, 56, 'shipping', 'Доставка по Москве курьером', '300.00 р.', 300.0000, 3),
(184, 56, 'total', 'Итого', '4050.00 р.', 4050.0000, 9),
(185, 57, 'sub_total', 'Сумма', '2850.00 р.', 2850.0000, 1),
(186, 57, 'shipping', 'Доставка по Москве курьером', '300.00 р.', 300.0000, 3),
(187, 57, 'total', 'Итого', '3150.00 р.', 3150.0000, 9),
(188, 58, 'sub_total', 'Сумма', '18980.00 р.', 18980.0000, 1),
(189, 58, 'shipping', 'Доставка по Москве курьером', '300.00 р.', 300.0000, 3),
(190, 58, 'total', 'Итого', '19280.00 р.', 19280.0000, 9),
(191, 59, 'sub_total', 'Сумма', '1340.00 р.', 1340.0000, 1),
(192, 59, 'shipping', 'Доставка по Москве курьером', '300.00 р.', 300.0000, 3),
(193, 59, 'total', 'Итого', '1640.00 р.', 1640.0000, 9),
(194, 60, 'sub_total', 'Сумма', '21000.00 р.', 21000.0000, 1),
(195, 60, 'shipping', 'Доставка по Москве курьером', '300.00 р.', 300.0000, 3),
(196, 60, 'total', 'Итого', '21300.00 р.', 21300.0000, 9),
(197, 61, 'sub_total', 'Сумма', '21000.00 р.', 21000.0000, 1),
(198, 61, 'shipping', 'Бесплатная доставка', '0.00 р.', 0.0000, 3),
(199, 61, 'total', 'Итого', '21000.00 р.', 21000.0000, 9),
(200, 62, 'sub_total', 'Сумма', '10100.00 р.', 10100.0000, 1),
(201, 62, 'shipping', 'Доставка по Москве курьером', '300.00 р.', 300.0000, 3),
(202, 62, 'total', 'Итого', '10400.00 р.', 10400.0000, 9),
(203, 63, 'sub_total', 'Сумма', '5700.00 р.', 5700.0000, 1),
(204, 63, 'shipping', 'Доставка по Москве курьером', '300.00 р.', 300.0000, 3),
(205, 63, 'total', 'Итого', '6000.00 р.', 6000.0000, 9),
(206, 64, 'sub_total', 'Сумма', '5700.00 р.', 5700.0000, 1),
(207, 64, 'shipping', 'Доставка по Москве курьером', '300.00 р.', 300.0000, 3),
(208, 64, 'total', 'Итого', '6000.00 р.', 6000.0000, 9),
(209, 65, 'sub_total', 'Сумма', '59400.00 р.', 59400.0000, 1),
(210, 65, 'shipping', 'Бесплатная доставка', '0.00 р.', 0.0000, 3),
(211, 65, 'total', 'Итого', '59400.00 р.', 59400.0000, 9),
(212, 66, 'sub_total', 'Сумма', '15450.00 р.', 15450.0000, 1),
(213, 66, 'shipping', 'Доставка по Москве курьером', '300.00 р.', 300.0000, 3),
(214, 66, 'total', 'Итого', '15750.00 р.', 15750.0000, 9),
(215, 67, 'sub_total', 'Сумма', '2850.00 р.', 2850.0000, 1),
(216, 67, 'shipping', 'Доставка по Москве курьером', '300.00 р.', 300.0000, 3),
(217, 67, 'total', 'Итого', '3150.00 р.', 3150.0000, 9),
(218, 68, 'sub_total', 'Сумма', '5990.00 р.', 5990.0000, 1),
(219, 68, 'shipping', 'Доставка по Москве курьером', '300.00 р.', 300.0000, 3),
(220, 68, 'total', 'Итого', '6290.00 р.', 6290.0000, 9),
(221, 69, 'sub_total', 'Сумма', '4990.00 р.', 4990.0000, 1),
(222, 69, 'shipping', 'Доставка по Москве курьером', '300.00 р.', 300.0000, 3),
(223, 69, 'total', 'Итого', '5290.00 р.', 5290.0000, 9),
(224, 70, 'sub_total', 'Сумма', '4990.00 р.', 4990.0000, 1),
(225, 70, 'shipping', 'Доставка по Москве курьером', '300.00 р.', 300.0000, 3),
(226, 70, 'total', 'Итого', '5290.00 р.', 5290.0000, 9),
(227, 71, 'sub_total', 'Сумма', '19600.00 р.', 19600.0000, 1),
(228, 71, 'shipping', 'Бесплатная доставка', '0.00 р.', 0.0000, 3),
(229, 71, 'total', 'Итого', '19600.00 р.', 19600.0000, 9),
(230, 72, 'sub_total', 'Сумма', '2850.00 р.', 2850.0000, 1),
(231, 72, 'shipping', 'Бесплатная доставка', '0.00 р.', 0.0000, 3),
(232, 72, 'total', 'Итого', '2850.00 р.', 2850.0000, 9),
(233, 73, 'sub_total', 'Сумма', '19600.00 р.', 19600.0000, 1),
(234, 73, 'shipping', 'Бесплатная доставка', '0.00 р.', 0.0000, 3),
(235, 73, 'total', 'Итого', '19600.00 р.', 19600.0000, 9),
(236, 74, 'sub_total', 'Сумма', '59400.00 р.', 59400.0000, 1),
(237, 74, 'shipping', 'Бесплатная доставка', '0.00 р.', 0.0000, 3),
(238, 74, 'total', 'Итого', '59400.00 р.', 59400.0000, 9),
(239, 75, 'sub_total', 'Сумма', '29700.00 р.', 29700.0000, 1),
(240, 75, 'shipping', 'Бесплатная доставка', '0.00 р.', 0.0000, 3),
(241, 75, 'total', 'Итого', '29700.00 р.', 29700.0000, 9),
(242, 76, 'sub_total', 'Сумма', '21580.00 р.', 21580.0000, 1),
(243, 76, 'shipping', 'Бесплатная доставка', '0.00 р.', 0.0000, 3),
(244, 76, 'total', 'Итого', '21580.00 р.', 21580.0000, 9),
(245, 77, 'sub_total', 'Сумма', '19600.00 р.', 19600.0000, 1),
(246, 77, 'shipping', 'Бесплатная доставка', '0.00 р.', 0.0000, 3),
(247, 77, 'total', 'Итого', '19600.00 р.', 19600.0000, 9),
(248, 78, 'sub_total', 'Сумма', '19600.00 р.', 19600.0000, 1),
(249, 78, 'shipping', 'Бесплатная доставка', '0.00 р.', 0.0000, 3),
(250, 78, 'total', 'Итого', '19600.00 р.', 19600.0000, 9),
(251, 79, 'sub_total', 'Сумма', '2850.00 р.', 2850.0000, 1),
(252, 79, 'shipping', 'Бесплатная доставка', '0.00 р.', 0.0000, 3),
(253, 79, 'total', 'Итого', '2850.00 р.', 2850.0000, 9),
(254, 80, 'sub_total', 'Сумма', '2850.00 р.', 2850.0000, 1),
(255, 80, 'shipping', 'Бесплатная доставка', '0.00 р.', 0.0000, 3),
(256, 80, 'total', 'Итого', '2850.00 р.', 2850.0000, 9),
(257, 81, 'sub_total', 'Сумма', '2850.00 р.', 2850.0000, 1),
(258, 81, 'shipping', 'Бесплатная доставка', '0.00 р.', 0.0000, 3),
(259, 81, 'total', 'Итого', '2850.00 р.', 2850.0000, 9),
(260, 82, 'sub_total', 'Сумма', '19600.00 р.', 19600.0000, 1),
(261, 82, 'shipping', 'Бесплатная доставка', '0.00 р.', 0.0000, 3),
(262, 82, 'total', 'Итого', '19600.00 р.', 19600.0000, 9),
(263, 83, 'sub_total', 'Сумма', '20900.00 р.', 20900.0000, 1),
(264, 83, 'shipping', 'Бесплатная доставка', '0.00 р.', 0.0000, 3),
(265, 83, 'total', 'Итого', '20900.00 р.', 20900.0000, 9),
(266, 84, 'sub_total', 'Сумма', '10100.00 р.', 10100.0000, 1),
(267, 84, 'shipping', 'Бесплатная доставка', '0.00 р.', 0.0000, 3),
(268, 84, 'total', 'Итого', '10100.00 р.', 10100.0000, 9),
(269, 85, 'sub_total', 'Сумма', '258000.00 р.', 258000.0000, 1),
(270, 85, 'shipping', 'Бесплатная доставка', '0.00 р.', 0.0000, 3),
(271, 85, 'total', 'Итого', '258000.00 р.', 258000.0000, 9),
(272, 86, 'sub_total', 'Сумма', '19600.00 р.', 19600.0000, 1),
(273, 86, 'shipping', 'Бесплатная доставка', '0.00 р.', 0.0000, 3),
(274, 86, 'total', 'Итого', '19600.00 р.', 19600.0000, 9),
(275, 87, 'sub_total', 'Сумма', '14900.00 р.', 14900.0000, 1),
(276, 87, 'shipping', 'Бесплатная доставка', '0.00 р.', 0.0000, 3),
(277, 87, 'total', 'Итого', '14900.00 р.', 14900.0000, 9),
(278, 88, 'sub_total', 'Сумма', '19600.00 р.', 19600.0000, 1),
(279, 88, 'total', 'Итого', '19600.00 р.', 19600.0000, 9),
(280, 89, 'sub_total', 'Сумма', '39200.00 р.', 39200.0000, 1),
(281, 89, 'total', 'Итого', '39200.00 р.', 39200.0000, 9),
(282, 90, 'sub_total', 'Сумма', '34500.00 р.', 34500.0000, 1),
(283, 90, 'total', 'Итого', '34500.00 р.', 34500.0000, 9),
(284, 91, 'sub_total', 'Сумма', '19600.00 р.', 19600.0000, 1),
(285, 91, 'total', 'Итого', '19600.00 р.', 19600.0000, 9),
(286, 92, 'sub_total', 'Сумма', '19600.00 р.', 19600.0000, 1),
(287, 92, 'total', 'Итого', '19600.00 р.', 19600.0000, 9),
(288, 93, 'sub_total', 'Сумма', '14900.00 р.', 14900.0000, 1),
(289, 93, 'total', 'Итого', '14900.00 р.', 14900.0000, 9),
(290, 94, 'sub_total', 'Сумма', '19600.00 р.', 19600.0000, 1),
(291, 94, 'total', 'Итого', '19600.00 р.', 19600.0000, 9),
(292, 95, 'sub_total', 'Сумма', '4980.00 р.', 4980.0000, 1),
(293, 95, 'total', 'Итого', '4980.00 р.', 4980.0000, 9);

-- --------------------------------------------------------

--
-- Структура таблицы `order_voucher`
--

CREATE TABLE IF NOT EXISTS `order_voucher` (
  `order_voucher_id` int(11) NOT NULL AUTO_INCREMENT,
  `order_id` int(11) NOT NULL,
  `voucher_id` int(11) NOT NULL,
  `description` varchar(255) NOT NULL,
  `code` varchar(10) NOT NULL,
  `from_name` varchar(64) NOT NULL,
  `from_email` varchar(96) NOT NULL,
  `to_name` varchar(64) NOT NULL,
  `to_email` varchar(96) NOT NULL,
  `voucher_theme_id` int(11) NOT NULL,
  `message` text NOT NULL,
  `amount` decimal(15,4) NOT NULL,
  PRIMARY KEY (`order_voucher_id`)
) ENGINE=MyISAM  DEFAULT CHARSET=utf8 AUTO_INCREMENT=3 ;

--
-- Дамп данных таблицы `order_voucher`
--

INSERT INTO `order_voucher` (`order_voucher_id`, `order_id`, `voucher_id`, `description`, `code`, `from_name`, `from_email`, `to_name`, `to_email`, `voucher_theme_id`, `message`, `amount`) VALUES
(1, 11, 1, '1000.00 р. Подарочный сертификат для Денис', '0f3697452b', 'Дениска', 'kataeff@yandex.com', 'Денис', 'kataeff@yandex.ru', 8, '', 1000.0000),
(2, 22, 2, '10000.00 р. Подарочный сертификат для денис', 'b2cc16fd80', 'Мария', 'kataeff@yandex.com', 'денис', 'kataeff@yandex.ru', 7, 'С праздником рождения!', 10000.0000);

-- --------------------------------------------------------

--
-- Структура таблицы `product`
--

CREATE TABLE IF NOT EXISTS `product` (
  `product_id` int(11) NOT NULL AUTO_INCREMENT,
  `model` varchar(64) NOT NULL,
  `sku` varchar(64) NOT NULL,
  `upc` varchar(12) NOT NULL,
  `location` varchar(128) NOT NULL,
  `quantity` int(4) NOT NULL DEFAULT '0',
  `stock_status_id` int(11) NOT NULL,
  `image` varchar(255) DEFAULT NULL,
  `manufacturer_id` int(11) NOT NULL,
  `shipping` tinyint(1) NOT NULL DEFAULT '1',
  `price` decimal(15,4) NOT NULL DEFAULT '0.0000',
  `points` int(8) NOT NULL DEFAULT '0',
  `tax_class_id` int(11) NOT NULL,
  `date_available` date NOT NULL,
  `weight` decimal(15,8) NOT NULL DEFAULT '0.00000000',
  `weight_class_id` int(11) NOT NULL DEFAULT '0',
  `length` decimal(15,8) NOT NULL DEFAULT '0.00000000',
  `width` decimal(15,8) NOT NULL DEFAULT '0.00000000',
  `height` decimal(15,8) NOT NULL DEFAULT '0.00000000',
  `length_class_id` int(11) NOT NULL DEFAULT '0',
  `subtract` tinyint(1) NOT NULL DEFAULT '1',
  `minimum` int(11) NOT NULL DEFAULT '1',
  `sort_order` int(11) NOT NULL DEFAULT '0',
  `status` tinyint(1) NOT NULL DEFAULT '0',
  `date_added` datetime NOT NULL DEFAULT '0000-00-00 00:00:00',
  `date_modified` datetime NOT NULL DEFAULT '0000-00-00 00:00:00',
  `viewed` int(5) NOT NULL DEFAULT '0',
  `youtube_code` text NOT NULL,
  PRIMARY KEY (`product_id`)
) ENGINE=MyISAM  DEFAULT CHARSET=utf8 AUTO_INCREMENT=208 ;

--
-- Дамп данных таблицы `product`
--

INSERT INTO `product` (`product_id`, `model`, `sku`, `upc`, `location`, `quantity`, `stock_status_id`, `image`, `manufacturer_id`, `shipping`, `price`, `points`, `tax_class_id`, `date_available`, `weight`, `weight_class_id`, `length`, `width`, `height`, `length_class_id`, `subtract`, `minimum`, `sort_order`, `status`, `date_added`, `date_modified`, `viewed`, `youtube_code`) VALUES
(50, 'Бабочка в банке', '', '', '', 0, 5, 'data/778592462.jpg', 0, 1, 3200.0000, 0, 0, '2012-07-03', 0.00000000, 1, 8.90000000, 8.90000000, 19.00000000, 1, 1, 1, 1, 1, '2012-07-04 07:09:55', '2013-11-28 21:46:37', 598, '&lt;h1&gt;Видео Бабочка в Банке&lt;/h1&gt;\r\n&lt;p&gt;&lt;/p&gt;\r\n&lt;h2&gt;Начало работы и порхание бабочки&lt;/h2&gt;\r\n&lt;iframe width=&quot;560&quot; height=&quot;315&quot; src=&quot;http://www.youtube.com/embed/AH4k_YG_sGI&quot; frameborder=&quot;0&quot; allowfullscreen&gt;&lt;/iframe&gt;\r\n&lt;p&gt;&lt;/p&gt;\r\n&lt;h2&gt;Порхание бабочки в банке&lt;/h2&gt;\r\n&lt;iframe width=&quot;420&quot; height=&quot;315&quot; src=&quot;http://www.youtube.com/embed/0gmJ04BQS7k&quot; frameborder=&quot;0&quot; allowfullscreen&gt;&lt;/iframe&gt;'),
(51, 'iRobot Roomba 564 PET', '', '', '', 0, 5, 'data/irobot_roomba_564.jpg', 11, 1, 19800.0000, 0, 0, '2012-07-05', 3.80000000, 1, 33.00000000, 33.00000000, 9.50000000, 1, 1, 1, 1, 1, '2012-07-06 20:49:09', '2012-09-23 15:48:50', 2173, '&lt;h1&gt;Видео iRobot Roomba 564 Pet&lt;/h1&gt;\r\n&lt;p&gt;&lt;/p&gt;\r\n&lt;h2&gt;Демонстрация уборки&lt;/h2&gt;\r\n&lt;iframe width=&quot;560&quot; height=&quot;315&quot; src=&quot;http://www.youtube.com/embed/7RP0oD6QxC4&quot; frameborder=&quot;0&quot; allowfullscreen&gt;&lt;/iframe&gt;\r\n&lt;p&gt;&lt;/p&gt;\r\n&lt;h2&gt;Принцип ориентирования  iRobot Roomba 564 Pet в пространстве&lt;/h2&gt;\r\n&lt;iframe width=&quot;420&quot; height=&quot;315&quot; src=&quot;http://www.youtube.com/embed/TmvM7GU0p34&quot; frameborder=&quot;0&quot; allowfullscreen&gt;&lt;/iframe&gt;'),
(52, 'iRobot Roomba 780', '', '', '', 0, 6, 'data/irobot_roomba_780.jpg', 11, 1, 23900.0000, 0, 9, '2012-07-06', 3.80000000, 1, 35.00000000, 35.00000000, 9.40000000, 1, 1, 1, 1, 1, '2012-07-07 13:51:53', '2012-11-25 21:14:32', 1571, '&lt;h1&gt;Видео робот-пылесос iRobot Roomba 780&lt;/h1&gt;\r\n&lt;p&gt;&lt;/p&gt;\r\n&lt;h2&gt;Официальный обзор  iRobot Roomba 780&lt;/h2&gt;\r\n&lt;iframe width=&quot;560&quot; height=&quot;315&quot; src=&quot;http://www.youtube.com/embed/ZyfIftD70Sc&quot; frameborder=&quot;0&quot; allowfullscreen&gt;&lt;/iframe&gt;\r\n&lt;p&gt;&lt;/p&gt;\r\n&lt;h2&gt;«Живая» демонстрация от покупателей&lt;/h2&gt;\r\n&lt;iframe width=&quot;560&quot; height=&quot;315&quot; src=&quot;http://www.youtube.com/embed/fycc6U9Mi2E&quot; frameborder=&quot;0&quot; allowfullscreen&gt;&lt;/iframe&gt;'),
(54, 'iRobot Roomba 531', '', '', '', 0, 5, 'data/irobotroomba531.jpg', 11, 1, 14300.0000, 0, 0, '2012-07-09', 3.80000000, 1, 34.00000000, 34.00000000, 9.50000000, 1, 1, 1, 1, 1, '2012-07-10 23:55:01', '2012-11-30 21:00:38', 1158, '&lt;h1&gt;Видео iRobot Roomba 531&lt;/h1&gt;\r\n&lt;p&gt;&lt;/p&gt;\r\n&lt;h2&gt;Демонстрация от владельцев (без слов)&lt;/h2&gt;\r\n&lt;iframe width=&quot;560&quot; height=&quot;315&quot; src=&quot;http://www.youtube.com/embed/OV3ByZA4mhg&quot; frameborder=&quot;0&quot; allowfullscreen&gt;&lt;/iframe&gt;\r\n&lt;p&gt;&lt;/p&gt;\r\n&lt;h2&gt;Эффективность уборки&lt;/h2&gt;\r\n&lt;iframe width=&quot;560&quot; height=&quot;315&quot; src=&quot;http://www.youtube.com/embed/UMD5278Wk4o&quot; frameborder=&quot;0&quot; allowfullscreen&gt;&lt;/iframe&gt;\r\n&lt;p&gt;&lt;/p&gt;\r\n&lt;h2&gt;Принцип работы (компьютерная графика)&lt;/h2&gt;\r\n&lt;iframe width=&quot;420&quot; height=&quot;315&quot; src=&quot;http://www.youtube.com/embed/ebYQiaksaws&quot; frameborder=&quot;0&quot; allowfullscreen&gt;&lt;/iframe&gt;'),
(55, 'iRobot Roomba 581', '', '', '', 0, 5, 'data/irobot_roomba_581 (1).jpg', 11, 1, 22900.0000, 0, 0, '2012-07-10', 3.50000000, 1, 34.00000000, 34.00000000, 9.00000000, 1, 1, 1, 1, 1, '2012-07-11 08:02:07', '2012-11-05 22:36:47', 579, '&lt;h1&gt;Видео iRobot Roomba 581&lt;/h1&gt;\r\n&lt;p&gt;&lt;/p&gt;\r\n&lt;h2&gt;Тест качества уборки&lt;/h2&gt;\r\n&lt;iframe width=&quot;420&quot; height=&quot;315&quot; src=&quot;http://www.youtube.com/embed/ejMjAFR62n8&quot; frameborder=&quot;0&quot; allowfullscreen&gt;&lt;/iframe&gt;\r\n&lt;p&gt;&lt;/p&gt;\r\n&lt;h2&gt;Очистка пылесоса (на немецком)&lt;/h2&gt;\r\n&lt;iframe width=&quot;560&quot; height=&quot;315&quot; src=&quot;http://www.youtube.com/embed/nudRbptDxBg&quot; frameborder=&quot;0&quot; allowfullscreen&gt;&lt;/iframe&gt;\r\n&lt;p&gt;&lt;/p&gt;\r\n&lt;h2&gt;Демонстрация уборки&lt;/h2&gt;\r\n&lt;iframe width=&quot;560&quot; height=&quot;315&quot; src=&quot;http://www.youtube.com/embed/NciZEaBL6wQ&quot; frameborder=&quot;0&quot; allowfullscreen&gt;&lt;/iframe&gt;'),
(56, 'iRobot Roomba 770', '', '', '', 0, 5, 'data/irobot_roomba_770.jpg', 11, 1, 20900.0000, 0, 0, '2012-07-10', 3.70000000, 1, 34.00000000, 34.00000000, 9.50000000, 1, 1, 1, 1, 1, '2012-07-11 14:07:20', '2012-11-25 21:19:47', 2761, '&lt;h1&gt;Видео iRobot Roomba 770&lt;/h1&gt;\r\n&lt;p&gt;&lt;/p&gt;\r\n&lt;h2&gt;Демонстрация работы робота-пылесоса iRobot roomba 770&lt;/h2&gt;\r\n&lt;iframe width=&quot;420&quot; height=&quot;315&quot; src=&quot;http://www.youtube.com/embed/WRvc4qs6BXI&quot; frameborder=&quot;0&quot; allowfullscreen&gt;&lt;/iframe&gt;\r\n&lt;p&gt;&lt;/p&gt;\r\n&lt;h2&gt;Обзор робота-пылесоса iRobot roomba 770 (на английском)&lt;/h2&gt;\r\n&lt;iframe width=&quot;560&quot; height=&quot;315&quot; src=&quot;http://www.youtube.com/embed/vOfMQpaq9BY&quot; frameborder=&quot;0&quot; allowfullscreen&gt;&lt;/iframe&gt;'),
(57, 'iRobot Scooba 385', '', '', '', 0, 5, 'data/irobot_scooba_385 (1).jpg', 11, 1, 21900.0000, 0, 0, '2012-07-10', 3.80000000, 1, 37.00000000, 37.00000000, 9.00000000, 1, 1, 1, 1, 1, '2012-07-11 22:59:47', '2014-01-21 12:44:01', 1831, '&lt;h2&gt;Видео iRobot Scooba 385&lt;h2&gt;\r\n&lt;p&gt;&lt;/p&gt;\r\n&lt;h2&gt;Демонстрация работы робота-пылесоса iRobot Scooba 385&lt;/h2&gt;\r\n&lt;iframe width=&quot;420&quot; height=&quot;315&quot; src=&quot;http://www.youtube.com/embed/1mPEwb0PXCM&quot; frameborder=&quot;0&quot; allowfullscreen&gt;&lt;/iframe&gt;\r\n&lt;p&gt;&lt;/p&gt;\r\n&lt;h2&gt;Обзор робота-пылесоса iRobot Scooba 385 от Discovery&lt;/h2&gt;\r\n&lt;iframe width=&quot;420&quot; height=&quot;315&quot; src=&quot;http://www.youtube.com/embed/yzQrPYJZ3FU&quot; frameborder=&quot;0&quot; allowfullscreen&gt;&lt;/iframe&gt;'),
(58, 'DeeBot D56', '', '', '', 0, 6, 'data/ecovacs_deebot_d56.jpg', 12, 1, 10900.0000, 0, 0, '2012-07-11', 2.80000000, 1, 35.50000000, 35.50000000, 10.00000000, 1, 1, 1, 1, 1, '2012-07-12 10:26:37', '2012-11-05 19:19:14', 824, '&lt;h1&gt;Видео Deebot D56&lt;/h1&gt;\r\n&lt;p&gt;&lt;/p&gt;\r\n&lt;h2&gt;Демонстрация режимов работы, ЖК-дисплея, движения (на французском).&lt;/h2&gt;\r\n&lt;iframe width=&quot;560&quot; height=&quot;315&quot; src=&quot;http://www.youtube.com/embed/rctkfeVcwFo&quot; frameborder=&quot;0&quot; allowfullscreen&gt;&lt;/iframe&gt;'),
(59, 'Deebot D58', '', '', '', 0, 6, 'data/ecovacs_deebot_D58.jpg', 12, 1, 13800.0000, 0, 0, '2012-07-11', 2.80000000, 1, 35.50000000, 35.50000000, 10.00000000, 1, 1, 1, 1, 1, '2012-07-12 10:58:27', '2012-09-07 15:55:48', 737, '&lt;h1&gt;Видео Deebot D58&lt;/h1&gt;\r\n&lt;p&gt;&lt;/p&gt;\r\n&lt;h2&gt;Обзор робота-пылесоса Deebot D58&lt;/h2&gt;\r\n&lt;iframe width=&quot;560&quot; height=&quot;315&quot; src=&quot;http://www.youtube.com/embed/Vgfv6B08MMk&quot; frameborder=&quot;0&quot; allowfullscreen&gt;&lt;/iframe&gt;\r\n'),
(60, 'GYRO-601', '', '', '', 0, 5, 'data/1toy_helicopter_gyro601 (1).jpg', 13, 1, 4890.0000, 0, 0, '2012-07-11', 0.00000000, 1, 62.00000000, 9.30000000, 25.00000000, 1, 1, 1, 1, 1, '2012-07-12 11:19:13', '2013-11-28 21:47:17', 595, '&lt;h1&gt;Видео радиоуправляемого вертолета GYRO-601&lt;/h1&gt;\r\n&lt;p&gt;&lt;/p&gt;\r\n&lt;h2&gt;Демонстрация полета вертолета GYRO-601 в помещении&lt;/h2&gt;\r\n&lt;iframe width=&quot;560&quot; height=&quot;315&quot; src=&quot;http://www.youtube.com/embed/JGUxOiz78pg&quot; frameborder=&quot;0&quot; allowfullscreen&gt;&lt;/iframe&gt;\r\n&lt;p&gt;&lt;/p&gt;\r\n&lt;h2&gt;Демонстрация полета вертолета GYRO-601 на природе&lt;/h2&gt;\r\n&lt;iframe width=&quot;560&quot; height=&quot;315&quot; src=&quot;http://www.youtube.com/embed/Qi6YtRTDW-k&quot; frameborder=&quot;0&quot; allowfullscreen&gt;&lt;/iframe&gt;'),
(61, 'iRobot Roomba 555', '', '', '', 0, 5, 'data/irobot_roomba_555 (3).jpg', 11, 1, 17900.0000, 0, 0, '2012-07-11', 3.80000000, 1, 32.00000000, 32.00000000, 8.00000000, 1, 1, 1, 1, 1, '2012-07-12 12:21:32', '2012-09-28 22:37:42', 1350, '&lt;h1&gt;Видео iRobot Roomba 555&lt;/h1&gt;\r\n&lt;p&gt;&lt;/p&gt;\r\n&lt;h2&gt;Демонстрация работы iRobot Roomba 555&lt;/h2&gt;\r\n&lt;iframe width=&quot;560&quot; height=&quot;315&quot; src=&quot;http://www.youtube.com/embed/aeOxGuR7L7U&quot; frameborder=&quot;0&quot; allowfullscreen&gt;&lt;/iframe&gt;\r\n&lt;p&gt;&lt;/p&gt;\r\n&lt;h2&gt;Тест качества уборки  iRobot Roomba 555&lt;/h2&gt;\r\n&lt;iframe width=&quot;560&quot; height=&quot;315&quot; src=&quot;http://www.youtube.com/embed/LEO88Vf3hiM&quot; frameborder=&quot;0&quot; allowfullscreen&gt;&lt;/iframe&gt;'),
(62, 'Karcher RC3000 Robo Cleaner', '', '', '', 0, 5, 'data/karcher_RC_3000_RoboCleaner.jpg', 14, 1, 29990.0000, 0, 0, '2012-07-11', 2.00000000, 1, 28.00000000, 28.00000000, 10.00000000, 1, 1, 1, 1, 1, '2012-07-12 14:02:58', '2012-11-30 20:58:53', 938, '&lt;h1&gt;Видео Karcher RoboCleaner RC 3000&lt;/h1&gt;\r\n&lt;p&gt;&lt;/p&gt;\r\n&lt;h2&gt;Обзор RoboCleaner RC 3000 от владельца&lt;/h2&gt;\r\n&lt;iframe width=&quot;420&quot; height=&quot;315&quot; src=&quot;http://www.youtube.com/embed/7rEzS-JQ58A&quot; frameborder=&quot;0&quot; allowfullscreen&gt;&lt;/iframe&gt;\r\n'),
(157, 'Yujin Arte Silver', '', '', '', 5, 7, 'data/iclebo-arte-silver.jpg', 22, 1, 21700.0000, 0, 0, '2013-03-11', 0.00000000, 1, 0.00000000, 0.00000000, 0.00000000, 1, 1, 1, 1, 1, '2013-03-12 10:28:22', '2014-04-10 23:59:20', 716, ''),
(158, 'Vortex 1', '', '', '', 10, 8, 'data/zodiac-vortex-1/zodiac-vortex-1-1.jpg', 0, 1, 33500.0000, 0, 0, '2013-03-20', 0.00000000, 1, 0.00000000, 0.00000000, 0.00000000, 1, 1, 1, 1, 1, '2013-03-21 14:43:56', '0000-00-00 00:00:00', 286, ''),
(159, 'Dolphin Dana 1', '', '', '', 10, 8, 'data/doplhin-dana-1/Dolphin-Dana-1-1.jpg', 0, 1, 45000.0000, 0, 0, '2013-03-20', 0.00000000, 1, 0.00000000, 0.00000000, 0.00000000, 1, 1, 1, 1, 1, '2013-03-21 20:36:36', '2014-01-21 12:42:15', 229, ''),
(66, 'Clatronic BSR 1282', '', '', '', 0, 5, 'data/clatronic_bsr_1282.jpg', 16, 1, 6900.0000, 0, 0, '2012-07-11', 1.85000000, 1, 32.00000000, 32.00000000, 9.00000000, 1, 1, 1, 1, 1, '2012-07-12 19:38:22', '2012-11-30 21:02:14', 809, ''),
(67, 'iRobot Verro 300', '', '', '', -1, 8, 'data/irobot_verro_300 (1).jpg', 11, 1, 33900.0000, 0, 0, '2012-07-11', 5.00000000, 1, 51.00000000, 43.00000000, 29.00000000, 1, 1, 1, 1, 1, '2012-07-12 20:09:13', '2014-01-21 12:43:00', 572, '&lt;h1&gt;Видео iRobot Verro 300&lt;/h1&gt;\r\n&lt;p&gt;&lt;/p&gt;\r\n&lt;h2&gt;Обзор робота для чистки бассейна  iRobot Verro 300 от владельца&lt;/h2&gt;\r\n&lt;iframe width=&quot;560&quot; height=&quot;315&quot; src=&quot;http://www.youtube.com/embed/ZDO6ZeGTHwk&quot; frameborder=&quot;0&quot; allowfullscreen&gt;&lt;/iframe&gt;'),
(65, 'iRobot Roomba 521', '', '', '', 0, 5, 'data/irobot_roomba_521 (1).jpg', 11, 1, 12900.0000, 0, 0, '2012-07-11', 3.50000000, 1, 33.00000000, 33.00000000, 9.00000000, 1, 1, 1, 1, 1, '2012-07-12 18:59:38', '2012-11-30 21:01:09', 1380, '&lt;h1&gt;Видео iRobot Roomba 521&lt;/h1&gt;\r\n&lt;p&gt;&lt;/p&gt;\r\n&lt;h2&gt;Демонстрация уборки роботом-пылесосом iRobot Roomba 521&lt;/h2&gt;\r\n&lt;iframe width=&quot;420&quot; height=&quot;315&quot; src=&quot;http://www.youtube.com/embed/u8kBHT2g-hI&quot; frameborder=&quot;0&quot; allowfullscreen&gt;&lt;/iframe&gt;\r\n&lt;p&gt;&lt;/p&gt;\r\n&lt;h2&gt; iRobot Roomba 521 возвращается на зарядку&lt;/h2&gt;\r\n&lt;iframe width=&quot;560&quot; height=&quot;315&quot; src=&quot;http://www.youtube.com/embed/Xgy4iSyQ1fI&quot; frameborder=&quot;0&quot; allowfullscreen&gt;&lt;/iframe&gt;'),
(68, 'LG Hom-Bot VR5901LVM', '', '', '', 0, 5, 'data/lg_hom_bot (1).jpg', 17, 1, 23900.0000, 0, 0, '2012-07-11', 3.20000000, 1, 36.00000000, 36.00000000, 9.00000000, 1, 1, 1, 1, 1, '2012-07-12 20:33:58', '2012-11-30 21:03:46', 1171, '&lt;h1&gt;Видео робота-пылесоса LG Hom-Bot&lt;/h1&gt;\r\n&lt;p&gt;&lt;/p&gt;\r\n&lt;h2&gt;Демонстрация движения робота-пылесоса LG Hom-Bot&lt;/h2&gt;\r\n&lt;iframe width=&quot;560&quot; height=&quot;315&quot; src=&quot;http://www.youtube.com/embed/OaAhkej_cWk&quot; frameborder=&quot;0&quot; allowfullscreen&gt;&lt;/iframe&gt;\r\n&lt;p&gt;&lt;/p&gt;\r\n&lt;h2&gt;Демонстрация сенсоров работы LG Hom-Bot&lt;/h2&gt;\r\n&lt;iframe width=&quot;420&quot; height=&quot;315&quot; src=&quot;http://www.youtube.com/embed/oZGkKEsNpMc&quot; frameborder=&quot;0&quot; allowfullscreen&gt;&lt;/iframe&gt;\r\n&lt;p&gt;&lt;/p&gt;\r\n&lt;h2&gt;Как робот LG Hom-Bot рисует карту помещения&lt;/h2&gt;\r\n&lt;iframe width=&quot;560&quot; height=&quot;315&quot; src=&quot;http://www.youtube.com/embed/-ula2-2XOjE&quot; frameborder=&quot;0&quot; allowfullscreen&gt;&lt;/iframe&gt;'),
(69, 'HEXBUG SPL Racing A111', '', '', '', 0, 5, 'data/hexbug_baggi (3).jpg', 18, 1, 990.0000, 0, 0, '2012-07-11', 0.04100000, 1, 11.00000000, 7.00000000, 4.00000000, 1, 1, 1, 1, 1, '2012-07-12 21:00:53', '2013-11-28 21:46:48', 499, ''),
(74, 'Deebot D76', '', '', '', 0, 6, 'data/d76/Rumsauer-Deebot-D76.jpg', 12, 1, 22200.0000, 0, 0, '2012-07-17', 3.40000000, 1, 35.50000000, 35.50000000, 10.00000000, 1, 1, 1, 1, 1, '2012-07-18 20:49:48', '2012-11-05 22:05:40', 1293, '&lt;p&gt;&lt;/p&gt;\r\n&lt;h2&gt;Уборка рассыпанного сахара&lt;/h2&gt;\r\n&lt;iframe width=&quot;560&quot; height=&quot;315&quot; src=&quot;http://www.youtube.com/embed/Ld0DwtSqngg&quot; frameborder=&quot;0&quot; allowfullscreen&gt;&lt;/iframe&gt; &lt;p&gt;&lt;/p&gt;\r\n&lt;h2&gt;Режимы уборки и возвращение на базу&lt;/h2&gt;\r\n&lt;iframe width=&quot;560&quot; height=&quot;315&quot; src=&quot;http://www.youtube.com/embed/mU8-qi0jcU4&quot; frameborder=&quot;0&quot; allowfullscreen&gt;&lt;/iframe&gt;\r\n'),
(73, 'Deebot D73', '', '', '', 0, 6, 'data/d73/d73_1-500x500.jpg', 12, 1, 16900.0000, 0, 0, '2012-07-17', 3.40000000, 1, 35.50000000, 35.50000000, 10.00000000, 1, 1, 1, 1, 1, '2012-07-17 22:55:04', '2012-09-07 16:05:07', 735, '&lt;p&gt;&lt;/p&gt;\r\n&lt;h2&gt;Демонстрация работы робота-пылесоса Deebot D73&lt;/h2&gt;\r\n&lt;iframe width=&quot;560&quot; height=&quot;315&quot; src=&quot;http://www.youtube.com/embed/I4mhK8hofcw&quot; frameborder=&quot;0&quot; allowfullscreen&gt;&lt;/iframe&gt;\r\n&lt;p&gt;&lt;/p&gt;\r\n&lt;h2&gt;Ограничитель движения пылесоса&lt;/h2&gt;\r\n&lt;iframe width=&quot;560&quot; height=&quot;315&quot; src=&quot;http://www.youtube.com/embed/NVyQpxW0slo&quot; frameborder=&quot;0&quot; allowfullscreen&gt;&lt;/iframe&gt;\r\n'),
(78, 'Clatronic BSR 1283', '', '', '', 0, 5, 'data/BSR 1283/1997_0.jpg', 16, 1, 10900.0000, 0, 0, '2012-07-11', 1.90000000, 1, 32.00000000, 32.00000000, 9.00000000, 1, 1, 1, 1, 1, '2012-07-18 22:24:25', '2012-11-30 21:01:55', 663, ''),
(79, 'Roomy Silver Dog', '', '', '', 0, 5, 'data/roomy silver/789075964-500x500.jpg', 20, 1, 17850.0000, 0, 0, '2012-07-19', 3.50000000, 1, 35.00000000, 9999999.99999999, 11.00000000, 1, 1, 1, 1, 1, '2012-07-19 16:14:34', '2013-03-21 20:14:53', 668, '&lt;h1&gt;Видео Roomy Silver Dog &lt;/h1&gt;\r\n&lt;p&gt;&lt;/p&gt;\r\n&lt;h2&gt;Обзор робота-пылесоса Roomy Silver Dog&lt;/h2&gt;\r\n&lt;iframe width=&quot;420&quot; height=&quot;315&quot; src=&quot;http://www.youtube.com/embed/SDJ5Bx4IglU&quot; frameborder=&quot;0&quot; allowfullscreen&gt;&lt;/iframe&gt;\r\n'),
(80, 'Roomy Gold', '', '', '', 0, 5, 'data/Roomy Gold/787501941-500x500.jpg', 20, 1, 18980.0000, 0, 0, '2012-07-19', 3.50000000, 1, 35.00000000, 35.00000000, 11.00000000, 1, 1, 1, 1, 1, '2012-07-19 22:43:55', '2013-03-21 20:14:11', 2897, '&lt;h1&gt;Видео Roomy Gold &lt;/h1&gt;\r\n&lt;p&gt;&lt;/p&gt;\r\n&lt;h2&gt;Движение робота по разным поверхностям&lt;/h2&gt;\r\n&lt;iframe width=&quot;420&quot; height=&quot;315&quot; src=&quot;http://www.youtube.com/embed/Hl0zVMSuGLA&quot; frameborder=&quot;0&quot; allowfullscreen&gt;&lt;/iframe&gt;\r\n&lt;p&gt;&lt;/p&gt;\r\n&lt;h2&gt;Обзор робота-пылесоса Roomy Roomy Gold&lt;/h2&gt;\r\n&lt;iframe width=&quot;420&quot; height=&quot;315&quot; src=&quot;http://www.youtube.com/embed/f4x4wPc80ew&quot; frameborder=&quot;0&quot; allowfullscreen&gt;&lt;/iframe&gt;\r\n\r\n'),
(86, 'Neato XV-11', '', '', '', 0, 5, 'data/XV-11/$(KGrHqV,!icE7BK7lU(HBO2tHu31Ew~~60_3.JPG', 21, 1, 19300.0000, 0, 0, '2012-07-20', 5.90000000, 1, 33.00000000, 31.00000000, 10.00000000, 1, 1, 1, 1, 1, '2012-07-20 12:57:27', '2012-11-30 20:59:51', 649, '&lt;h1&gt;Видео Neato Robotics XV-11&lt;/h1&gt;\r\n&lt;p&gt;&lt;/p&gt;\r\n&lt;h2&gt;Обзор робота-пылесоса&lt;/h2&gt;\r\n&lt;iframe width=&quot;560&quot; height=&quot;315&quot; src=&quot;http://www.youtube.com/embed/ZSJ7yHHbGTQ&quot; frameborder=&quot;0&quot; allowfullscreen&gt;&lt;/iframe&gt;\r\n&lt;p&gt;&lt;/p&gt;\r\n&lt;h2&gt;Демонстрация работы устройства&lt;/h2&gt;\r\n&lt;iframe width=&quot;560&quot; height=&quot;315&quot; src=&quot;http://www.youtube.com/embed/g8yKgdCCqzY&quot; frameborder=&quot;0&quot; allowfullscreen&gt;&lt;/iframe&gt;\r\n&lt;p&gt;&lt;/p&gt;\r\n&lt;h2&gt;Пылесос за работой (HD)&lt;/h2&gt;\r\n&lt;iframe width=&quot;560&quot; height=&quot;315&quot; src=&quot;http://www.youtube.com/embed/ag0OK3es2qc&quot; frameborder=&quot;0&quot; allowfullscreen&gt;&lt;/iframe&gt;'),
(87, 'Neato XV-21', '', '', '', 74, 7, 'data/XV-21/289428-neato-xv-21-pet-allergy-automatic-vacuum-cleaner-top.jpg', 21, 1, 18900.0000, 0, 0, '2012-07-20', 5.90000000, 1, 33.00000000, 31.00000000, 10.00000000, 1, 1, 1, 1, 1, '2012-07-20 22:42:38', '2012-11-25 21:25:07', 2385, '&lt;h1&gt;Видео Neato Robotics XV-21&lt;/h1&gt;\r\n&lt;p&gt;&lt;/p&gt;\r\n&lt;h2&gt;Подробный обзор XV-21 (HD)&lt;/h2&gt;\r\n&lt;iframe width=&quot;560&quot; height=&quot;315&quot; src=&quot;http://www.youtube.com/embed/wTIVzBIBV1U&quot; frameborder=&quot;0&quot; allowfullscreen&gt;&lt;/iframe&gt;\r\n'),
(88, 'Yujin Robot iClebo Home', '', '', '', 0, 9, 'data/iClebo Home/iclebo_home.jpg', 22, 1, 17490.0000, 0, 0, '2012-07-21', 3.90000000, 1, 35.00000000, 35.00000000, 10.00000000, 1, 1, 1, 1, 1, '2012-07-21 14:06:28', '2014-03-02 00:24:22', 545, '&lt;h1&gt;Видео Yujin Robot iClebo Home&lt;/h1&gt;\r\n&lt;p&gt;&lt;/p&gt;\r\n&lt;h2&gt;Пример работы iClebo Home&lt;/h2&gt;\r\n&lt;iframe width=&quot;560&quot; height=&quot;315&quot; src=&quot;http://www.youtube.com/embed/ZcslykFJwPE&quot; frameborder=&quot;0&quot; allowfullscreen&gt;&lt;/iframe&gt;\r\n&lt;p&gt;&lt;/p&gt;\r\n&lt;h2&gt;Рекламный ролик iClebo Home&lt;/h2&gt;\r\n&lt;iframe width=&quot;420&quot; height=&quot;315&quot; src=&quot;http://www.youtube.com/embed/A2Ty4zDI-Q8&quot; frameborder=&quot;0&quot; allowfullscreen&gt;&lt;/iframe&gt;'),
(90, 'Yujin Robot iClebo Smart', '', '', '', 0, 9, 'data/Smart/smart.jpg', 22, 1, 19900.0000, 0, 0, '2012-07-21', 3.90000000, 1, 35.00000000, 35.00000000, 10.00000000, 1, 1, 1, 1, 1, '2012-07-21 16:42:20', '2014-03-02 00:23:43', 543, '&lt;h1&gt;Видео Yujin Robot iClebo Smart&lt;/h1&gt;\r\n&lt;p&gt;&lt;/p&gt;\r\n&lt;h2&gt;Рекламный клип iClebo Smart&lt;/h2&gt;\r\n&lt;iframe width=&quot;420&quot; height=&quot;315&quot; src=&quot;http://www.youtube.com/embed/_pyBOiE2s4Y&quot; frameborder=&quot;0&quot; allowfullscreen&gt;&lt;/iframe&gt;\r\n&lt;p&gt;&lt;/p&gt;\r\n&lt;h2&gt;Обзор iClebo Smart&lt;/h2&gt;\r\n&lt;iframe width=&quot;420&quot; height=&quot;315&quot; src=&quot;http://www.youtube.com/embed/Qc1uAos_uQU&quot; frameborder=&quot;0&quot; allowfullscreen&gt;&lt;/iframe&gt;'),
(92, 'Yujin-Robot-iClebo-Arte', '', '', '', 15, 7, 'data/Arte/iclebo-arte.jpg', 22, 1, 21700.0000, 0, 0, '2012-07-22', 2.80000000, 1, 34.00000000, 34.00000000, 8.90000000, 1, 1, 1, 1, 1, '2012-07-22 13:33:09', '2014-04-11 00:00:13', 7382, '&lt;h2&gt;Видео iClebo Arte&lt;/h2&gt;\r\n&lt;p&gt;&lt;/p&gt;\r\n&lt;h3&gt;Демонстрационный стенд&lt;/h3&gt;\r\n&lt;iframe width=&quot;560&quot; height=&quot;315&quot; src=&quot;http://www.youtube.com/embed/oJwBxp5QUsQ&quot; frameborder=&quot;0&quot; allowfullscreen&gt;&lt;/iframe&gt;\r\n&lt;p&gt;&lt;/p&gt;\r\n&lt;h3&gt;Рекламное видео: купить iClebo Arte&lt;/h3&gt;\r\n&lt;iframe width=&quot;560&quot; height=&quot;315&quot; src=&quot;http://www.youtube.com/embed/9EyUVoUoa-4&quot; frameborder=&quot;0&quot; allowfullscreen&gt;&lt;/iframe&gt;\r\n&lt;p&gt;&lt;/p&gt;\r\n&lt;h3&gt;Уборка в реальных условиях&lt;/h3&gt;\r\n&lt;iframe width=&quot;560&quot; height=&quot;315&quot; src=&quot;http://www.youtube.com/embed/PMdEOIsYPCA&quot; frameborder=&quot;0&quot; allowfullscreen&gt;&lt;/iframe&gt;'),
(93, 'Navibot SR8855', '', '', '', 0, 5, 'data/Samsung/ua_VCR8855L3B-XFA_001_Front.jpeg', 23, 1, 19800.0000, 0, 0, '2012-07-22', 4.00000000, 1, 35.50000000, 35.50000000, 9.30000000, 1, 1, 1, 1, 1, '2012-07-22 15:16:42', '2012-12-02 10:42:22', 685, '&lt;h1&gt;Видео Samsung Navibot SR8855&lt;/h1&gt;\r\n&lt;p&gt;&lt;/p&gt;\r\n&lt;h2&gt;Обзор функций и возможностей (1 часть) &lt;/h2&gt;\r\n&lt;iframe width=&quot;560&quot; height=&quot;315&quot; src=&quot;http://www.youtube.com/embed/rqWsPYzv0a8&quot; frameborder=&quot;0&quot; allowfullscreen&gt;&lt;/iframe&gt;\r\n&lt;p&gt;&lt;/p&gt;\r\n&lt;h2&gt;Обзор функций и возможностей (2 часть) &lt;/h2&gt;\r\n&lt;iframe width=&quot;560&quot; height=&quot;315&quot; src=&quot;http://www.youtube.com/embed/7tSToXpTdI8&quot; frameborder=&quot;0&quot; allowfullscreen&gt;&lt;/iframe&gt;\r\n'),
(94, 'Ё-робот Смарти', '', '', '', 0, 5, 'data/Ё-робот/2-500x500.jpg', 24, 1, 13900.0000, 0, 0, '2012-07-22', 3.00000000, 1, 34.00000000, 34.00000000, 9.00000000, 1, 1, 1, 1, 1, '2012-07-22 21:39:07', '2012-11-30 21:00:52', 1403, '&lt;h1&gt;Видео Ё-робот Смарти&lt;/h1&gt;\r\n&lt;p&gt;&lt;/p&gt;\r\n&lt;h2&gt;Демонстрация робота&lt;/h2&gt;\r\n&lt;iframe width=&quot;420&quot; height=&quot;315&quot; src=&quot;http://www.youtube.com/embed/BKVYU-umNz4&quot; frameborder=&quot;0&quot; allowfullscreen&gt;&lt;/iframe&gt;\r\n\r\n'),
(154, 'Roomba 620', '', '', '', 96, 7, 'data/roomba620/roomba-620.jpg', 11, 1, 13500.0000, 0, 0, '2012-11-24', 3.80000000, 1, 35.00000000, 35.00000000, 9.50000000, 1, 1, 1, 1, 1, '2012-11-25 09:50:13', '2012-11-25 10:36:39', 3017, ''),
(95, 'Clever&amp;Clean M-001', '', '', '', 0, 5, 'data/Arte/cle3ver-500x500.jpg', 25, 1, 4990.0000, 0, 0, '2012-07-23', 1.80000000, 1, 26.50000000, 26.50000000, 7.50000000, 1, 1, 1, 1, 1, '2012-07-23 15:04:53', '2012-11-30 21:02:29', 1283, ''),
(96, '112', '', '', '', 0, 9, 'data/112/112 (3).jpg', 25, 1, 8700.0000, 0, 0, '2012-07-23', 3.20000000, 1, 32.00000000, 32.00000000, 8.70000000, 1, 1, 1, 1, 1, '2012-07-23 20:29:24', '2014-03-07 08:39:47', 4559, '&lt;h2&gt; Видео Clever&amp;Clean 112 и 112A &lt;/h2&gt;\r\n&lt;p&gt;&lt;/p&gt;\r\n&lt;h3&gt;Работа и устройство робота&lt;/h3&gt;\r\n&lt;iframe width=&quot;560&quot; height=&quot;315&quot; src=&quot;http://www.youtube.com/embed/vOrMW8RmHOo&quot; frameborder=&quot;0&quot; allowfullscreen&gt;&lt;/iframe&gt;\r\n&lt;p&gt;&lt;/p&gt;\r\n&lt;h3&gt;Обзор Clever&amp;Clean 112 &lt;/h3&gt;\r\n&lt;iframe width=&quot;420&quot; height=&quot;315&quot; src=&quot;http://www.youtube.com/embed/uQ6b_bh_b2Y&quot; frameborder=&quot;0&quot; allowfullscreen&gt;&lt;/iframe&gt;\r\n'),
(152, 'iRobot Roomba 760', '', '', '', 0, 5, 'data/roomba-760/iRobot Roomba 760 1 800x800.jpg', 11, 1, 19900.0000, 0, 0, '2012-08-22', 3.80000000, 1, 35.00000000, 35.00000000, 9.50000000, 1, 1, 1, 1, 1, '2012-08-23 12:12:33', '2012-08-23 12:27:31', 678, '&lt;h1&gt;Видео iRobot Roomba 760&lt;/h1&gt;\r\n&lt;p&gt;&lt;/p&gt;\r\n&lt;h2&gt;Обзор робота-пылесоса&lt;/h2&gt;\r\n&lt;iframe width=&quot;700&quot; height=&quot;394&quot; src=&quot;http://www.youtube.com/embed/_v9C2W3MqXA&quot; frameborder=&quot;0&quot; allowfullscreen&gt;&lt;/iframe&gt;\r\n&lt;p&gt;&lt;/p&gt;\r\n&lt;h2&gt;Демонстрация работы  iRobot Roomba 760&lt;/h2&gt;\r\n&lt;iframe width=&quot;700&quot; height=&quot;525&quot; src=&quot;http://www.youtube.com/embed/LDVBdfR_MmQ&quot; frameborder=&quot;0&quot; allowfullscreen&gt;&lt;/iframe&gt;\r\n'),
(97, 'Робот-пылесос L’Robot A320', '', '', '', 0, 5, 'data/1-500x500.jpg', 26, 1, 11700.0000, 0, 0, '2012-07-23', 3.20000000, 1, 32.00000000, 32.00000000, 8.70000000, 1, 1, 1, 1, 1, '2012-07-23 22:44:37', '2012-09-12 09:33:51', 644, '&lt;h1&gt;Видео L’Robot A320&lt;/h1&gt;\r\n&lt;p&gt;&lt;/p&gt;\r\n&lt;h2&gt;Демонстрация работы&lt;/h2&gt;\r\n&lt;iframe width=&quot;420&quot; height=&quot;315&quot; src=&quot;http://www.youtube.com/embed/v9W60iPhLZw&quot; frameborder=&quot;0&quot; allowfullscreen&gt;&lt;/iframe&gt;\r\n&lt;p&gt;&lt;/p&gt;\r\n&lt;h2&gt;Качество уборки&lt;/h2&gt;\r\n&lt;iframe width=&quot;560&quot; height=&quot;315&quot; src=&quot;http://www.youtube.com/embed/TuU-qD2HqBU&quot; frameborder=&quot;0&quot; allowfullscreen&gt;&lt;/iframe&gt;'),
(98, 'iRobot Roomba 790', '', '', '', 0, 6, 'data/790/roomba 790.png', 11, 1, 31800.0000, 0, 9, '2012-07-24', 3.80000000, 1, 35.00000000, 35.00000000, 9.40000000, 1, 1, 1, 1, 1, '2012-07-24 20:49:46', '2012-11-30 20:58:00', 2065, '&lt;h1&gt;Видео робот-пылесос iRobot Roomba 790&lt;/h1&gt;\r\n&lt;p&gt;&lt;/p&gt;\r\n&lt;h2&gt;Обзор  iRobot Roomba 790&lt;/h2&gt;\r\n&lt;iframe width=&quot;560&quot; height=&quot;315&quot; src=&quot;http://www.youtube.com/embed/WVnGqsXKoVQ&quot; frameborder=&quot;0&quot; allowfullscreen&gt;&lt;/iframe&gt;\r\n&lt;p&gt;&lt;/p&gt;\r\n&lt;h2&gt;Характеристики и слайд-шоу&lt;/h2&gt;\r\n&lt;iframe width=&quot;420&quot; height=&quot;315&quot; src=&quot;http://www.youtube.com/embed/sTpq9xTrhRI&quot; frameborder=&quot;0&quot; allowfullscreen&gt;&lt;/iframe&gt;'),
(99, 'RoboCleaner 788', '', '', '', 0, 8, 'data/112/9424fe07ae84653c.jpeg', 27, 1, 12900.0000, 0, 0, '2012-07-24', 3.20000000, 1, 35.00000000, 35.00000000, 11.00000000, 1, 1, 1, 1, 1, '2012-07-24 22:06:15', '2012-11-30 21:01:22', 417, '&lt;h1&gt;Видео RoboCleaner 788&lt;/h1&gt;\r\n&lt;p&gt;&lt;/p&gt;\r\n&lt;h2&gt;Демонстрация робота&lt;/h2&gt;\r\n&lt;iframe width=&quot;420&quot; height=&quot;315&quot; src=&quot;http://www.youtube.com/embed/oUpyg0gh3bo&quot; frameborder=&quot;0&quot; allowfullscreen&gt;&lt;/iframe&gt;\r\n&lt;p&gt;&lt;/p&gt;\r\n&lt;h2&gt;Обзор RoboCleaner 788&lt;/h2&gt;\r\n&lt;iframe width=&quot;560&quot; height=&quot;315&quot; src=&quot;http://www.youtube.com/embed/uv0doaGYi9s&quot; frameborder=&quot;0&quot; allowfullscreen&gt;&lt;/iframe&gt;'),
(100, 'Agait EC mini', '', '', '', 0, 5, 'data/ec mini/189001.jpg', 28, 1, 5080.0000, 0, 0, '2012-07-25', 1.40000000, 1, 27.00000000, 27.00000000, 7.00000000, 1, 1, 1, 1, 1, '2012-07-25 19:31:16', '2012-09-07 15:54:51', 2445, '&lt;h1&gt;Видео Agait EC mini&lt;/h1&gt;\r\n&lt;p&gt;&lt;/p&gt;\r\n&lt;h2&gt;Демонстрация робота&lt;/h2&gt;\r\n&lt;iframe width=&quot;420&quot; height=&quot;315&quot; src=&quot;http://www.youtube.com/embed/Ul-EZccylxQ&quot; frameborder=&quot;0&quot; allowfullscreen&gt;&lt;/iframe&gt;\r\n'),
(101, 'Agait EC-01 Enhanced', '', '', '', 0, 8, 'data/ec-1/188989.jpg', 28, 1, 8960.0000, 0, 0, '2012-07-25', 3.00000000, 1, 35.80000000, 35.80000000, 9.30000000, 1, 1, 1, 1, 1, '2012-07-25 20:56:02', '2012-11-30 21:02:04', 764, '&lt;h1&gt;Видео Agait EC-01 Enhanced&lt;/h1&gt;\r\n&lt;p&gt;&lt;/p&gt;\r\n&lt;h2&gt;Различные режимы работы&lt;/h2&gt;\r\n&lt;iframe width=&quot;420&quot; height=&quot;315&quot; src=&quot;http://www.youtube.com/embed/YUIWNaQwYfo&quot; frameborder=&quot;0&quot; allowfullscreen&gt;&lt;/iframe&gt;\r\n&lt;p&gt;&lt;/p&gt;\r\n&lt;h2&gt;Выставление таймера уборки&lt;/h2&gt;\r\n&lt;iframe width=&quot;420&quot; height=&quot;315&quot; src=&quot;http://www.youtube.com/embed/8I8tNRbGsb0&quot; frameborder=&quot;0&quot; allowfullscreen&gt;&lt;/iframe&gt;'),
(102, 'Agait EC-02', '', '', '', 0, 8, 'data/ec-1/ec2/54812_1.gif', 28, 1, 10980.0000, 0, 0, '2012-07-25', 2.70000000, 1, 34.50000000, 34.50000000, 9.50000000, 1, 1, 1, 1, 1, '2012-07-25 22:05:26', '2012-11-30 21:01:44', 1081, '&lt;h1&gt;Видео Agait EC-02&lt;/h1&gt;\r\n&lt;p&gt;&lt;/p&gt;\r\n&lt;h2&gt;Обзор робота и тест уборки&lt;/h2&gt;\r\n&lt;iframe width=&quot;420&quot; height=&quot;315&quot; src=&quot;http://www.youtube.com/embed/1AcKllCqoQc&quot; frameborder=&quot;0&quot; allowfullscreen&gt;&lt;/iframe&gt;\r\n&lt;p&gt;&lt;/p&gt;\r\n&lt;h2&gt;Выставление таймера уборки&lt;/h2&gt;\r\n&lt;iframe width=&quot;420&quot; height=&quot;315&quot; src=&quot;http://www.youtube.com/embed/vCglulRruU0&quot; frameborder=&quot;0&quot; allowfullscreen&gt;&lt;/iframe&gt;'),
(103, 'Rovio Mobile', '', '', '', -1, 5, 'data/rovio/rovio-2.jpg', 15, 1, 15450.0000, 0, 0, '2012-07-26', 0.00000000, 1, 27.30000000, 25.40000000, 25.40000000, 1, 1, 1, 1, 1, '2012-07-26 23:10:47', '2013-11-28 21:46:29', 776, '&lt;h1&gt;Видео WowWee Rovio Mobile&lt;/h1&gt;\r\n&lt;p&gt;&lt;/p&gt;\r\n&lt;h2&gt;Управление роботом со смартфона&lt;/h2&gt;\r\n&lt;iframe width=&quot;560&quot; height=&quot;315&quot; src=&quot;http://www.youtube.com/embed/YQqW6WYWb20&quot; frameborder=&quot;0&quot; allowfullscreen&gt;&lt;/iframe&gt;\r\n&lt;p&gt;&lt;/p&gt;\r\n&lt;h2&gt;Управление роботом с Nintendo Wii&lt;/h2&gt;\r\n&lt;iframe width=&quot;420&quot; height=&quot;315&quot; src=&quot;http://www.youtube.com/embed/KMRO7LtAFRk&quot; frameborder=&quot;0&quot; allowfullscreen&gt;&lt;/iframe&gt;\r\n&lt;p&gt;&lt;/p&gt;\r\n&lt;h2&gt;Короткий обзор WowWee Rovio &lt;/h2&gt;\r\n&lt;iframe width=&quot;420&quot; height=&quot;315&quot; src=&quot;http://www.youtube.com/embed/En4lpR1mJFo&quot; frameborder=&quot;0&quot; allowfullscreen&gt;&lt;/iframe&gt;\r\n&lt;p&gt;&lt;/p&gt;\r\n&lt;h2&gt;Демонстрация движения и управления&lt;/h2&gt;\r\n&lt;iframe width=&quot;420&quot; height=&quot;315&quot; src=&quot;http://www.youtube.com/embed/Orhd_BRM0lg&quot; frameborder=&quot;0&quot; allowfullscreen&gt;&lt;/iframe&gt;'),
(104, 'Leopard 2a5', '', '', '', 0, 5, 'data/leopard/leopardtank800w.jpg', 29, 1, 4950.0000, 0, 0, '2012-07-28', 0.00000000, 1, 60.00000000, 24.50000000, 22.00000000, 1, 1, 1, 1, 1, '2012-07-29 12:22:48', '2013-11-28 21:47:47', 469, '&lt;h1&gt;Видео Hobby Leopard 2A5&lt;/h1&gt;\r\n&lt;p&gt;&lt;/p&gt;\r\n&lt;h2&gt;Демонстрация танка&lt;/h2&gt;\r\n&lt;iframe width=&quot;560&quot; height=&quot;315&quot; src=&quot;http://www.youtube.com/embed/ih7XSlIxfZg&quot; frameborder=&quot;0&quot; allowfullscreen&gt;&lt;/iframe&gt;'),
(105, 'Parrot Ar.Drone', '', '', '', 0, 5, 'data/parrot/Parrot_AR.Drone_02_610x559.jpg', 30, 1, 15900.0000, 0, 0, '2012-07-28', 420.00000000, 2, 52.50000000, 0.00000000, 0.00000000, 1, 1, 1, 1, 1, '2012-07-29 23:21:57', '2013-11-28 21:47:32', 403, '&lt;h1&gt;Видео радиоуправляемого вертолета Parrot Ar.Drone&lt;/h1&gt;\r\n&lt;p&gt;&lt;/p&gt;\r\n&lt;h2&gt;Полёт на улице&lt;/h2&gt;\r\n&lt;iframe width=&quot;560&quot; height=&quot;315&quot; src=&quot;http://www.youtube.com/embed/t7K0O0YJnFo&quot; frameborder=&quot;0&quot; allowfullscreen&gt;&lt;/iframe&gt;\r\n&lt;h2&gt;Полёт внутри помещения &lt;/h2&gt;\r\n&lt;iframe width=&quot;560&quot; height=&quot;315&quot; src=&quot;http://www.youtube.com/embed/EYvTJnWrH2Q&quot; frameborder=&quot;0&quot; allowfullscreen&gt;&lt;/iframe&gt;\r\n&lt;p&gt;&lt;/p&gt;\r\n&lt;h2&gt;Игра AR.Pursuit&lt;/h2&gt;\r\n&lt;iframe width=&quot;560&quot; height=&quot;315&quot; src=&quot;http://www.youtube.com/embed/TcuPdraxiRc&quot; frameborder=&quot;0&quot; allowfullscreen&gt;&lt;/iframe&gt;\r\n&lt;p&gt;&lt;/p&gt;\r\n&lt;h2&gt;Игра AR.Rescue&lt;/h2&gt;\r\n&lt;iframe width=&quot;560&quot; height=&quot;315&quot; src=&quot;http://www.youtube.com/embed/p53V11Ph9sc&quot; frameborder=&quot;0&quot; allowfullscreen&gt;&lt;/iframe&gt;'),
(106, 'Horizon FCT H-Racer', '', '', '', 0, 5, 'data/Horizon/12641_1.jpg', 31, 1, 5990.0000, 0, 0, '2012-07-30', 0.00000000, 1, 0.00000000, 0.00000000, 0.00000000, 1, 1, 1, 1, 1, '2012-07-30 22:34:28', '2013-11-28 21:46:42', 1108, '&lt;h1&gt;Видео Horizon FCT H-Racer&lt;/h1&gt;\r\n&lt;p&gt;&lt;/p&gt;\r\n&lt;h2&gt;Сборка, зарядка и движение машинки&lt;/h2&gt;\r\n&lt;iframe width=&quot;420&quot; height=&quot;315&quot; src=&quot;http://www.youtube.com/embed/C5r3Gtg8AaA&quot; frameborder=&quot;0&quot; allowfullscreen&gt;&lt;/iframe&gt;'),
(107, 'Mindstorms NXT 2.0', '', '', '', -1, 5, 'data/mindstorm/816YdydkgcL._AA1423_.jpg', 32, 1, 12100.0000, 0, 0, '2012-07-29', 0.00000000, 1, 48.00000000, 38.00000000, 9.00000000, 1, 1, 1, 1, 1, '2012-07-30 23:09:31', '2013-11-28 21:47:05', 2155, '&lt;h1&gt;Видео Mindstorms NXT 2.0&lt;/h1&gt;\r\n&lt;p&gt;&lt;/p&gt;\r\n&lt;h2&gt;Робот Alpha Rex&lt;/h2&gt;\r\n&lt;iframe width=&quot;560&quot; height=&quot;315&quot; src=&quot;http://www.youtube.com/embed/VW7dh3fdYlA&quot; frameborder=&quot;0&quot; allowfullscreen&gt;&lt;/iframe&gt;\r\n&lt;p&gt;&lt;/p&gt;\r\n&lt;h2&gt;Принтер&lt;/h2&gt;\r\n&lt;iframe width=&quot;560&quot; height=&quot;315&quot; src=&quot;http://www.youtube.com/embed/tNp62EfaJ60&quot; frameborder=&quot;0&quot; allowfullscreen&gt;&lt;/iframe&gt;\r\n&lt;p&gt;&lt;/p&gt;\r\n&lt;h2&gt;Робот-сортировщик&lt;/h2&gt;\r\n&lt;iframe width=&quot;420&quot; height=&quot;315&quot; src=&quot;http://www.youtube.com/embed/NDt5XHRgpJU&quot; frameborder=&quot;0&quot; allowfullscreen&gt;&lt;/iframe&gt;\r\n&lt;p&gt;&lt;/p&gt;\r\n&lt;h2&gt;Кран&lt;/h2&gt;\r\n&lt;iframe width=&quot;420&quot; height=&quot;315&quot; src=&quot;http://www.youtube.com/embed/4J2ljmw9lug&quot; frameborder=&quot;0&quot; allowfullscreen&gt;&lt;/iframe&gt;\r\n&lt;p&gt;&lt;/p&gt;\r\n&lt;h2&gt; Scorpion против Robogator&lt;/h2&gt;\r\n&lt;iframe width=&quot;560&quot; height=&quot;315&quot; src=&quot;http://www.youtube.com/embed/ZnDNKDDwjpE&quot; frameborder=&quot;0&quot; allowfullscreen&gt;&lt;/iframe&gt;'),
(108, 'HexBug Nano', '', '', '', 0, 8, 'data/Nano/3ea133c82e8d8de9cbf4b90626506f5f.jpg', 18, 1, 340.0000, 0, 0, '2012-07-29', 8.00000000, 2, 42.00000000, 14.00000000, 17.00000000, 2, 1, 1, 1, 1, '2012-07-31 00:27:10', '2012-09-25 10:54:18', 443, '&lt;h1&gt;Видео HexBug Nano&lt;/h1&gt;\r\n&lt;p&gt;&lt;/p&gt;\r\n&lt;h2&gt;Бегающие роботы&lt;/h2&gt;\r\n&lt;iframe width=&quot;560&quot; height=&quot;315&quot; src=&quot;http://www.youtube.com/embed/YjdCiigaKi0&quot; frameborder=&quot;0&quot; allowfullscreen&gt;&lt;/iframe&gt;'),
(109, 'Робот-тамагочи U.bo', '', '', '', -12, 5, 'data/ubot/x_0b64768e.jpg', 34, 1, 2850.0000, 0, 0, '2012-07-30', 210.00000000, 2, 10.00000000, 8.50000000, 7.60000000, 1, 1, 1, 1, 1, '2012-07-31 17:31:31', '2013-11-28 21:48:36', 1179, '&lt;h1&gt;Видео Робот-тамагочи U.bo&lt;/h1&gt;\r\n&lt;p&gt;&lt;/p&gt;\r\n&lt;h2&gt;История и демонстрация тамагочи&lt;/h2&gt;\r\n&lt;iframe width=&quot;420&quot; height=&quot;315&quot; src=&quot;http://www.youtube.com/embed/xKTTS7hStVE&quot; frameborder=&quot;0&quot; allowfullscreen&gt;&lt;/iframe&gt;\r\n&lt;p&gt;&lt;/p&gt;\r\n&lt;h2&gt;Танцы&lt;/h2&gt;\r\n&lt;iframe width=&quot;420&quot; height=&quot;315&quot; src=&quot;http://www.youtube.com/embed/Ao_fGXxzg1M&quot; frameborder=&quot;0&quot; allowfullscreen&gt;&lt;/iframe&gt;'),
(110, 'Tomy I-sobot', '', '', '', 0, 5, 'data/sobot/566107-tomy-i-sobot-robot-toy-l.jpg', 35, 1, 9900.0000, 0, 0, '2012-07-30', 350.00000000, 2, 6.70000000, 9.60000000, 16.50000000, 1, 1, 1, 1, 1, '2012-07-31 23:40:25', '2013-11-28 21:48:30', 1041, '&lt;h1&gt;Видео робота Tomy I-sobot&lt;/h1&gt;\r\n&lt;p&gt;&lt;/p&gt;\r\n&lt;h2&gt;Промо-видео&lt;/h2&gt;\r\n&lt;iframe width=&quot;420&quot; height=&quot;315&quot; src=&quot;http://www.youtube.com/embed/omv-A6TYJFw&quot; frameborder=&quot;0&quot; allowfullscreen&gt;&lt;/iframe&gt;\r\n&lt;p&gt;&lt;/p&gt;\r\n&lt;h2&gt;Обзор I-sobot &lt;/h2&gt;\r\n&lt;iframe width=&quot;560&quot; height=&quot;315&quot; src=&quot;http://www.youtube.com/embed/HNU8VqJv9iI&quot; frameborder=&quot;0&quot; allowfullscreen&gt;&lt;/iframe&gt;'),
(111, 'RoboBuilder 5710K', '', '', '', -5, 5, 'data/RoboBuilder 5710K/rb_1b.jpg', 36, 1, 29700.0000, 0, 0, '2012-07-31', 0.00000000, 1, 0.00000000, 0.00000000, 0.00000000, 1, 1, 1, 1, 1, '2012-08-02 00:19:45', '2013-11-28 21:48:23', 1312, '&lt;h1&gt;Видео RoboBuilder 5710K&lt;/h1&gt;\r\n&lt;p&gt;&lt;/p&gt;\r\n&lt;h2&gt;Демонстрация робота-андроида&lt;/h2&gt;\r\n&lt;iframe width=&quot;420&quot; height=&quot;315&quot; src=&quot;http://www.youtube.com/embed/0tELmNEyYC8&quot; frameborder=&quot;0&quot; allowfullscreen&gt;&lt;/iframe&gt;\r\n&lt;p&gt;&lt;/p&gt;\r\n&lt;h2&gt;Динозавр&lt;/h2&gt;\r\n&lt;iframe width=&quot;420&quot; height=&quot;315&quot; src=&quot;http://www.youtube.com/embed/S6VZzhvzXKc&quot; frameborder=&quot;0&quot; allowfullscreen&gt;&lt;/iframe&gt;'),
(112, 'Sony Rolly', '', '', '', -1, 5, 'data/Sony Rolly/94685.jpg', 37, 1, 10100.0000, 0, 0, '2012-08-02', 300.00000000, 2, 10.40000000, 6.50000000, 6.50000000, 1, 1, 1, 1, 0, '2012-08-04 00:32:24', '2014-01-07 13:57:57', 3442, '&lt;h1&gt;Видео Sony Rolly&lt;/h1&gt;\r\n&lt;p&gt;&lt;/p&gt;\r\n&lt;h2&gt;Обзор гаджета&lt;/h2&gt;\r\n&lt;iframe width=&quot;560&quot; height=&quot;315&quot; src=&quot;http://www.youtube.com/embed/HTxdKi77G20&quot; frameborder=&quot;0&quot; allowfullscreen&gt;&lt;/iframe&gt;\r\n&lt;p&gt;&lt;/p&gt;\r\n&lt;h2&gt;Демонстрация игрушки&lt;/h2&gt;\r\n&lt;iframe width=&quot;560&quot; height=&quot;315&quot; src=&quot;http://www.youtube.com/embed/lVkPlYGmhig&quot; frameborder=&quot;0&quot; allowfullscreen&gt;&lt;/iframe&gt;'),
(113, 'Bioloid Beginner Kit', '', '', '', 0, 7, 'data/Bioloid Beginner Kit/bioloid_begin2.jpg', 38, 1, 19600.0000, 0, 0, '2012-08-03', 0.00000000, 1, 0.00000000, 0.00000000, 0.00000000, 1, 1, 1, 1, 1, '2012-08-04 21:58:02', '2013-11-28 21:50:27', 1051, '&lt;h1&gt;Видео Bioloid Beginner Kit&lt;/h1&gt;\r\n&lt;p&gt;&lt;/p&gt;\r\n&lt;h2&gt;Обзор робота&lt;/h2&gt;\r\n&lt;iframe width=&quot;420&quot; height=&quot;315&quot; src=&quot;http://www.youtube.com/embed/4V7yZqzTEyg&quot; frameborder=&quot;0&quot; allowfullscreen&gt;&lt;/iframe&gt;\r\n&lt;p&gt;&lt;/p&gt;\r\n&lt;h2&gt;Рекламная демонстрация&lt;/h2&gt;\r\n&lt;iframe width=&quot;420&quot; height=&quot;315&quot; src=&quot;http://www.youtube.com/embed/X8I3mN6Lxbo&quot; frameborder=&quot;0&quot; allowfullscreen&gt;&lt;/iframe&gt;'),
(114, 'Func HGR-44', '', '', '', 0, 5, 'data/Func HGR-44/Func-HGR-44.jpg', 39, 1, 2450.0000, 0, 0, '2012-08-04', 95.00000000, 2, 24.50000000, 4.00000000, 14.00000000, 1, 1, 1, 1, 1, '2012-08-04 22:34:16', '2013-11-28 21:47:12', 1663, ''),
(115, 'GYRO-PRO ', '', '', '', 0, 5, 'data/Func HGR-44/105_1.jpg', 13, 1, 5590.0000, 0, 0, '2012-08-04', 630.00000000, 1, 50.00000000, 11.00000000, 24.50000000, 1, 1, 1, 1, 1, '2012-08-04 23:01:26', '2013-11-28 21:47:23', 913, '&lt;h1&gt;Видео радиоуправляемого вертолета GYRO-PRO&lt;/h1&gt;\r\n&lt;p&gt;&lt;/p&gt;\r\n&lt;h2&gt;Полёт в помещении&lt;/h2&gt;\r\n&lt;iframe width=&quot;420&quot; height=&quot;315&quot; src=&quot;http://www.youtube.com/embed/aVR0ypDaCW0&quot; frameborder=&quot;0&quot; allowfullscreen&gt;&lt;/iframe&gt;\r\n&lt;p&gt;&lt;/p&gt;\r\n&lt;h2&gt;Демонстрация вертолета GYRO-PRO&lt;/h2&gt;\r\n&lt;iframe width=&quot;420&quot; height=&quot;315&quot; src=&quot;http://www.youtube.com/embed/evsHIl-ibhk&quot; frameborder=&quot;0&quot; allowfullscreen&gt;&lt;/iframe&gt;'),
(116, 'POB-Bot Golden Pack II', '', '', '', 0, 5, 'data/Func HGR-44/103.jpg', 40, 1, 27600.0000, 0, 0, '2012-08-04', 0.00000000, 1, 0.00000000, 0.00000000, 0.00000000, 1, 1, 1, 1, 1, '2012-08-04 23:27:02', '2013-11-28 21:47:54', 404, ''),
(117, 'Caiman Ambrogio L50 Basic', '', '', '', 0, 5, 'data/Caiman/Caiman Ambrogio L50 Basic/Caiman Ambrogio L50 Basic.jpeg', 45, 1, 59900.0000, 0, 0, '2012-08-06', 7.90000000, 1, 41.00000000, 33.00000000, 20.00000000, 1, 1, 1, 1, 1, '2012-08-07 12:47:56', '2014-03-11 12:25:12', 177, '&lt;iframe width=&quot;640&quot; height=&quot;360&quot; src=&quot;//www.youtube.com/embed/ybS5Kl1L79A?feature=player_embedded&quot; frameborder=&quot;0&quot; allowfullscreen&gt;&lt;/iframe&gt;'),
(118, 'Интерактивный мобильный робот', '', '', '', 0, 5, 'data/IMG_0971.jpg', 0, 1, 168000.0000, 0, 0, '2012-08-07', 10.00000000, 1, 0.00000000, 0.00000000, 0.00000000, 1, 1, 1, 1, 1, '2012-08-07 21:40:02', '2013-11-28 21:47:00', 415, '&lt;h1&gt;Видео Интерактивного мобильного робота&lt;/h1&gt;\r\n&lt;p&gt;&lt;/p&gt;\r\n&lt;h2&gt;Демонстрация работы&lt;/h2&gt;\r\n&lt;iframe width=&quot;420&quot; height=&quot;315&quot; src=&quot;http://www.youtube.com/embed/f8HCQKxveuY&quot; frameborder=&quot;0&quot; allowfullscreen&gt;&lt;/iframe&gt;\r\n&lt;p&gt;&lt;/p&gt;\r\n&lt;h2&gt;Демонстрация работы (продолжение) &lt;/h2&gt;\r\n&lt;iframe width=&quot;420&quot; height=&quot;315&quot; src=&quot;http://www.youtube.com/embed/1Zjpg_3WbmQ&quot; frameborder=&quot;0&quot; allowfullscreen&gt;&lt;/iframe&gt;'),
(119, 'Ni-Mh аккумуляторная батарея для Roomba 3000 mAh', '', '', '', 0, 8, 'data/2Комлектующие/AkRoomba.jpg', 11, 1, 4050.0000, 0, 0, '2012-08-08', 0.00000000, 1, 0.00000000, 0.00000000, 0.00000000, 1, 1, 1, 1, 1, '2012-08-09 10:49:06', '2012-09-17 09:39:15', 364, ''),
(120, 'Ni-Mh аккумуляторная батарея для Scooba 4100 mAh', '', '', '', 0, 8, 'data/2Комлектующие/235580.jpg', 11, 1, 4750.0000, 0, 0, '2012-08-08', 0.00000000, 1, 0.00000000, 0.00000000, 0.00000000, 1, 1, 1, 1, 1, '2012-08-09 10:49:52', '2012-09-17 09:39:25', 387, ''),
(121, 'Li-Pol аккумуляторная батарея для пылесосов iClebo 2200 mAh', '', '', '', 10, 7, 'data/2Комлектующие/iclebo.jpg', 22, 1, 2900.0000, 0, 0, '2012-08-08', 0.00000000, 1, 0.00000000, 0.00000000, 0.00000000, 1, 1, 1, 1, 1, '2012-08-09 10:55:53', '2014-03-02 00:44:36', 451, ''),
(122, 'Ограничитель движения «виртуальная стена» для Roomba', '', '', '', 0, 8, 'data/2Комлектующие/irobot-virtual-wall_b.jpg', 11, 1, 1480.0000, 0, 0, '2012-08-08', 0.00000000, 1, 0.00000000, 0.00000000, 0.00000000, 1, 1, 1, 1, 1, '2012-08-09 11:01:11', '2012-09-17 09:43:33', 343, ''),
(123, 'Координатор движения «виртуальный маяк» для Roomba', '', '', '', 0, 8, 'data/2Комлектующие/coord99.jpg', 11, 1, 1720.0000, 0, 0, '2012-08-08', 0.00000000, 1, 0.00000000, 0.00000000, 0.00000000, 1, 1, 1, 1, 1, '2012-08-09 11:05:26', '2012-09-17 09:42:16', 376, ''),
(124, 'Ограничитель движения для Scooba', '', '', '', 0, 8, 'data/2Комлектующие/5962scooba.jpg', 11, 1, 1480.0000, 0, 0, '2012-08-08', 0.00000000, 1, 0.00000000, 0.00000000, 0.00000000, 1, 1, 1, 1, 1, '2012-08-09 11:25:55', '2012-09-17 09:43:47', 278, ''),
(125, 'Радиочастотный пульт ДУ для Roomba', '', '', '', 0, 8, 'data/2Комлектующие/RF-пульт.jpg', 11, 1, 2740.0000, 0, 0, '2012-08-08', 0.00000000, 1, 0.00000000, 0.00000000, 0.00000000, 1, 1, 1, 1, 1, '2012-08-09 11:47:22', '2012-09-17 09:44:53', 292, ''),
(126, 'Радиочастотный пульт ДУ для Roomba', '', '', '', 0, 8, 'data/2Комлектующие/311156.jpg', 11, 1, 2100.0000, 0, 0, '2012-08-08', 0.00000000, 1, 0.00000000, 0.00000000, 0.00000000, 1, 1, 1, 1, 1, '2012-08-09 11:56:29', '2012-09-17 09:40:49', 292, ''),
(127, 'Контейнер для мусора белый для Roomba', '', '', '', 0, 8, 'data/2Комлектующие/501492.jpg', 11, 1, 990.0000, 0, 0, '2012-08-08', 0.00000000, 1, 0.00000000, 0.00000000, 0.00000000, 1, 1, 1, 1, 1, '2012-08-09 12:03:41', '2012-09-17 09:41:51', 279, ''),
(128, 'Контейнер для мусора чёрный для Roomba', '', '', '', 0, 8, 'data/2Комлектующие/501497.jpg', 11, 1, 1080.0000, 0, 0, '2012-08-08', 0.00000000, 1, 0.00000000, 0.00000000, 0.00000000, 1, 1, 1, 1, 1, '2012-08-09 12:08:37', '2012-09-17 09:42:05', 293, ''),
(129, 'Контейнер для мусора AeroVac2 ', '', '', '', 0, 8, 'data/2Комлектующие/3 aerovac.jpg', 11, 1, 1180.0000, 0, 0, '2012-08-08', 0.00000000, 1, 0.00000000, 0.00000000, 0.00000000, 1, 1, 1, 1, 1, '2012-08-09 12:15:04', '2012-09-17 09:41:37', 349, ''),
(130, 'Сменный фильтр для Roomba 500 серии', '', '', '', 0, 8, 'data/2Комлектующие/filtr 500.jpg', 11, 1, 840.0000, 0, 0, '2012-08-08', 0.00000000, 1, 0.00000000, 0.00000000, 0.00000000, 1, 1, 1, 1, 1, '2012-08-09 16:10:36', '2012-09-25 10:56:56', 297, ''),
(131, 'Сменный фильтр для Roomba 700 серии', '', '', '', 0, 8, 'data/2Комлектующие/21899.jpg', 11, 1, 1170.0000, 0, 0, '2012-08-08', 0.00000000, 1, 0.00000000, 0.00000000, 0.00000000, 1, 1, 1, 1, 1, '2012-08-09 16:14:45', '2012-09-25 10:57:45', 283, ''),
(132, 'Набор дополнительных деталей для Roomba 500 серии', '', '', '', 0, 8, 'data/2Комлектующие/nabor roomba 500.jpg', 11, 1, 1520.0000, 0, 0, '2012-08-08', 0.00000000, 1, 0.00000000, 0.00000000, 0.00000000, 1, 1, 1, 1, 1, '2012-08-09 16:17:33', '2012-09-17 09:42:42', 288, ''),
(133, 'Набор сменных элементов для Roomba 700 серии', '', '', '', 0, 8, 'data/2Комлектующие/acc-28.jpg', 11, 1, 1280.0000, 0, 0, '2012-08-08', 0.00000000, 1, 0.00000000, 0.00000000, 0.00000000, 1, 1, 1, 1, 1, '2012-08-09 16:23:42', '2012-09-17 09:43:19', 265, ''),
(134, 'Набор сменных элементов для Roomba 500 серии', '', '', '', 0, 8, 'data/2Комлектующие/500.jpg', 11, 1, 1120.0000, 0, 0, '2012-08-08', 0.00000000, 1, 0.00000000, 0.00000000, 0.00000000, 1, 1, 1, 1, 1, '2012-08-09 16:40:48', '2012-09-17 09:43:00', 321, ''),
(135, 'Антибактериальный фильтр для пылесосов iClebo', '', '', '', 5, 7, 'data/2Комлектующие/filtr_iclebo-500x500.jpg', 22, 1, 490.0000, 0, 0, '2012-08-08', 0.00000000, 1, 0.00000000, 0.00000000, 0.00000000, 1, 1, 1, 1, 1, '2012-08-09 16:55:00', '2014-03-02 00:45:37', 302, ''),
(136, 'Антибактериальный фильтр для пылесосов Neato', '', '', '', -2, 8, 'data/2Комлектующие/neato filtr.jpg', 21, 1, 1340.0000, 0, 0, '2012-08-08', 0.00000000, 1, 0.00000000, 0.00000000, 0.00000000, 1, 1, 1, 1, 1, '2012-08-09 17:38:14', '2012-09-17 09:39:52', 484, ''),
(137, 'Боковая щетка для Roomba', '', '', '', 0, 8, 'data/2Комлектующие/25-157-thickbox.jpg', 11, 1, 780.0000, 0, 0, '2012-08-08', 0.00000000, 1, 0.00000000, 0.00000000, 0.00000000, 1, 1, 1, 1, 1, '2012-08-09 18:21:04', '2012-09-17 09:40:20', 285, ''),
(138, 'Чистящий блок для Roomba', '', '', '', -1, 8, 'data/2Комлектующие/full_41b028a2e25c53dfaacdf43a517d9e20.jpg', 11, 1, 1780.0000, 0, 0, '2012-08-08', 0.00000000, 1, 0.00000000, 0.00000000, 0.00000000, 1, 1, 1, 1, 1, '2012-08-09 18:24:56', '2012-09-25 10:57:34', 292, ''),
(139, 'Щётки для Roomba 500 серии', '', '', '', 0, 8, 'data/brushes.jpg', 11, 1, 1950.0000, 0, 0, '2012-08-08', 0.00000000, 1, 0.00000000, 0.00000000, 0.00000000, 1, 1, 1, 1, 1, '2012-08-09 18:34:00', '2012-09-17 09:45:40', 268, ''),
(140, 'Щетка ворсяная для Roomba 700 серии', '', '', '', 0, 8, 'data/brush_700_3.jpg', 11, 1, 820.0000, 0, 0, '2012-08-08', 0.00000000, 1, 0.00000000, 0.00000000, 0.00000000, 1, 1, 1, 1, 1, '2012-08-09 18:40:41', '2012-09-25 10:57:15', 422, '');
INSERT INTO `product` (`product_id`, `model`, `sku`, `upc`, `location`, `quantity`, `stock_status_id`, `image`, `manufacturer_id`, `shipping`, `price`, `points`, `tax_class_id`, `date_available`, `weight`, `weight_class_id`, `length`, `width`, `height`, `length_class_id`, `subtract`, `minimum`, `sort_order`, `status`, `date_added`, `date_modified`, `viewed`, `youtube_code`) VALUES
(141, 'Щетка резиновая для Roomba 700 серии', '', '', '', 0, 5, 'data/2Комлектующие/gym.jpg', 11, 1, 690.0000, 0, 0, '2012-08-08', 0.00000000, 1, 0.00000000, 0.00000000, 0.00000000, 1, 1, 1, 1, 1, '2012-08-09 18:43:19', '2012-11-24 23:41:46', 236, ''),
(142, 'Чистящий модуль с щеткой для iRobot Scooba', '', '', '', 0, 8, 'data/2Комлектующие/brush_mscooba_3.jpg', 11, 1, 980.0000, 0, 0, '2012-08-08', 0.00000000, 1, 0.00000000, 0.00000000, 0.00000000, 1, 1, 1, 1, 1, '2012-08-09 19:17:14', '2012-09-25 10:57:24', 260, ''),
(143, 'Коврик для iRobot Scooba', '', '', '', 0, 8, 'data/2Комлектующие/mat_3.jpg', 11, 1, 980.0000, 0, 0, '2012-08-08', 0.00000000, 1, 0.00000000, 0.00000000, 0.00000000, 1, 1, 1, 1, 1, '2012-08-09 19:36:04', '2012-09-17 09:41:04', 285, ''),
(144, 'Подставка iRobot Scooba', '', '', '', 0, 8, 'data/2Комлектующие/irobot-scooba-storage-caddy_b.jpg', 11, 1, 1100.0000, 0, 0, '2012-08-08', 0.00000000, 1, 0.00000000, 0.00000000, 0.00000000, 1, 1, 1, 1, 1, '2012-08-09 19:47:28', '2012-09-17 09:44:06', 263, ''),
(145, 'Защитный передний бампер для пылесосов iClebo', '', '', '', 0, 8, 'data/2Комлектующие/14281_0.jpg', 22, 1, 1250.0000, 0, 0, '2012-08-08', 0.00000000, 1, 0.00000000, 0.00000000, 0.00000000, 1, 1, 1, 1, 1, '2012-08-09 19:52:17', '2014-03-02 00:46:23', 295, ''),
(146, 'База для подзарядки роботов-пылесосов iClebo', '', '', '', 4, 7, 'data/2Комлектующие/base iclebo.jpg', 22, 1, 2600.0000, 0, 0, '2012-08-08', 0.00000000, 1, 0.00000000, 0.00000000, 0.00000000, 1, 1, 1, 1, 1, '2012-08-09 19:58:35', '2014-03-02 00:46:59', 247, ''),
(147, 'Колесо для пылесоса iClebo', '', '', '', 4, 7, 'data/2Комлектующие/wheel.jpg', 22, 1, 1650.0000, 0, 0, '2012-08-08', 0.00000000, 1, 0.00000000, 0.00000000, 0.00000000, 1, 1, 1, 1, 1, '2012-08-09 20:26:16', '2014-03-02 00:48:25', 329, ''),
(148, 'Левое колесо для пылесосов iRobot', '', '', '', 0, 8, 'data/2Комлектующие/iRobot_a82v380.png', 11, 1, 1960.0000, 0, 0, '2012-08-08', 0.00000000, 1, 0.00000000, 0.00000000, 0.00000000, 1, 1, 1, 1, 1, '2012-08-09 20:37:24', '2012-09-17 09:42:28', 292, ''),
(155, 'Roomba 630', '', '', '', 0, 8, 'data/roomba630/roomba-630.jpg', 11, 1, 14500.0000, 0, 0, '2012-11-24', 3.80000000, 1, 35.00000000, 35.00000000, 9.50000000, 1, 1, 1, 1, 1, '2012-11-25 10:11:59', '2012-11-25 10:35:37', 890, ''),
(149, 'iRobot Scooba 230', '', '', '', 0, 5, 'data/scooba230/scooba 230.jpg', 11, 1, 11900.0000, 0, 0, '2012-08-16', 1.40000000, 1, 16.00000000, 16.00000000, 9.20000000, 1, 1, 1, 1, 1, '2012-08-17 12:00:09', '2014-01-21 12:43:38', 730, '&lt;h2&gt;Видео iRobot Scooba 230&lt;h2&gt;\r\n&lt;p&gt;&lt;/p&gt;\r\n&lt;h2&gt;Презентация робота-пылесоса iRobot Scooba 230&lt;/h2&gt;\r\n&lt;iframe width=&quot;560&quot; height=&quot;315&quot; src=&quot;http://www.youtube.com/embed/wxFlFPaVBOI&quot; frameborder=&quot;0&quot; allowfullscreen&gt;&lt;/iframe&gt;\r\n&lt;p&gt;&lt;/p&gt;\r\n&lt;h2&gt;Обзор робота-пылесоса iRobot Scooba 230 от владельца&lt;/h2&gt;\r\n&lt;iframe width=&quot;560&quot; height=&quot;315&quot; src=&quot;http://www.youtube.com/embed/Icee6aAbWIA&quot; frameborder=&quot;0&quot; allowfullscreen&gt;&lt;/iframe&gt;'),
(156, 'Yujin Arte Sakura', '', '', '', 0, 9, 'data/iclebo-arte-sakura.jpg', 22, 1, 19600.0000, 0, 0, '2013-03-11', 0.00000000, 1, 0.00000000, 0.00000000, 0.00000000, 1, 1, 1, 1, 1, '2013-03-12 10:24:26', '2014-03-02 00:22:58', 567, ''),
(150, 'Rydis R750', '', '', '', 0, 8, 'data/rydis-r750/rydis_r750_red.jpg', 41, 1, 24900.0000, 0, 0, '2012-08-20', 3.20000000, 1, 32.00000000, 32.00000000, 8.00000000, 1, 1, 1, 1, 1, '2012-08-21 10:14:52', '2012-11-25 21:17:10', 1321, '&lt;h2&gt;Видео Rydis R 750&lt;h2&gt;\r\n&lt;p&gt;&lt;/p&gt;\r\n&lt;h2&gt;Презентация робота-пылесоса Rydis R 750&lt;/h2&gt;\r\n&lt;iframe width=&quot;700&quot; height=&quot;394&quot; src=&quot;http://www.youtube.com/embed/8R_DKoXnNxk&quot; frameborder=&quot;0&quot; allowfullscreen&gt;&lt;/iframe&gt;\r\n&lt;p&gt;&lt;/p&gt;\r\n&lt;h2&gt;Демонстрация работы  Rydis R 750&lt;/h2&gt;\r\n&lt;iframe width=&quot;700&quot; height=&quot;525&quot; src=&quot;http://www.youtube.com/embed/T8zp_Vh8vr8&quot; frameborder=&quot;0&quot; allowfullscreen&gt;&lt;/iframe&gt;'),
(151, 'NeoRobot R1', '', '', '', 0, 8, 'data/Neorobot-r1/neorobot-r1.jpg', 41, 1, 11900.0000, 0, 0, '2012-08-20', 3.50000000, 1, 35.00000000, 35.00000000, 11.00000000, 1, 1, 1, 1, 1, '2012-08-21 12:15:51', '2012-11-30 21:01:33', 1818, '&lt;h2&gt;Видео Neorobot R1&lt;h2&gt;\r\n&lt;p&gt;&lt;/p&gt;\r\n&lt;h2&gt;Презентация робота-пылесоса Neorobot R1&lt;/h2&gt;\r\n&lt;iframe width=&quot;700&quot; height=&quot;394&quot; src=&quot;http://www.youtube.com/embed/dVTDT1AhPNI&quot; frameborder=&quot;0&quot; allowfullscreen&gt;&lt;/iframe&gt;\r\n'),
(153, 'Leopard', '', '', '', -1, 5, 'data/wowwee_leopard (1).png', 15, 1, 3750.0000, 0, 0, '2012-07-11', 0.98000000, 1, 0.00000000, 0.00000000, 0.00000000, 1, 1, 1, 1, 1, '2012-09-08 17:05:57', '2013-11-28 21:46:26', 312, '&lt;h1&gt;Видео WowWee Leopard&lt;/h1&gt;\r\n&lt;p&gt;&lt;/p&gt;\r\n&lt;h2&gt;Леопард зажмуривает глаза и мяукает&lt;/h2&gt;\r\n&lt;iframe width=&quot;420&quot; height=&quot;315&quot; src=&quot;http://www.youtube.com/embed/mEnVlNu0oxI&quot; frameborder=&quot;0&quot; allowfullscreen&gt;&lt;/iframe&gt;\r\n&lt;p&gt;&lt;/p&gt;\r\n&lt;h2&gt;Дети играют игрушками WowWee серии Alive&lt;/h2&gt;\r\n&lt;iframe width=&quot;560&quot; height=&quot;315&quot; src=&quot;http://www.youtube.com/embed/dJqzan1QBpk&quot; frameborder=&quot;0&quot; allowfullscreen&gt;&lt;/iframe&gt;'),
(173, 'OLLO Figure', '', '', '', 4, 8, 'data/medium_ROF[1].jpg', 38, 1, 990.0000, 0, 0, '2014-01-18', 0.00000000, 1, 0.00000000, 0.00000000, 0.00000000, 1, 1, 1, 1, 1, '2014-01-19 21:20:49', '2014-01-20 09:49:11', 42, ''),
(172, 'Robotis OLLO Action ', '', '', '', 12, 8, 'data/0000318_400.jpeg', 38, 1, 1490.0000, 0, 0, '2013-12-03', 0.00000000, 1, 0.00000000, 0.00000000, 0.00000000, 1, 1, 1, 1, 1, '2013-12-04 00:33:27', '2013-12-04 00:35:41', 130, ''),
(160, 'iClebo Pop Phantom', '', '', '', -2, 5, 'data/iclebo-pop/iclebo-pop.jpg', 22, 1, 14900.0000, 0, 0, '2013-09-13', 0.00000000, 1, 0.00000000, 0.00000000, 0.00000000, 1, 1, 1, 1, 1, '2013-09-14 15:27:52', '2014-03-02 00:20:33', 257, ''),
(164, 'Robotis Bioloid Comprehensive Kit', '', '', '', 14, 5, 'data/Bioloid Comprehensive/bioloidlarge.jpg', 38, 1, 44000.0000, 0, 0, '2013-09-23', 0.00000000, 1, 0.00000000, 0.00000000, 0.00000000, 1, 1, 1, 1, 1, '2013-09-24 21:15:30', '2013-11-28 19:37:00', 303, '&lt;h2&gt;Видео Bioloid Comprehensive Kit&lt;/h2&gt;\r\n&lt;p&gt;&lt;/p&gt;\r\n&lt;h3&gt;Обзор гуманоидного робота&lt;/h3&gt;\r\n&lt;iframe width=&quot;640&quot; height=&quot;360&quot; src=&quot;//www.youtube.com/embed/LCIW7SmwuFk?feature=player_detailpage&quot; frameborder=&quot;0&quot; allowfullscreen&gt;&lt;/iframe&gt;\r\n&lt;p&gt;&lt;/p&gt;\r\n&lt;h3&gt;Трансформер&lt;/h3&gt;\r\n&lt;iframe width=&quot;640&quot; height=&quot;360&quot; src=&quot;//www.youtube.com/embed/aQe0WFJG1K4?feature=player_detailpage&quot; frameborder=&quot;0&quot; allowfullscreen&gt;&lt;/iframe&gt;\r\n&lt;p&gt;&lt;/p&gt;\r\n&lt;h3&gt;Танцующий гуманоид&lt;/h3&gt;\r\n&lt;iframe width=&quot;640&quot; height=&quot;360&quot; src=&quot;//www.youtube.com/embed/ergIqsqhIyA?feature=player_detailpage&quot; frameborder=&quot;0&quot; allowfullscreen&gt;&lt;/iframe&gt;\r\n&lt;p&gt;&lt;/p&gt;\r\n&lt;h3&gt;Гуманоид играет в футбол&lt;/h3&gt;\r\n&lt;iframe width=&quot;640&quot; height=&quot;360&quot; src=&quot;//www.youtube.com/embed/v5ZHW4yCxFk?feature=player_detailpage&quot; frameborder=&quot;0&quot; allowfullscreen&gt;&lt;/iframe&gt;\r\n&lt;p&gt;&lt;/p&gt;\r\n&lt;h3&gt;Робот - динозавр&lt;/h3&gt;\r\n&lt;iframe width=&quot;640&quot; height=&quot;360&quot; src=&quot;//www.youtube.com/embed/oEBybg91smg?feature=player_detailpage&quot; frameborder=&quot;0&quot; allowfullscreen&gt;&lt;/iframe&gt;\r\n&lt;p&gt;&lt;/p&gt;\r\n&lt;h3&gt;Робот - собака&lt;/h3&gt;\r\n&lt;iframe width=&quot;640&quot; height=&quot;360&quot; src=&quot;//www.youtube.com/embed/6hNdLv6ZVZ4?feature=player_detailpage&quot; frameborder=&quot;0&quot; allowfullscreen&gt;&lt;/iframe&gt;\r\n'),
(161, 'iClebo Pop Lemon', '', '', '', 47, 7, 'data/iclebo-pop-lemon/iclebo-pop-lemon.jpg', 22, 1, 14900.0000, 0, 0, '2013-09-13', 0.00000000, 1, 0.00000000, 0.00000000, 0.00000000, 1, 1, 1, 1, 1, '2013-09-14 15:42:12', '2014-02-26 10:03:30', 344, ''),
(162, 'iClebo Pop Magic', '', '', '', 0, 5, 'data/iclebo-pop-magic/iclebo-pop-magic.jpg', 22, 1, 14900.0000, 0, 0, '2013-09-13', 0.00000000, 1, 0.00000000, 0.00000000, 0.00000000, 1, 1, 1, 1, 1, '2013-09-14 15:49:12', '2014-03-02 00:21:33', 224, ''),
(163, 'Robotis Bioloid Beginner', '', '', '', 16, 7, 'data/bioloid_begin2-550x550.jpg', 38, 1, 23000.0000, 0, 0, '2013-09-15', 0.00000000, 1, 0.00000000, 0.00000000, 0.00000000, 1, 1, 1, 1, 1, '2013-09-16 18:24:36', '2013-11-29 01:19:20', 268, '&lt;iframe width=&quot;640&quot; height=&quot;360&quot; src=&quot;//www.youtube.com/embed/Hrz5q8WY-4s?feature=player_embedded&quot; frameborder=&quot;0&quot; allowfullscreen&gt;&lt;/iframe&gt;'),
(165, 'Учеиный набор Амперка', '', '', '', 11, 7, 'data/amperka/box.png', 42, 1, 12900.0000, 0, 0, '2013-09-26', 0.00000000, 1, 0.00000000, 0.00000000, 0.00000000, 1, 1, 1, 1, 1, '2013-09-27 04:40:07', '2013-11-28 19:39:09', 294, '&lt;h2&gt;Учебный конструктор Амперка&lt;/h2&gt;\r\n&lt;p&gt;&lt;/p&gt;\r\n&lt;h3&gt;Демонстрация движения робота&lt;/h3&gt;\r\n&lt;iframe width=&quot;640&quot; height=&quot;360&quot; src=&quot;//www.youtube.com/embed/3XjN_y18BcE?feature=player_detailpage&quot; frameborder=&quot;0&quot; allowfullscreen&gt;&lt;/iframe&gt;\r\n&lt;p&gt;&lt;/p&gt;\r\n&lt;h3&gt;Сервопривод с обратной связью в действии&lt;/h3&gt;\r\n&lt;iframe width=&quot;640&quot; height=&quot;360&quot; src=&quot;//www.youtube.com/embed/iI4mMbAGESo?feature=player_detailpage&quot; frameborder=&quot;0&quot; allowfullscreen&gt;&lt;/iframe&gt;\r\n&lt;p&gt;&lt;/p&gt;\r\n&lt;h3&gt;Дистанионное управление роботом&lt;/h3&gt;\r\n&lt;iframe width=&quot;640&quot; height=&quot;360&quot; src=&quot;//www.youtube.com/embed/M3EXbToB2U8?feature=player_detailpage&quot; frameborder=&quot;0&quot; allowfullscreen&gt;&lt;/iframe&gt;'),
(166, 'Robotis Bioloid Premium', '', '', '', 12, 8, 'data/Biloloid Premium/0.jpg', 38, 1, 63000.0000, 0, 0, '2013-09-26', 0.00000000, 1, 0.00000000, 0.00000000, 0.00000000, 1, 1, 1, 1, 1, '2013-09-27 07:01:08', '2013-11-28 19:47:41', 450, '&lt;h2&gt;Видео Bioloid Premium&lt;/h2&gt;\r\n&lt;p&gt;&lt;/p&gt;\r\n&lt;h3&gt;Демонстрация интерактивного режима и возможностей программирования на языке C&lt;/h3&gt;\r\n&lt;iframe width=&quot;640&quot; height=&quot;360&quot; src=&quot;//www.youtube.com/embed/XIibSRp9UXQ?feature=player_detailpage&quot; frameborder=&quot;0&quot; allowfullscreen&gt;&lt;/iframe&gt;\r\n&lt;p&gt;&lt;/p&gt;\r\n&lt;h3&gt;Танцующиие роботы&lt;/h3&gt;\r\n&lt;iframe width=&quot;640&quot; height=&quot;360&quot; src=&quot;//www.youtube.com/embed/3X5YUzSOsCI?feature=player_detailpage&quot; frameborder=&quot;0&quot; allowfullscreen&gt;&lt;/iframe&gt;\r\n&lt;p&gt;&lt;/p&gt;\r\n&lt;h3&gt;Еще немного танцев&lt;/h3&gt;\r\n&lt;iframe width=&quot;640&quot; height=&quot;360&quot; src=&quot;//www.youtube.com/embed/jfbfEDU3QLM?feature=player_detailpage&quot; frameborder=&quot;0&quot; allowfullscreen&gt;&lt;/iframe&gt;\r\n&lt;p&gt;&lt;/p&gt;\r\n&lt;h3&gt;Bioloid Premiun в финале RoboCup 2011&lt;/h3&gt;\r\n&lt;iframe width=&quot;640&quot; height=&quot;360&quot; src=&quot;//www.youtube.com/embed/XLKKbz2mNyo?feature=player_detailpage&quot; frameborder=&quot;0&quot; allowfullscreen&gt;&lt;/iframe&gt;\r\n'),
(167, 'Robotis OLLO Inventor Kit ', '', '', '', 18, 7, 'data/Robotis OLLO Inventor/0000321_400.jpeg', 38, 1, 13900.0000, 0, 0, '2013-09-26', 0.00000000, 1, 0.00000000, 0.00000000, 0.00000000, 1, 1, 1, 1, 1, '2013-09-27 14:12:58', '2014-03-05 14:08:24', 210, '&lt;h2&gt;Видео Robotis OLLO Inventor&lt;/h2&gt;\r\n&lt;p&gt;&lt;/p&gt;\r\n&lt;h3&gt;Демонстрация интерактивного режима и возможностей программирования на языке C&lt;/h3&gt;\r\n&lt;iframe width=&quot;640&quot; height=&quot;360&quot; src=&quot;//www.youtube.com/embed/nAIIRADdV3o?feature=player_detailpage&quot; frameborder=&quot;0&quot; allowfullscreen&gt;&lt;/iframe&gt;\r\n&lt;p&gt;&lt;/p&gt;\r\n&lt;h3&gt;Пятицилиндровый двигатель&lt;/h3&gt;\r\n&lt;iframe width=&quot;640&quot; height=&quot;360&quot; src=&quot;//www.youtube.com/embed/bJLMZqZq4L0?feature=player_detailpage&quot; frameborder=&quot;0&quot; allowfullscreen&gt;&lt;/iframe&gt;\r\n&lt;p&gt;&lt;/p&gt;\r\n&lt;h3&gt;Робот-танк&lt;/h3&gt;\r\n&lt;iframe width=&quot;640&quot; height=&quot;360&quot; src=&quot;//www.youtube.com/embed/UBXkZa1Sb1c?feature=player_detailpage&quot; frameborder=&quot;0&quot; allowfullscreen&gt;&lt;/iframe&gt;\r\n'),
(168, 'Robotis Bioloid GP', '', '', '', 3, 8, 'data/Bioloid GP/0000364_400.jpeg', 38, 1, 135000.0000, 0, 0, '2013-09-26', 0.00000000, 1, 0.00000000, 0.00000000, 0.00000000, 1, 1, 1, 1, 1, '2013-09-27 15:49:33', '2014-03-05 14:27:55', 436, '&lt;h2&gt;Видео Bioloid GP&lt;/h2&gt;\r\n&lt;p&gt;&lt;/p&gt;\r\n&lt;h3&gt;Демонстрация возможностей Bioloid GP&lt;/h3&gt;\r\n&lt;iframe width=&quot;640&quot; height=&quot;360&quot; src=&quot;//www.youtube.com/embed/Ags6Sg05iSY?feature=player_embedded&quot; frameborder=&quot;0&quot; allowfullscreen&gt;&lt;/iframe&gt;\r\n&lt;p&gt;&lt;/p&gt;\r\n&lt;h3&gt;Бой роботов&lt;/h3&gt;\r\n&lt;iframe width=&quot;640&quot; height=&quot;360&quot; src=&quot;//www.youtube.com/embed/BmlCGRbA4P4?feature=player_detailpage&quot; frameborder=&quot;0&quot; allowfullscreen&gt;&lt;/iframe&gt;\r\n&lt;p&gt;&lt;/p&gt;\r\n&lt;h3&gt;Распаковка Bioloid GP&lt;/h3&gt;\r\n&lt;iframe width=&quot;640&quot; height=&quot;360&quot; src=&quot;//www.youtube.com/embed/I5uY7kMUYgM?feature=player_detailpage&quot; frameborder=&quot;0&quot; allowfullscreen&gt;&lt;/iframe&gt;\r\n'),
(169, 'Робот пылесос Clever&amp;Clean Z10', '', '', '', 51, 7, 'data/CleverCleanZ10/Clever_and_Clean_Z10_Black_406690.jpg', 25, 1, 11990.0000, 0, 0, '2013-10-06', 0.00000000, 1, 0.00000000, 0.00000000, 0.00000000, 1, 1, 1, 1, 1, '2013-10-07 23:45:24', '2013-10-08 14:43:45', 180, '&lt;h2&gt;Clever&amp;Clean Z10&lt;/h2&gt;\r\n&lt;p&gt;&lt;/p&gt;\r\n&lt;h3&gt;Clever&amp;Clean Z10 в работе&lt;/h3&gt;\r\n&lt;iframe width=&quot;640&quot; height=&quot;360&quot; src=&quot;//www.youtube.com/embed/HpOCrs-U9ZM?feature=player_detailpage&quot; frameborder=&quot;0&quot; allowfullscreen&gt;&lt;/iframe&gt;\r\n&lt;p&gt;&lt;/p&gt;'),
(170, 'Робот пылесос Clever&amp;Clean Z10A', '', '', '', 59, 7, 'data/CleverCleanZ10/Clever_and_Clean_Z10_Color_Green_406649.jpg', 25, 1, 10990.0000, 0, 0, '2013-10-06', 0.00000000, 1, 0.00000000, 0.00000000, 0.00000000, 1, 1, 1, 1, 1, '2013-10-07 23:47:08', '2013-10-08 14:50:06', 222, '&lt;h2&gt;Clever&amp;Clean Z10A&lt;/h2&gt;\r\n&lt;p&gt;&lt;/p&gt;\r\n&lt;h3&gt;Clever&amp;Clean Z10A в работе&lt;/h3&gt;\r\n&lt;iframe width=&quot;640&quot; height=&quot;360&quot; src=&quot;//www.youtube.com/embed/JC9b76ZBhoU?feature=player_detailpage&quot; frameborder=&quot;0&quot; allowfullscreen&gt;&lt;/iframe&gt;\r\n&lt;p&gt;&lt;/p&gt;'),
(171, 'Для пылесосов iClebo Arte', '', '', '', 92, 7, 'data/1qa-500x500.jpg', 22, 1, 18600.0000, 0, 0, '2013-08-27', 0.00000000, 1, 0.00000000, 0.00000000, 0.00000000, 1, 1, 1, 1, 1, '2013-11-28 18:49:47', '2014-03-02 00:43:20', 155, ''),
(207, 'Clever&amp;Clean Z10 Black Diamond', '', '', '', 10, 7, 'data/z1-320x320.jpg', 25, 1, 11990.0000, 0, 0, '2014-04-10', 3.20000000, 1, 0.00000000, 32.00000000, 9.00000000, 1, 1, 1, 1, 1, '2014-04-11 10:59:13', '2014-04-11 11:05:02', 3, ''),
(174, 'Robotis OLLO Starter', '', '', '', 5, 7, 'data/Robotis OLLO Starter/medium_ROS[1].jpg', 38, 1, 4490.0000, 0, 0, '2014-01-19', 0.00000000, 1, 0.00000000, 0.00000000, 0.00000000, 1, 1, 1, 1, 1, '2014-01-20 08:53:40', '0000-00-00 00:00:00', 52, ''),
(175, 'Robotis OLLO Bug', '', '', '', 4, 8, 'data/Robotis OLLO Bug/ollokits.jpg', 38, 1, 4980.0000, 0, 0, '2014-01-19', 0.00000000, 1, 0.00000000, 0.00000000, 0.00000000, 1, 1, 1, 1, 1, '2014-01-20 09:17:08', '2014-01-20 09:18:47', 64, '&lt;iframe width=&quot;640&quot; height=&quot;390&quot; src=&quot;//www.youtube.com/embed/vG6K5mm93Bg&quot; frameborder=&quot;0&quot; allowfullscreen&gt;&lt;/iframe&gt;\r\n&lt;iframe width=&quot;640&quot; height=&quot;360&quot; src=&quot;//www.youtube.com/embed/oOBtV_zFDio?feature=player_detailpage&quot; frameborder=&quot;0&quot; allowfullscreen&gt;&lt;/iframe&gt;\r\n&lt;iframe width=&quot;640&quot; height=&quot;360&quot; src=&quot;//www.youtube.com/embed/ehu2AJpGFhM?feature=player_detailpage&quot; frameborder=&quot;0&quot; allowfullscreen&gt;&lt;/iframe&gt;'),
(176, 'Robotis OLLO Explorer', '', '', '', 5, 8, 'data/Robotis OLLO Explorer/robotis-ollo-explorer-kit-8-pack.jpg', 38, 1, 8390.0000, 0, 0, '2014-01-19', 0.00000000, 1, 0.00000000, 0.00000000, 0.00000000, 1, 1, 1, 1, 1, '2014-01-20 09:30:46', '0000-00-00 00:00:00', 37, '&lt;iframe width=&quot;640&quot; height=&quot;360&quot; src=&quot;//www.youtube.com/embed/1UCgciGU9PY?feature=player_embedded&quot; frameborder=&quot;0&quot; allowfullscreen&gt;&lt;/iframe&gt;\r\n&lt;iframe width=&quot;640&quot; height=&quot;360&quot; src=&quot;//www.youtube.com/embed/zLDHWR4FdCc?feature=player_embedded&quot; frameborder=&quot;0&quot; allowfullscreen&gt;&lt;/iframe&gt;'),
(177, 'Robotis OLLO Inventor Expansion', '', '', '', 5, 8, 'data/Robotis OLLO Inventor Expansion/1.jpg', 38, 1, 8190.0000, 0, 0, '2014-01-19', 0.00000000, 1, 0.00000000, 0.00000000, 0.00000000, 1, 1, 1, 1, 1, '2014-01-20 09:45:59', '2014-01-20 15:20:23', 38, ''),
(178, ' WCR-I001', '', '', '', 5, 7, 'data/Windoro/1-Windoro-WCR-I001-440x440.jpg', 43, 1, 19800.0000, 0, 0, '2014-01-26', 0.00000000, 1, 0.00000000, 0.00000000, 0.00000000, 1, 1, 1, 1, 1, '2014-01-27 08:27:26', '2014-01-28 15:53:52', 56, '&lt;iframe width=&quot;640&quot; height=&quot;390&quot; src=&quot;//www.youtube.com/embed/vrEGVuuiUmE&quot; frameborder=&quot;0&quot; allowfullscreen&gt;&lt;/iframe&gt;\r\n&lt;iframe width=&quot;640&quot; height=&quot;390&quot; src=&quot;//www.youtube.com/embed/2FIMYZ6ubgY&quot; frameborder=&quot;0&quot; allowfullscreen&gt;&lt;/iframe&gt;'),
(179, 'WCR-I001', '', '', '', 0, 8, 'data/Windoro/1-Windoro-WCR-I001-440x440.jpg', 43, 1, 19800.0000, 0, 0, '2014-01-26', 0.00000000, 1, 0.00000000, 0.00000000, 0.00000000, 1, 1, 1, 1, 1, '2014-01-27 09:53:02', '2014-01-28 20:24:14', 54, '&lt;iframe width=&quot;640&quot; height=&quot;390&quot; src=&quot;//www.youtube.com/embed/vrEGVuuiUmE&quot; frameborder=&quot;0&quot; allowfullscreen&gt;&lt;/iframe&gt;\r\n&lt;iframe width=&quot;640&quot; height=&quot;390&quot; src=&quot;//www.youtube.com/embed/2FIMYZ6ubgY&quot; frameborder=&quot;0&quot; allowfullscreen&gt;&lt;/iframe&gt;'),
(180, 'Robomow RC302', '', '', '', 0, 8, 'data/Robomow/r3-320x320[1].jpg', 44, 1, 34960.0000, 0, 0, '2014-03-09', 0.00000000, 1, 0.00000000, 0.00000000, 0.00000000, 1, 1, 1, 1, 1, '2014-03-10 20:49:15', '2014-03-10 21:01:38', 22, '&lt;iframe width=&quot;640&quot; height=&quot;390&quot; src=&quot;//www.youtube.com/embed/lwOlqtRSlhI&quot; frameborder=&quot;0&quot; allowfullscreen&gt;&lt;/iframe&gt;'),
(181, 'Robomow RC304', '', '', '', 0, 8, 'data/Robomow/RC304/rr4-320x320[1].jpg', 44, 1, 51960.0000, 0, 0, '2014-03-10', 0.00000000, 1, 0.00000000, 0.00000000, 0.00000000, 1, 1, 1, 1, 1, '2014-03-11 10:19:29', '2014-03-11 10:23:22', 19, '&lt;iframe width=&quot;640&quot; height=&quot;390&quot; src=&quot;//www.youtube.com/embed/lwOlqtRSlhI&quot; frameborder=&quot;0&quot; allowfullscreen&gt;&lt;/iframe&gt;'),
(182, 'Robomow RC306', '', '', '', 0, 8, 'data/Robomow/RC306/qr4-320x320[1].jpg', 44, 1, 59960.0000, 0, 0, '2014-03-10', 0.00000000, 1, 0.00000000, 0.00000000, 0.00000000, 1, 1, 1, 1, 1, '2014-03-11 10:26:25', '2014-03-11 10:36:31', 14, '&lt;iframe width=&quot;640&quot; height=&quot;390&quot; src=&quot;//www.youtube.com/embed/lwOlqtRSlhI&quot; frameborder=&quot;0&quot; allowfullscreen&gt;&lt;/iframe&gt;'),
(183, 'Robomow RS612', '', '', '', 0, 8, 'data/Robomow/RS612/robomow5-320x320[1].jpg', 44, 1, 79960.0000, 0, 0, '2014-03-10', 0.00000000, 1, 0.00000000, 0.00000000, 0.00000000, 1, 1, 1, 1, 1, '2014-03-11 10:55:13', '0000-00-00 00:00:00', 12, '&lt;iframe width=&quot;640&quot; height=&quot;390&quot; src=&quot;//www.youtube.com/embed/guVPDY-cIAw&quot; frameborder=&quot;0&quot; allowfullscreen&gt;&lt;/iframe&gt;'),
(184, 'Robomow RS622', '', '', '', 0, 8, 'data/Robomow/RS622/aa5-320x320[1].jpg', 44, 1, 94960.0000, 0, 0, '2014-03-10', 0.00000000, 1, 0.00000000, 0.00000000, 0.00000000, 1, 1, 1, 1, 1, '2014-03-11 10:57:29', '2014-03-11 11:01:04', 13, '&lt;iframe width=&quot;640&quot; height=&quot;390&quot; src=&quot;//www.youtube.com/embed/guVPDY-cIAw&quot; frameborder=&quot;0&quot; allowfullscreen&gt;&lt;/iframe&gt;'),
(185, 'Robomow RS630', '', '', '', 0, 8, 'data/Robomow/RS630/robomow_rs630_04[1].jpg', 44, 1, 119960.0000, 0, 0, '2014-03-10', 0.00000000, 1, 0.00000000, 0.00000000, 0.00000000, 1, 1, 1, 1, 1, '2014-03-11 11:09:25', '2014-03-11 11:13:58', 18, '&lt;iframe width=&quot;640&quot; height=&quot;390&quot; src=&quot;//www.youtube.com/embed/SNmHHneRHY4&quot; frameborder=&quot;0&quot; allowfullscreen&gt;&lt;/iframe&gt;\r\n&lt;iframe width=&quot;640&quot; height=&quot;360&quot; src=&quot;//www.youtube.com/embed/giqD6iMPyVk?feature=player_detailpage&quot; frameborder=&quot;0&quot; allowfullscreen&gt;&lt;/iframe&gt;'),
(186, 'Robomow RL855', '', '', '', 0, 5, 'data/Robomow/RL855/4-320x320[1].jpg', 44, 1, 61960.0000, 0, 0, '2014-03-10', 0.00000000, 1, 0.00000000, 0.00000000, 0.00000000, 1, 1, 1, 1, 1, '2014-03-11 11:28:25', '2014-03-11 11:29:49', 18, '&lt;iframe width=&quot;640&quot; height=&quot;360&quot; src=&quot;//www.youtube.com/embed/K3BVhghMss0?feature=player_embedded&quot; frameborder=&quot;0&quot; allowfullscreen&gt;&lt;/iframe&gt;\r\n&lt;iframe width=&quot;640&quot; height=&quot;360&quot; src=&quot;//www.youtube.com/embed/Juf9OLv_HXI?feature=player_embedded&quot; frameborder=&quot;0&quot; allowfullscreen&gt;&lt;/iframe&gt;'),
(187, 'Robomow RL2000 ', '', '', '', 0, 5, 'data/Robomow/RL2000/1-320x320[1].jpg', 44, 1, 79960.0000, 0, 0, '2014-03-10', 0.00000000, 1, 0.00000000, 0.00000000, 0.00000000, 1, 1, 1, 1, 1, '2014-03-11 11:35:27', '2014-03-11 11:35:59', 17, '&lt;iframe width=&quot;640&quot; height=&quot;360&quot; src=&quot;//www.youtube.com/embed/WX15WB9C_V8?feature=player_embedded&quot; frameborder=&quot;0&quot; allowfullscreen&gt;&lt;/iframe&gt;\r\n&lt;iframe width=&quot;640&quot; height=&quot;360&quot; src=&quot;//www.youtube.com/embed/Juf9OLv_HXI?feature=player_embedded&quot; frameborder=&quot;0&quot; allowfullscreen&gt;&lt;/iframe&gt;'),
(188, 'Robomow RM510', '', '', '', 0, 5, 'data/Robomow/RM510/1-320x320[1].jpg', 44, 1, 51960.0000, 0, 0, '2014-03-10', 0.00000000, 1, 0.00000000, 0.00000000, 0.00000000, 1, 1, 1, 1, 1, '2014-03-11 12:05:20', '2014-03-11 12:07:46', 19, '&lt;iframe width=&quot;640&quot; height=&quot;360&quot; src=&quot;//www.youtube.com/embed/lQPpaIXCBr4?feature=player_embedded&quot; frameborder=&quot;0&quot; allowfullscreen&gt;&lt;/iframe&gt;\r\n&lt;iframe width=&quot;640&quot; height=&quot;360&quot; src=&quot;//www.youtube.com/embed/Juf9OLv_HXI?feature=player_embedded&quot; frameborder=&quot;0&quot; allowfullscreen&gt;&lt;/iframe&gt;'),
(189, 'Caiman Ambrogio L50 Basic US', '', '', '', 1, 7, 'data/Caiman/Caiman Ambrogio L50 Basic/Caiman Ambrogio L50 Basic.jpeg', 45, 1, 59990.0000, 0, 0, '2014-03-10', 0.00000000, 1, 0.00000000, 0.00000000, 0.00000000, 1, 1, 1, 1, 1, '2014-03-11 13:03:30', '2014-03-11 13:03:58', 22, '&lt;iframe width=&quot;640&quot; height=&quot;360&quot; src=&quot;//www.youtube.com/embed/ybS5Kl1L79A?feature=player_embedded&quot; frameborder=&quot;0&quot; allowfullscreen&gt;&lt;/iframe&gt;'),
(190, 'Caiman Ambrogio L50 Deluxe', '', '', '', 0, 5, 'data/Caiman/L50 Deluxe/Deluxe-320x320[1].jpg', 45, 1, 69900.0000, 0, 0, '2014-03-10', 0.00000000, 1, 0.00000000, 0.00000000, 0.00000000, 1, 1, 1, 1, 1, '2014-03-11 13:06:07', '2014-03-11 13:07:30', 16, '&lt;iframe width=&quot;640&quot; height=&quot;360&quot; src=&quot;//www.youtube.com/embed/ybS5Kl1L79A?feature=player_embedded&quot; frameborder=&quot;0&quot; allowfullscreen&gt;&lt;/iframe&gt;'),
(191, 'Caiman Ambrogio L50 Evolution', '', '', '', 0, 5, 'data/Caiman/L50 Evolution/site.aspx-320x320[1].jpg', 45, 1, 75990.0000, 0, 0, '2014-03-10', 0.00000000, 1, 0.00000000, 0.00000000, 0.00000000, 1, 1, 1, 1, 1, '2014-03-11 13:11:05', '0000-00-00 00:00:00', 16, '&lt;iframe width=&quot;640&quot; height=&quot;360&quot; src=&quot;//www.youtube.com/embed/ybS5Kl1L79A?feature=player_embedded&quot; frameborder=&quot;0&quot; allowfullscreen&gt;&lt;/iframe&gt;'),
(192, 'Caiman Ambrogio L200 Basic', '', '', '', 1, 7, 'data/Caiman/L200 Basic/111111-320x320[1].jpeg', 45, 1, 89990.0000, 0, 0, '2014-03-10', 0.00000000, 1, 0.00000000, 0.00000000, 0.00000000, 1, 1, 1, 1, 1, '2014-03-11 13:15:02', '2014-03-11 14:40:06', 19, '&lt;iframe width=&quot;640&quot; height=&quot;360&quot; src=&quot;//www.youtube.com/embed/IaiWf3Nglb4?feature=player_embedded&quot; frameborder=&quot;0&quot; allowfullscreen&gt;&lt;/iframe&gt;'),
(193, 'Caiman Ambrogio L200 Deluxe', '', '', '', 1, 7, 'data/Caiman/L200 Deluxe/l200deluxe-320x320[1].jpg', 45, 1, 119990.0000, 0, 0, '2014-03-10', 0.00000000, 1, 0.00000000, 0.00000000, 0.00000000, 1, 1, 1, 1, 1, '2014-03-11 16:24:31', '0000-00-00 00:00:00', 18, '&lt;iframe width=&quot;640&quot; height=&quot;360&quot; src=&quot;//www.youtube.com/embed/IaiWf3Nglb4?feature=player_embedded&quot; frameborder=&quot;0&quot; allowfullscreen&gt;&lt;/iframe&gt;'),
(194, 'Caiman Ambrogio L200 Evolution', '', '', '', 1, 7, 'data/Caiman/l200evolution-320x320[1].jpg', 45, 1, 139990.0000, 0, 0, '2014-03-10', 0.00000000, 1, 0.00000000, 0.00000000, 0.00000000, 1, 1, 1, 1, 1, '2014-03-11 16:27:01', '0000-00-00 00:00:00', 15, '&lt;iframe width=&quot;640&quot; height=&quot;360&quot; src=&quot;//www.youtube.com/embed/IaiWf3Nglb4?feature=player_embedded&quot; frameborder=&quot;0&quot; allowfullscreen&gt;&lt;/iframe&gt;'),
(195, 'Caiman Ambrogio L200 Elite', '', '', '', 1, 7, 'data/Caiman/L200 elite/e58ab7921b74701ec102392c5f74c7f52480[1].jpg', 45, 1, 159990.0000, 0, 0, '2014-03-10', 0.00000000, 1, 0.00000000, 0.00000000, 0.00000000, 1, 1, 1, 1, 1, '2014-03-11 16:30:03', '2014-03-11 16:33:44', 16, '&lt;iframe width=&quot;640&quot; height=&quot;360&quot; src=&quot;//www.youtube.com/embed/IaiWf3Nglb4?feature=player_embedded&quot; frameborder=&quot;0&quot; allowfullscreen&gt;&lt;/iframe&gt;'),
(196, 'Caiman Ambrogio L200 Carbon', '', '', '', 1, 8, 'data/Caiman/4f60860c096b05703669bb90014ca099-500x500[1].jpeg', 45, 1, 199990.0000, 0, 0, '2014-03-10', 0.00000000, 1, 0.00000000, 0.00000000, 0.00000000, 1, 1, 1, 1, 1, '2014-03-11 16:38:23', '0000-00-00 00:00:00', 13, '&lt;iframe width=&quot;640&quot; height=&quot;360&quot; src=&quot;//www.youtube.com/embed/IaiWf3Nglb4?feature=player_embedded&quot; frameborder=&quot;0&quot; allowfullscreen&gt;&lt;/iframe&gt;'),
(197, 'Caiman Ambrogio L300 Carbon', '', '', '', 0, 8, 'data/Caiman/1241-500x500[1].jpg', 45, 1, 249990.0000, 0, 0, '2014-03-10', 0.00000000, 1, 0.00000000, 0.00000000, 0.00000000, 1, 1, 1, 1, 1, '2014-03-11 16:42:34', '2014-03-11 16:50:56', 13, '&lt;iframe width=&quot;640&quot; height=&quot;390&quot; src=&quot;//www.youtube.com/embed/BIZg2kOusmE&quot; frameborder=&quot;0&quot; allowfullscreen&gt;&lt;/iframe&gt;'),
(198, 'Wiper Blitz X', '', '', '', 0, 6, 'data/Wiper/Blitz X/img0235_klein[1].jpg', 46, 1, 55000.0000, 0, 0, '2014-03-11', 0.00000000, 1, 0.00000000, 0.00000000, 0.00000000, 1, 1, 1, 1, 1, '2014-03-12 08:27:43', '2014-03-12 08:35:35', 17, '&lt;iframe width=&quot;640&quot; height=&quot;360&quot; src=&quot;//www.youtube.com/embed/t3_RGiRIkak?feature=player_detailpage&quot; frameborder=&quot;0&quot; allowfullscreen&gt;&lt;/iframe&gt;'),
(199, 'Wiper Blitz XK', '', '', '', 0, 6, 'data/Wiper/Blitz XK/wiper-blitz-xk--5604__large[1].png', 46, 1, 65000.0000, 0, 0, '2014-03-11', 0.00000000, 1, 0.00000000, 0.00000000, 0.00000000, 1, 1, 1, 1, 1, '2014-03-12 08:40:42', '0000-00-00 00:00:00', 16, '&lt;iframe width=&quot;640&quot; height=&quot;390&quot; src=&quot;//www.youtube.com/embed/fGDc7lj9xe0&quot; frameborder=&quot;0&quot; allowfullscreen&gt;&lt;/iframe&gt;)'),
(200, 'Wiper Runner XKH', '', '', '', 0, 6, 'data/Wiper/Runner XKH/tondeuse-robot-wiper-runner-xkh[1].jpg', 46, 1, 120000.0000, 0, 0, '2014-03-11', 0.00000000, 1, 0.00000000, 0.00000000, 0.00000000, 1, 1, 1, 1, 1, '2014-03-12 08:52:34', '2014-03-12 08:52:52', 16, '&lt;iframe width=&quot;640&quot; height=&quot;390&quot; src=&quot;//www.youtube.com/embed/ERyQYhZzBF8&quot; frameborder=&quot;0&quot; allowfullscreen&gt;&lt;/iframe&gt;)'),
(201, 'Wiper One X', '', '', '', 0, 6, 'data/Wiper/One XH/wiper_one_xh_1[1].jpg', 46, 1, 140000.0000, 0, 0, '2014-03-11', 0.00000000, 1, 0.00000000, 0.00000000, 0.00000000, 1, 1, 1, 1, 1, '2014-03-12 09:04:09', '0000-00-00 00:00:00', 15, '&lt;iframe width=&quot;640&quot; height=&quot;390&quot; src=&quot;//www.youtube.com/embed/eMKvWmOz2oE&quot; frameborder=&quot;0&quot; allowfullscreen&gt;&lt;/iframe&gt;)'),
(202, 'Husqvarna Automower 305', '', '', '', 0, 5, 'data/Husqvarna/305/gazonokosilka-robot-husqvarna-automower-305[1].jpg', 47, 1, 69900.0000, 0, 0, '2014-03-11', 0.00000000, 1, 0.00000000, 0.00000000, 0.00000000, 1, 1, 1, 1, 1, '2014-03-12 09:14:10', '2014-03-12 09:30:30', 22, '&lt;iframe width=&quot;640&quot; height=&quot;360&quot; src=&quot;//www.youtube.com/embed/3MFzSq2qJ3g?feature=player_detailpage&quot; frameborder=&quot;0&quot; allowfullscreen&gt;&lt;/iframe&gt;'),
(203, 'Husqvarna Automower 220 AC', '', '', '', 0, 5, 'data/Husqvarna/AC220/Husqvarna_Automower_220_AC[1].jpg', 47, 1, 129900.0000, 0, 0, '2014-03-11', 0.00000000, 1, 0.00000000, 0.00000000, 0.00000000, 1, 1, 1, 1, 1, '2014-03-12 09:19:28', '2014-03-12 09:31:44', 14, '&lt;iframe width=&quot;640&quot; height=&quot;360&quot; src=&quot;//www.youtube.com/embed/cSxnXbaLn-Q?feature=player_detailpage&quot; frameborder=&quot;0&quot; allowfullscreen&gt;&lt;/iframe&gt;'),
(204, 'Husqvarna Automower 230 ACX', '', '', '', 0, 5, 'data/Husqvarna/ACX230/1553289-origpic-1565d1[1].jpg', 47, 1, 156900.0000, 0, 0, '2014-03-11', 0.00000000, 1, 0.00000000, 0.00000000, 0.00000000, 1, 1, 1, 1, 1, '2014-03-12 09:29:40', '0000-00-00 00:00:00', 14, '&lt;iframe width=&quot;640&quot; height=&quot;390&quot; src=&quot;//www.youtube.com/embed/vXPGx7iMf4o&quot; frameborder=&quot;0&quot; allowfullscreen&gt;&lt;/iframe&gt;)'),
(205, 'Husqvarna Automower 265 ACX', '', '', '', 0, 5, 'data/Husqvarna/ACX265/13052[1].png', 47, 1, 245900.0000, 0, 0, '2014-03-11', 0.00000000, 1, 0.00000000, 0.00000000, 0.00000000, 1, 1, 1, 1, 1, '2014-03-12 09:37:57', '0000-00-00 00:00:00', 15, '&lt;iframe width=&quot;640&quot; height=&quot;390&quot; src=&quot;//www.youtube.com/embed/vUnJAIo_CFw&quot; frameborder=&quot;0&quot; allowfullscreen&gt;&lt;/iframe&gt;)'),
(206, 'Husqvarna Automower Solar Hybrid', '', '', '', 0, 5, 'data/Husqvarna/Solar/image[1].jpg', 47, 1, 156900.0000, 0, 0, '2014-03-11', 0.00000000, 1, 0.00000000, 0.00000000, 0.00000000, 1, 1, 1, 1, 1, '2014-03-12 09:49:54', '2014-03-12 09:56:46', 16, '&lt;iframe width=&quot;640&quot; height=&quot;390&quot; src=&quot;//www.youtube.com/embed/oRrDU-ZzoRg&quot; frameborder=&quot;0&quot; allowfullscreen&gt;&lt;/iframe&gt;)');

-- --------------------------------------------------------

--
-- Структура таблицы `product_attribute`
--

CREATE TABLE IF NOT EXISTS `product_attribute` (
  `product_id` int(11) NOT NULL,
  `attribute_id` int(11) NOT NULL,
  `language_id` int(11) NOT NULL,
  `text` text NOT NULL,
  PRIMARY KEY (`product_id`,`attribute_id`,`language_id`)
) ENGINE=MyISAM DEFAULT CHARSET=utf8;

--
-- Дамп данных таблицы `product_attribute`
--

INSERT INTO `product_attribute` (`product_id`, `attribute_id`, `language_id`, `text`) VALUES
(54, 16, 1, '0.4'),
(51, 29, 1, '1'),
(51, 30, 1, '80'),
(51, 31, 1, 'Есть, на 7 дней'),
(54, 17, 1, 'Да'),
(54, 18, 1, 'Автоматическая'),
(54, 19, 1, '55'),
(54, 20, 1, 'Ni-MH'),
(54, 21, 1, '3000'),
(54, 22, 1, '3'),
(54, 23, 1, '90'),
(54, 24, 1, '9.5'),
(54, 25, 1, '34'),
(54, 26, 1, '34'),
(54, 27, 1, '3.8'),
(54, 28, 1, 'Китай'),
(54, 29, 1, '1'),
(94, 32, 1, 'Есть'),
(59, 13, 1, ''),
(59, 14, 1, ''),
(55, 12, 1, 'Сухая'),
(55, 13, 1, '33'),
(55, 14, 1, ''),
(55, 15, 1, 'Циклон'),
(55, 16, 1, '1'),
(55, 17, 1, 'Да'),
(55, 18, 1, 'Автоматическая'),
(55, 19, 1, '55'),
(55, 20, 1, 'Ni-MH'),
(55, 21, 1, '3000'),
(55, 22, 1, '3'),
(55, 23, 1, '180'),
(55, 24, 1, '9'),
(55, 25, 1, '34'),
(55, 26, 1, '34'),
(55, 27, 1, '3.5'),
(55, 28, 1, 'Китай'),
(55, 29, 1, '1'),
(55, 30, 1, '100'),
(55, 31, 1, 'Есть, на 7 дней'),
(56, 28, 1, 'Китай'),
(56, 27, 1, '3.7'),
(56, 26, 1, '34'),
(56, 25, 1, '34'),
(56, 24, 1, '9.5'),
(56, 23, 1, '90'),
(56, 22, 1, '3'),
(56, 21, 1, '3000'),
(56, 20, 1, 'Ni-MH'),
(56, 19, 1, '55'),
(56, 18, 1, 'Автоматическая'),
(56, 17, 1, 'Да'),
(56, 16, 1, '1'),
(56, 15, 1, 'Циклон'),
(56, 12, 1, 'Сухая'),
(56, 13, 1, '33'),
(56, 14, 1, ''),
(153, 44, 1, 'Леопард'),
(68, 12, 1, 'Сухая'),
(52, 32, 1, 'Есть'),
(57, 20, 1, 'Ni-MH'),
(57, 18, 1, 'Не автоматическая'),
(57, 19, 1, '40'),
(57, 17, 1, 'Да'),
(57, 16, 1, '1 (Указан объем бака для воды, рассчитан на 40 кв.м.)'),
(58, 14, 1, ''),
(58, 15, 1, 'Циклон'),
(58, 16, 1, '0.4'),
(58, 17, 1, 'Да'),
(58, 18, 1, 'Автоматическая'),
(58, 19, 1, '36'),
(58, 20, 1, 'Ni-MH'),
(58, 21, 1, '2100'),
(58, 22, 1, '4'),
(58, 23, 1, '60'),
(58, 24, 1, '10'),
(58, 25, 1, '35,5'),
(58, 26, 1, '35,5'),
(58, 27, 1, '2.8'),
(58, 28, 1, 'Китай'),
(58, 29, 1, '1'),
(58, 30, 1, ''),
(58, 31, 1, 'Есть, таймер'),
(58, 32, 1, 'Нет'),
(59, 19, 1, '36'),
(59, 20, 1, 'Ni-MH'),
(59, 21, 1, '2100'),
(59, 22, 1, '4'),
(59, 23, 1, '60'),
(59, 24, 1, '10'),
(59, 25, 1, '35,5'),
(59, 26, 1, '35,5'),
(59, 27, 1, '2.8'),
(59, 28, 1, 'Китай'),
(59, 29, 1, '1'),
(59, 30, 1, ''),
(59, 31, 1, 'Есть, 2 таймера'),
(60, 33, 1, 'Радиоуправляемый, 3 канала'),
(60, 34, 1, 'Li-ion'),
(60, 35, 1, '1300'),
(93, 31, 1, 'Есть'),
(73, 16, 1, '0.7'),
(60, 36, 1, '2'),
(61, 31, 1, 'Есть'),
(61, 30, 1, '80'),
(61, 29, 1, '1'),
(61, 28, 1, 'Китай'),
(61, 27, 1, '3.8'),
(61, 26, 1, '32'),
(61, 25, 1, '32'),
(61, 24, 1, '8'),
(61, 23, 1, '180'),
(61, 22, 1, '3'),
(61, 21, 1, '3000'),
(61, 20, 1, 'NI-MH'),
(61, 19, 1, '55'),
(61, 18, 1, 'Автоматическая'),
(61, 17, 1, 'Да'),
(61, 16, 1, '0.5'),
(61, 15, 1, 'Циклон'),
(61, 14, 1, ''),
(52, 19, 1, '60'),
(52, 20, 1, 'Ni-MH'),
(52, 21, 1, '3300'),
(52, 22, 1, '3'),
(52, 23, 1, ''),
(52, 24, 1, '9.4'),
(52, 25, 1, '35'),
(52, 26, 1, '35'),
(52, 27, 1, '3.8'),
(52, 28, 1, 'Китай'),
(52, 29, 1, '1'),
(52, 31, 1, 'Есть, на 7 дней вперед'),
(97, 31, 1, 'Есть'),
(105, 36, 1, '1.5'),
(97, 29, 1, '1'),
(94, 31, 1, 'Есть'),
(94, 30, 1, '70'),
(65, 30, 1, '60'),
(65, 29, 1, '1'),
(65, 28, 1, 'Китай'),
(65, 27, 1, '3.5'),
(65, 26, 1, '33'),
(65, 25, 1, '33'),
(65, 24, 1, '9'),
(65, 23, 1, '150'),
(65, 22, 1, '3'),
(65, 21, 1, '3000'),
(65, 20, 1, 'Ni-MH'),
(65, 19, 1, '55'),
(65, 18, 1, 'Автоматическая'),
(66, 17, 1, 'Да'),
(66, 18, 1, 'Не автоматическая'),
(66, 19, 1, ''),
(66, 20, 1, 'Ni-MH'),
(66, 21, 1, '800'),
(66, 22, 1, '6'),
(66, 23, 1, '30'),
(66, 24, 1, '9'),
(66, 25, 1, '32'),
(66, 26, 1, '32'),
(66, 27, 1, '1.85'),
(66, 28, 1, 'Германия'),
(66, 29, 1, '1'),
(66, 30, 1, ''),
(67, 28, 1, 'Китай'),
(67, 29, 1, '1'),
(67, 47, 1, '15'),
(68, 29, 1, '1'),
(68, 28, 1, 'Корея'),
(68, 26, 1, '36'),
(68, 25, 1, '36'),
(68, 24, 1, '9'),
(68, 23, 1, '75'),
(68, 22, 1, '3'),
(68, 21, 1, '1900'),
(68, 20, 1, 'Li-Pol'),
(68, 19, 1, '60'),
(68, 18, 1, 'Автоматическая'),
(68, 16, 1, '0.4'),
(68, 17, 1, 'Да'),
(69, 52, 1, 'Радиоуправляемый Багги'),
(69, 53, 1, 'Электрический'),
(52, 18, 1, 'Автоматическая'),
(52, 17, 1, 'Да'),
(52, 16, 1, '1'),
(52, 15, 1, 'Циклон'),
(52, 13, 1, '80'),
(52, 14, 1, ''),
(52, 12, 1, 'Сухая'),
(68, 31, 1, 'Есть, таймер отложенного запуска'),
(68, 32, 1, 'Есть'),
(112, 57, 1, '300'),
(57, 15, 1, 'Циклон'),
(57, 14, 1, ''),
(57, 13, 1, ''),
(57, 12, 1, 'Влажная'),
(51, 19, 1, '60'),
(51, 20, 1, 'Ni-MH'),
(51, 21, 1, '3000'),
(51, 22, 1, '3'),
(51, 23, 1, '90'),
(51, 24, 1, '9.5'),
(51, 25, 1, '33'),
(51, 26, 1, '33'),
(51, 27, 1, '3.8'),
(51, 28, 1, 'Китай'),
(59, 18, 1, 'Автоматическая'),
(59, 17, 1, 'Да'),
(59, 16, 1, '0.4'),
(59, 15, 1, 'Циклон'),
(62, 12, 1, 'Сухая'),
(69, 54, 1, 'Li-Pol'),
(73, 17, 1, 'Да'),
(73, 18, 1, 'Автоматическая'),
(73, 19, 1, '60'),
(73, 20, 1, 'Ni-MH'),
(73, 21, 1, '2500'),
(73, 22, 1, '3'),
(73, 23, 1, '60'),
(73, 24, 1, '10'),
(73, 25, 1, '35,5'),
(73, 26, 1, '35,5'),
(73, 27, 1, '3.4'),
(73, 28, 1, 'Китай'),
(73, 29, 1, '1'),
(73, 30, 1, '60'),
(73, 31, 1, 'Есть, 2 таймера'),
(73, 32, 1, 'Есть'),
(92, 12, 1, 'Сухая'),
(105, 34, 1, 'Li-Pol'),
(92, 15, 1, 'Циклон'),
(79, 15, 1, 'Циклон'),
(79, 16, 1, '1'),
(79, 17, 1, 'Да'),
(79, 18, 1, 'Автоматическая'),
(79, 19, 1, '65'),
(79, 20, 1, 'Li-Ion'),
(79, 22, 1, '3'),
(79, 23, 1, '80'),
(79, 24, 1, '11'),
(79, 25, 1, '35'),
(79, 26, 1, '35'),
(78, 13, 1, '3'),
(78, 15, 1, 'Циклонного типа'),
(78, 16, 1, '0.25'),
(78, 17, 1, 'Да'),
(74, 28, 1, 'Китай'),
(74, 27, 1, '3.4'),
(74, 26, 1, '35,5'),
(74, 25, 1, '35,5'),
(74, 24, 1, '10'),
(74, 23, 1, '60'),
(74, 22, 1, '3'),
(74, 21, 1, '2500'),
(74, 20, 1, 'Ni-MH'),
(74, 19, 1, '60'),
(74, 18, 1, 'Автоматическая'),
(74, 17, 1, 'Да'),
(74, 16, 1, '0.7'),
(74, 15, 1, 'Циклон'),
(74, 14, 1, '30'),
(74, 13, 1, '500'),
(74, 12, 1, 'Сухая'),
(65, 32, 1, 'Опция'),
(78, 18, 1, 'Автоматическая'),
(78, 20, 1, 'Ni-MH'),
(78, 21, 1, '2000'),
(78, 22, 1, '7'),
(78, 23, 1, '70'),
(78, 24, 1, '9'),
(78, 25, 1, '32'),
(78, 26, 1, '32'),
(78, 27, 1, '1.9'),
(78, 28, 1, 'Германия'),
(78, 29, 1, '1'),
(78, 30, 1, '70'),
(78, 31, 1, 'Нет'),
(78, 32, 1, 'Нет'),
(66, 31, 1, 'Нет'),
(79, 28, 1, 'Китай'),
(79, 29, 1, '1'),
(79, 30, 1, '80'),
(79, 32, 1, 'Есть'),
(149, 16, 1, '1'),
(54, 14, 1, '600'),
(80, 28, 1, 'Китай'),
(80, 27, 1, '3.5'),
(86, 25, 1, '33'),
(86, 24, 1, '10'),
(86, 23, 1, '90'),
(86, 22, 1, '3'),
(86, 21, 1, '3200'),
(86, 20, 1, 'Ni-MH'),
(86, 19, 1, '65'),
(86, 18, 1, 'Автоматическая'),
(86, 17, 1, 'Да'),
(86, 16, 1, '0.6'),
(86, 15, 1, 'Циклон'),
(86, 12, 1, 'Сухая'),
(80, 26, 1, '35'),
(80, 25, 1, '35'),
(80, 24, 1, '11'),
(80, 23, 1, '80'),
(80, 22, 1, '3'),
(80, 20, 1, 'Li-Ion'),
(80, 19, 1, '65'),
(80, 18, 1, 'Автоматическая'),
(80, 17, 1, 'Да'),
(80, 16, 1, '1'),
(80, 15, 1, 'Циклон'),
(80, 13, 1, '70'),
(80, 12, 1, 'Сухая'),
(56, 32, 1, 'Есть'),
(149, 21, 1, '1300'),
(151, 28, 1, 'Китай'),
(79, 13, 1, '70'),
(96, 20, 1, 'Ni-MH'),
(90, 18, 1, 'Автоматическая'),
(90, 19, 1, '60'),
(90, 20, 1, 'Li-Ion'),
(90, 21, 1, '2200 (может быть установлена батарея повышенной ёмкости 4400 mAh)'),
(87, 28, 1, 'Китай'),
(87, 27, 1, '5.9'),
(87, 26, 1, '31'),
(87, 25, 1, '33'),
(87, 24, 1, '10'),
(87, 23, 1, '90'),
(87, 22, 1, '3'),
(87, 21, 1, '3200'),
(87, 20, 1, 'Ni-MH'),
(87, 19, 1, '65'),
(87, 18, 1, 'Автоматическая'),
(87, 17, 1, 'Да'),
(87, 16, 1, '0.6'),
(87, 15, 1, 'Циклон'),
(87, 12, 1, 'Сухая'),
(80, 30, 1, '80'),
(94, 28, 1, 'Китай'),
(86, 31, 1, 'Есть'),
(86, 30, 1, '60'),
(86, 29, 1, '1'),
(86, 28, 1, 'Китай'),
(86, 26, 1, '31'),
(86, 27, 1, '5.9'),
(90, 17, 1, 'Да'),
(90, 16, 1, '0.6'),
(90, 15, 1, 'Циклон'),
(90, 13, 1, '65 '),
(90, 12, 1, 'Сухая'),
(88, 16, 1, '0.6'),
(88, 17, 1, 'Да'),
(88, 18, 1, 'Автоматическая'),
(88, 19, 1, '60'),
(88, 20, 1, 'Li-Ion'),
(88, 21, 1, '2200 (может быть установлена батарея повышенной ёмкости 4400 mAh)'),
(88, 22, 1, '2'),
(88, 23, 1, '90'),
(66, 12, 1, 'Сухая'),
(90, 22, 1, '2'),
(92, 16, 1, '0.6'),
(92, 17, 1, 'Да'),
(92, 18, 1, 'Автоматическая'),
(92, 19, 1, '60'),
(92, 20, 1, 'Li-Ion'),
(92, 21, 1, '2200 (может быть установлена батарея повышенной ёмкости 4400 mAh)'),
(92, 22, 1, '2'),
(92, 23, 1, '180'),
(74, 30, 1, '60'),
(107, 52, 1, 'Конструктор'),
(97, 28, 1, 'Китай'),
(93, 26, 1, '35.5'),
(93, 25, 1, '35.5'),
(93, 24, 1, '9.3'),
(93, 23, 1, '90'),
(93, 22, 1, '2'),
(93, 21, 1, '2000'),
(93, 20, 1, 'Ni-MH'),
(93, 19, 1, '73'),
(93, 18, 1, 'Автоматическая'),
(93, 17, 1, 'Да'),
(93, 16, 1, '0.5'),
(93, 15, 1, 'Циклон'),
(93, 13, 1, '60'),
(93, 12, 1, 'Сухая'),
(92, 13, 1, '65 '),
(87, 30, 1, '60'),
(87, 29, 1, '1'),
(94, 27, 1, '3'),
(94, 26, 1, '34'),
(94, 25, 1, '34'),
(94, 24, 1, '9'),
(94, 23, 1, '70'),
(94, 22, 1, '4-6'),
(94, 21, 1, '2500'),
(94, 20, 1, 'Ni-MH'),
(94, 19, 1, '50'),
(94, 18, 1, 'Автоматическая'),
(94, 17, 1, 'Да'),
(94, 16, 1, '1'),
(94, 15, 1, 'Циклонного типа'),
(94, 13, 1, '35'),
(94, 12, 1, 'Сухая'),
(150, 29, 1, '1'),
(109, 27, 1, '0.21'),
(96, 21, 1, '2200'),
(95, 12, 1, 'Сухая'),
(95, 15, 1, 'Циклон'),
(95, 16, 1, '0.2'),
(95, 17, 1, 'Нет'),
(95, 19, 1, '60'),
(95, 20, 1, 'Ni-MH'),
(95, 22, 1, '2'),
(95, 23, 1, '30'),
(95, 24, 1, '7.5'),
(95, 25, 1, '26.5'),
(95, 26, 1, '26.5'),
(95, 27, 1, '1.8'),
(95, 28, 1, 'Китай'),
(95, 29, 1, '0.5'),
(95, 31, 1, 'Нет'),
(95, 32, 1, 'Нет'),
(96, 22, 1, '4'),
(149, 22, 1, '8'),
(96, 29, 1, '0.5'),
(96, 28, 1, 'Китай'),
(96, 27, 1, '3.2'),
(96, 26, 1, '32'),
(96, 25, 1, '32'),
(96, 24, 1, '8.7'),
(93, 27, 1, '4'),
(97, 27, 1, '3.2'),
(97, 26, 1, '32'),
(97, 25, 1, '32'),
(97, 24, 1, '8.7'),
(97, 23, 1, '90'),
(97, 22, 1, '4'),
(97, 21, 1, '2200 '),
(97, 20, 1, 'Ni-MH'),
(97, 19, 1, '52'),
(97, 18, 1, 'Автоматическая'),
(97, 17, 1, 'Да'),
(97, 16, 1, '0.35'),
(97, 15, 1, 'Циклон'),
(97, 12, 1, 'Сухая'),
(74, 32, 1, 'Есть'),
(74, 31, 1, 'Есть, 2 таймера'),
(60, 37, 1, '8'),
(67, 27, 1, '5'),
(67, 26, 1, '43'),
(67, 25, 1, '51'),
(67, 24, 1, '29'),
(98, 20, 1, 'Ni-MH'),
(98, 21, 1, '3000'),
(98, 22, 1, '3'),
(98, 23, 1, '90'),
(98, 24, 1, '9.4'),
(98, 25, 1, '35'),
(98, 26, 1, '35'),
(98, 27, 1, '3.8'),
(98, 28, 1, 'Китай'),
(98, 29, 1, '2'),
(98, 31, 1, 'Есть, на 7 дней вперед'),
(98, 32, 1, 'Есть, улучшенный пульт ДУ'),
(51, 18, 1, 'Автоматическая'),
(51, 17, 1, 'Да'),
(51, 16, 1, '1'),
(98, 19, 1, '55'),
(98, 18, 1, 'Автоматическая'),
(98, 17, 1, 'Да'),
(98, 16, 1, '1'),
(98, 15, 1, 'Циклон'),
(98, 12, 1, 'Сухая'),
(98, 13, 1, '33'),
(99, 15, 1, 'Циклонного типа'),
(99, 16, 1, '0.3'),
(99, 17, 1, 'Да'),
(99, 18, 1, 'Автоматическая'),
(99, 19, 1, '60'),
(99, 20, 1, 'Ni-MH'),
(99, 21, 1, '2000'),
(99, 22, 1, '3'),
(99, 23, 1, '50'),
(99, 24, 1, '11'),
(99, 25, 1, '35'),
(99, 26, 1, '35'),
(99, 27, 1, '3.2'),
(99, 28, 1, 'Китай'),
(99, 29, 1, '1'),
(99, 31, 1, 'Есть'),
(99, 32, 1, 'Есть'),
(151, 26, 1, '35'),
(73, 15, 1, 'Циклон'),
(79, 27, 1, '3.5'),
(96, 23, 1, '100'),
(100, 15, 1, 'Циклонного типа'),
(100, 16, 1, '0.3'),
(100, 17, 1, 'Нет'),
(100, 18, 1, 'Нет'),
(100, 19, 1, '40'),
(100, 20, 1, 'Ni-MH'),
(100, 21, 1, '800'),
(100, 22, 1, '4'),
(100, 23, 1, '50'),
(100, 24, 1, '7'),
(100, 25, 1, '27'),
(100, 26, 1, '27'),
(100, 27, 1, '1.4'),
(100, 28, 1, 'Китай'),
(100, 29, 1, '1'),
(100, 31, 1, 'Нет'),
(100, 32, 1, 'Нет'),
(100, 12, 1, 'Сухая'),
(101, 15, 1, 'Циклон'),
(101, 16, 1, '0.3'),
(101, 17, 1, 'Да'),
(101, 18, 1, 'Автоматическая'),
(101, 19, 1, '60'),
(101, 20, 1, 'Ni-MH'),
(101, 21, 1, '2500'),
(101, 22, 1, '3'),
(101, 23, 1, '60-80'),
(101, 24, 1, '9.3'),
(101, 25, 1, '35.8'),
(101, 26, 1, '35.8'),
(101, 27, 1, '3'),
(101, 28, 1, 'Китай'),
(101, 29, 1, '1'),
(102, 15, 1, 'Циклон'),
(102, 16, 1, '0.2'),
(102, 17, 1, 'Да'),
(102, 18, 1, 'Автоматическая'),
(102, 19, 1, '55'),
(102, 20, 1, 'Li-Pol'),
(102, 21, 1, '2500'),
(102, 22, 1, '1.5'),
(102, 23, 1, '60-90'),
(102, 24, 1, '9.5'),
(102, 25, 1, '34.5'),
(102, 26, 1, '34.5'),
(102, 27, 1, '2.7'),
(68, 13, 1, ''),
(57, 21, 1, '4100'),
(57, 22, 1, '4'),
(68, 14, 1, ''),
(68, 15, 1, 'Циклон с фильтром очистки HEPA10'),
(56, 29, 1, '1'),
(61, 12, 1, 'Сухая'),
(61, 13, 1, '33'),
(54, 15, 1, 'Циклон'),
(65, 17, 1, 'Да'),
(65, 16, 1, '0.4'),
(65, 15, 1, 'Циклон'),
(65, 13, 1, '30'),
(65, 14, 1, '600'),
(104, 54, 1, 'Ni-Mh'),
(104, 52, 1, 'Радиоуправляемый танк'),
(59, 32, 1, 'Есть'),
(58, 13, 1, ''),
(74, 29, 1, '1'),
(105, 33, 1, 'Радиоуправляемый'),
(105, 29, 1, '1 год'),
(105, 27, 1, '0.42'),
(105, 25, 1, '52.5'),
(87, 31, 1, 'Есть'),
(104, 55, 1, '800'),
(62, 24, 1, '10.5'),
(107, 59, 1, '612'),
(106, 53, 1, 'Водородный'),
(107, 60, 1, 'от 10 лет'),
(109, 26, 1, '8.5'),
(109, 25, 1, '10'),
(110, 26, 1, '9.6'),
(110, 25, 1, '16.5'),
(65, 31, 1, 'Нет'),
(110, 54, 1, 'Ni-MH аккумулятор'),
(110, 27, 1, '0.35'),
(62, 23, 1, '60'),
(62, 22, 1, '0.33 (20 мин)'),
(62, 21, 1, '1700'),
(62, 20, 1, 'Ni-Mh'),
(62, 19, 1, '54'),
(62, 18, 1, 'Автоматическая'),
(62, 17, 1, 'Да'),
(62, 16, 1, '0.2'),
(62, 15, 1, 'Циклон'),
(112, 55, 1, '1560'),
(112, 54, 1, ' Li-Ion'),
(112, 52, 1, 'Роботизированный плеер'),
(113, 54, 1, 'Ni-MH'),
(114, 35, 1, '500'),
(114, 36, 1, '1'),
(114, 37, 1, '6-8'),
(60, 38, 1, '30'),
(114, 33, 1, 'Радиоуправляемый, 4 канала'),
(115, 33, 1, 'Радиоуправляемый, 4 канала'),
(115, 34, 1, 'Li-Pol'),
(115, 35, 1, '1000'),
(115, 36, 1, '1.5'),
(115, 37, 1, '8'),
(115, 38, 1, '50'),
(115, 39, 1, 'Есть, пр-во Япония'),
(65, 12, 1, 'Сухая'),
(80, 29, 1, '1'),
(54, 13, 1, '30'),
(93, 28, 1, 'Корея'),
(66, 16, 1, '0.25'),
(66, 15, 1, 'Бумажный Мешок с Фильтром'),
(66, 14, 1, ''),
(66, 13, 1, ''),
(62, 25, 1, '28'),
(62, 26, 1, '28'),
(62, 28, 1, 'Германия'),
(62, 29, 1, '1'),
(61, 32, 1, 'Пульт докупается отдельно'),
(94, 29, 1, '1'),
(79, 12, 1, 'Сухая'),
(62, 13, 1, '55'),
(56, 30, 1, '80'),
(56, 31, 1, 'Есть, на 7 дней'),
(51, 14, 1, ''),
(51, 13, 1, '80'),
(51, 12, 1, 'Сухая'),
(59, 12, 1, 'Сухая'),
(102, 28, 1, 'Китай'),
(66, 32, 1, 'Нет'),
(88, 15, 1, 'Циклон'),
(73, 14, 1, '30'),
(73, 12, 1, 'Сухая'),
(96, 19, 1, '60'),
(93, 29, 1, '1'),
(62, 30, 1, '15'),
(149, 17, 1, 'Да'),
(149, 18, 1, 'Неавтоматическая'),
(149, 19, 1, '40'),
(149, 20, 1, 'Ni-Mh'),
(150, 28, 1, 'Китай'),
(150, 26, 1, '32'),
(150, 25, 1, '32'),
(150, 24, 1, '8'),
(150, 23, 1, '60'),
(150, 22, 1, '1'),
(150, 20, 1, 'LiFePo4'),
(150, 19, 1, '60'),
(150, 18, 1, 'Автоматическа'),
(150, 17, 1, 'Да'),
(150, 16, 1, '0.8'),
(150, 15, 1, 'Циклон'),
(150, 13, 1, '45'),
(150, 12, 1, 'Сухая'),
(149, 15, 1, 'Циклон'),
(149, 12, 1, 'Влажная'),
(151, 16, 1, '1'),
(151, 17, 1, 'Да'),
(151, 18, 1, 'Автоматическая'),
(151, 19, 1, '65'),
(151, 20, 1, 'Li-ion'),
(151, 22, 1, '3'),
(151, 23, 1, '80'),
(151, 24, 1, '11'),
(151, 25, 1, '35'),
(151, 15, 1, 'Циклон'),
(151, 13, 1, '45'),
(151, 12, 1, 'Сухая/Влажная'),
(105, 35, 1, '1000'),
(152, 18, 1, 'Автоматическая'),
(152, 19, 1, '55'),
(152, 20, 1, 'Ni-Mh'),
(152, 21, 1, '3000'),
(152, 22, 1, '3'),
(152, 23, 1, '90'),
(152, 24, 1, '9.5'),
(152, 25, 1, '35'),
(152, 26, 1, '35'),
(152, 27, 1, '3.8'),
(152, 17, 1, 'Да'),
(152, 16, 1, '1'),
(152, 15, 1, 'Циклон'),
(152, 13, 1, '33'),
(152, 12, 1, 'Сухая'),
(152, 28, 1, 'Китай'),
(152, 29, 1, '1'),
(104, 26, 1, '24.5'),
(80, 32, 1, 'Есть'),
(69, 27, 1, '0.041'),
(112, 26, 1, '6.50'),
(114, 27, 1, '0.095'),
(78, 12, 1, 'Сухая'),
(101, 12, 1, 'сухая'),
(102, 12, 1, 'сухая'),
(58, 12, 1, 'Сухая'),
(99, 13, 1, '15'),
(99, 12, 1, 'Сухая'),
(153, 45, 1, '4 батарейки «AA»'),
(153, 46, 1, '0.98'),
(69, 56, 1, '30'),
(60, 39, 1, 'Есть, пр-во Япония'),
(67, 48, 1, '16'),
(88, 13, 1, '60'),
(88, 12, 1, 'Сухая'),
(54, 12, 1, 'сухая'),
(151, 29, 1, '1'),
(102, 29, 1, '1'),
(92, 24, 1, '8.9'),
(92, 25, 1, '34'),
(92, 26, 1, '34'),
(92, 27, 1, '2.8'),
(92, 28, 1, 'Корея'),
(92, 29, 1, '1'),
(92, 31, 1, 'Есть'),
(153, 43, 1, 'Интерактивная Мягкая Игрушка '),
(106, 52, 1, 'Игрушечная машинка'),
(69, 26, 1, '7'),
(69, 25, 1, '11'),
(69, 24, 1, '4'),
(69, 21, 1, '250'),
(107, 61, 1, 'LEGO Mindstorms'),
(104, 25, 1, '60'),
(104, 24, 1, '22'),
(115, 27, 1, '0.63'),
(115, 26, 1, '11'),
(115, 25, 1, '50'),
(115, 24, 1, '24.5'),
(60, 27, 1, '0.250'),
(60, 26, 1, '9.3'),
(60, 25, 1, '62'),
(60, 24, 1, '25'),
(114, 26, 1, '4'),
(114, 25, 1, '24.5'),
(114, 24, 1, '14'),
(109, 24, 1, '7.6'),
(110, 24, 1, '6.7'),
(106, 57, 1, '4'),
(69, 57, 1, '6'),
(69, 58, 1, '40'),
(114, 39, 1, 'Есть'),
(114, 41, 1, '240'),
(60, 41, 1, '540'),
(60, 42, 1, '110'),
(115, 41, 1, '490'),
(115, 42, 1, '90'),
(105, 37, 1, '12'),
(105, 38, 1, '50'),
(105, 39, 1, 'Есть'),
(104, 56, 1, '30'),
(110, 57, 1, '60'),
(109, 57, 1, '14'),
(96, 30, 1, '90'),
(96, 31, 1, 'Есть'),
(112, 25, 1, '10.40'),
(112, 24, 1, '6.50'),
(112, 64, 1, '2'),
(112, 65, 1, '2 по 1.2'),
(67, 49, 1, '1,5'),
(67, 50, 1, 'Да'),
(67, 51, 1, 'Да'),
(149, 23, 1, '60'),
(149, 24, 1, '9.2'),
(149, 25, 1, '16'),
(149, 26, 1, '16'),
(149, 28, 1, 'Китай'),
(149, 29, 1, '1'),
(57, 23, 1, '120'),
(57, 24, 1, '9'),
(57, 25, 1, '37'),
(57, 26, 1, '37'),
(57, 27, 1, '3.8'),
(57, 28, 1, 'Китай'),
(57, 29, 1, '1'),
(57, 30, 1, ''),
(57, 31, 1, 'Нет'),
(57, 32, 1, 'Нет'),
(90, 23, 1, '70'),
(90, 24, 1, '10'),
(90, 25, 1, '35'),
(90, 26, 1, '35'),
(90, 27, 1, '3.9'),
(90, 28, 1, 'Корея'),
(90, 29, 1, '1'),
(90, 31, 1, 'Есть'),
(88, 24, 1, '10'),
(88, 25, 1, '35'),
(88, 26, 1, '35'),
(88, 27, 1, '3.9'),
(88, 28, 1, 'Корея'),
(88, 29, 1, '1'),
(88, 31, 1, 'Есть'),
(96, 17, 1, 'Есть'),
(96, 16, 1, '0.4'),
(96, 15, 1, 'Циклон'),
(96, 12, 1, 'Сухая'),
(96, 32, 1, 'Есть');

-- --------------------------------------------------------

--
-- Структура таблицы `product_description`
--

CREATE TABLE IF NOT EXISTS `product_description` (
  `product_id` int(11) NOT NULL AUTO_INCREMENT,
  `language_id` int(11) NOT NULL,
  `name` varchar(255) NOT NULL,
  `description` text NOT NULL,
  `meta_description` varchar(255) NOT NULL,
  `meta_keyword` varchar(255) NOT NULL,
  `seo_title` varchar(255) NOT NULL,
  `seo_h1` varchar(255) NOT NULL,
  `meta_title` varchar(80) NOT NULL,
  PRIMARY KEY (`product_id`,`language_id`),
  KEY `name` (`name`)
) ENGINE=MyISAM  DEFAULT CHARSET=utf8 AUTO_INCREMENT=208 ;

--
-- Дамп данных таблицы `product_description`
--

INSERT INTO `product_description` (`product_id`, `language_id`, `name`, `description`, `meta_description`, `meta_keyword`, `seo_title`, `seo_h1`, `meta_title`) VALUES
(51, 1, 'Робот-пылесос iRobot Roomba 564 PET', '&lt;p&gt;\r\n	Созданный специально для уборки за домашними питомцами робот-пылесос &lt;strong&gt;iRobot Roomba 564 PET&lt;/strong&gt; выводит уровень чистоты на новый уровень.&lt;/p&gt;\r\n&lt;p&gt;\r\n	Предназначенный для сухой уборки пылесос отлично справляется с грязью на всех типах поверхности и, что особенно важно, убирает шерсть и пух, оставленный животными. Такой эффект достигается за счёт применения специальной прорезиненной вращающейся щётки, которая наматывает на себя мусор.&lt;/p&gt;\r\n&lt;p&gt;\r\n	Кроме того, как и в других моделях производителя, тут используется выпускной фильтр, который удерживает внутри мелкие частички пыли, вызывающую аллергическую реакцию.&lt;/p&gt;\r\n&lt;p&gt;\r\n	Помимо щётки для уборки за животными, в пылесосе имеется встроенная боковая щётка для чистки труднодоступных мест (плинтуса, углы, пространство возле мебели).&lt;/p&gt;\r\n&lt;p&gt;\r\n	Пылесос &lt;strong&gt;iRobot Roomba 564 PET&lt;/strong&gt; имеет батарею повышенной ёмкости, которая обеспечивает высокую площадь уборки на одном заряде. Впрочем, волноваться насчёт подзарядки владельцу&amp;nbsp; не придётся – робот самостоятельно определяет низкую степень зарядки и возвращается на базу.&lt;/p&gt;\r\n&lt;p&gt;\r\n	Несомненно, серьёзный плюс &lt;strong&gt;iRobot Roomba 564 PET&lt;/strong&gt; – «умная» система индикаторов положения. С этими устройствами пылесос никогда не будет падать с высоты или упираться в стены. При движении возле мебели пылесос будет притормаживать, чтобы не повредить её.&lt;/p&gt;\r\n&lt;p&gt;\r\n	Робот-пылесос можно запрограммировать на выполнение уборки в строго определённое время на 7 дней вперёд. Гибкая система настройки графика позволит выбрать время уборки с точностью до минуты.&amp;nbsp;&lt;/p&gt;\r\n&lt;h2&gt;\r\n	&lt;strong&gt;Комплектация&amp;nbsp;&lt;/strong&gt;&lt;strong&gt;iRobot Roomba 564 PET&lt;/strong&gt;&lt;strong&gt;:&lt;/strong&gt;&lt;/h2&gt;\r\n&lt;ul&gt;\r\n	&lt;li&gt;\r\n		Никельметаллгидридная аккумуляторная батарея 3000 мА/ч, 18 В&lt;/li&gt;\r\n	&lt;li&gt;\r\n		Зарядное устройство&lt;/li&gt;\r\n	&lt;li&gt;\r\n		Нож-гребёнка для очистки щёток&lt;/li&gt;\r\n	&lt;li&gt;\r\n		Цилиндрическая гребёнка&lt;/li&gt;\r\n	&lt;li&gt;\r\n		Дополнительный мусоросборник&lt;/li&gt;\r\n	&lt;li&gt;\r\n		2 щётки: резиновая и щетинистая&lt;/li&gt;\r\n	&lt;li&gt;\r\n		Боковая щётка&lt;/li&gt;\r\n	&lt;li&gt;\r\n		Фильтр тонкой очистки&lt;/li&gt;\r\n	&lt;li&gt;\r\n		2 ограничителя движения&lt;/li&gt;\r\n	&lt;li&gt;\r\n		Напольная база для подзарядки&lt;/li&gt;\r\n	&lt;li&gt;\r\n		Инструкция&lt;/li&gt;\r\n	&lt;li&gt;\r\n		Гарантийный талон&lt;/li&gt;\r\n&lt;/ul&gt;\r\n&lt;h2&gt;\r\n	&lt;strong&gt;Достоинства&amp;nbsp;&lt;/strong&gt;&lt;strong&gt;iRobot Roomba 564 PET&lt;/strong&gt;&lt;strong&gt;:&lt;/strong&gt;&lt;/h2&gt;\r\n&lt;ul&gt;\r\n	&lt;li&gt;\r\n		Высокая 3-х уровневая степень очистки&lt;/li&gt;\r\n	&lt;li&gt;\r\n		Неприхотливость к напольному покрытию&lt;/li&gt;\r\n	&lt;li&gt;\r\n		Малый вес&lt;/li&gt;\r\n	&lt;li&gt;\r\n		Длительное время работы без подзарядки&lt;/li&gt;\r\n	&lt;li&gt;\r\n		Уборка шерсти и подшёрстка питомцев вращающимися щётками&lt;/li&gt;\r\n	&lt;li&gt;\r\n		Самостоятельная подзарядка&lt;/li&gt;\r\n	&lt;li&gt;\r\n		Датчики высоты и движения, предотвращающие падения и столкновения&lt;/li&gt;\r\n	&lt;li&gt;\r\n		Система против запутывания в проводах и крупном мусоре&lt;/li&gt;\r\n	&lt;li&gt;\r\n		Возможность программирования графика уборки&lt;/li&gt;\r\n	&lt;li&gt;\r\n		Низкий уровень шума&lt;/li&gt;\r\n	&lt;li&gt;\r\n		Дополнительные фильтры в наборе&lt;/li&gt;\r\n	&lt;li&gt;\r\n		Устройства «виртуальные стены» в наборе&lt;/li&gt;\r\n	&lt;li&gt;\r\n		Функция снижения скорости перед препятствиями&lt;/li&gt;\r\n	&lt;li&gt;\r\n		Простота обслуживания&lt;/li&gt;\r\n&lt;/ul&gt;\r\n', 'Предназначен для сухой уборки, отлично справляется с грязью на всех типах поверхности и, что особенно важно, убирает шерсть и пух, оставленный животными. Такой эффект достигается за счёт применения специальной прорезиненной вращающейся щётки.', 'купить робот-пылесос iRobot Roomba 564 PET, iRobot Roomba 564 PET, робот-пылесос для животных', 'Купить робот-пылесос iRobot Roomba 564 PET', 'Робот-пылесос iRobot Roomba 564 PET', ''),
(54, 1, 'Робот-пылесос iRobot Roomba 531', '&lt;p&gt;\r\n	Робот-пылесос iRobot Roomba 531 представляет собой младшую модель новой генерации роботов этого производителя. Это самая доступная по цене модель, базовое оснащение которой не уступает более дорогим пылесосам.&lt;/p&gt;\r\n&lt;p&gt;\r\n	Чистящая система пылесоса состоит из всасывающего модуля, задувающего пыль и грязь в контейнер циклонного типа, и 3-х щёток. По центру днища расположены основные ворсистая и резиновая щётки. Для уборки в труднодоступных местах сбоку установлена боковая щётка.&lt;/p&gt;\r\n&lt;p&gt;\r\n	Основные изменения коснулись процессора и системы очистки.&lt;/p&gt;\r\n&lt;p&gt;\r\n	Благодаря усовершенствованной навигации робот-пылесос стал ещё лучше ориентироваться в пространстве. Для предотвращения столкновения с вещами, в этой модели была реализована&amp;nbsp; система торможения. Также модернизации подверглись и датчики высоты.&lt;/p&gt;\r\n&lt;p&gt;\r\n	Производителю удалось решить проблему наматывания на вал проводов и ткани. Теперь пылесос определяет &amp;nbsp;его самостоятельно и крутит щётки в обратном направлении, чтобы «выплюнуть» запутавшийся материал.&lt;/p&gt;\r\n&lt;p&gt;\r\n	В комплекте к iRobot Roomba 531 идёт координатор движения с функцией «виртуальная стена». С его помощью вы сможете ограничить движения робота, создав непроходимый инфракрасный барьер.&lt;/p&gt;\r\n&lt;p&gt;\r\n	Производитель постарался максимально автоматизировать не только процесс уборки, но и подзарядку устройства. При разрядке аккумуляторной батареи Roomba 531 самостоятельно вернётся на базу для пополнения заряда.&lt;/p&gt;\r\n&lt;h2&gt;\r\n	&lt;strong&gt;Комплектация товара:&lt;/strong&gt;&lt;/h2&gt;\r\n&lt;ul&gt;\r\n	&lt;li&gt;\r\n		Робот-пылесос &amp;nbsp;&lt;strong&gt;iRobot &amp;nbsp;&lt;/strong&gt;&lt;strong&gt;Roomba 531 &lt;/strong&gt;– 1шт&lt;strong&gt;.&lt;/strong&gt;&lt;/li&gt;\r\n	&lt;li&gt;\r\n		Никельметаллгидридная аккумуляторная батарея 3000 мА/ч&amp;nbsp; - 1шт.&lt;/li&gt;\r\n	&lt;li&gt;\r\n		Виртуальный маяк с функциями: &lt;strong&gt;Virtual &lt;/strong&gt;&lt;strong&gt;Wall &lt;/strong&gt;– 1 шт.&lt;/li&gt;\r\n	&lt;li&gt;\r\n		База для автоматической зарядки – 1шт.&lt;/li&gt;\r\n	&lt;li&gt;\r\n		Зарядное устройство – 1шт.&lt;/li&gt;\r\n	&lt;li&gt;\r\n		Запасной фильтр– 1шт.&lt;/li&gt;\r\n	&lt;li&gt;\r\n		Гребёнка для чистки щёток – 1шт.&lt;/li&gt;\r\n	&lt;li&gt;\r\n		Инструкция – 1шт.&lt;/li&gt;\r\n	&lt;li&gt;\r\n		Гарантийный талон – 1шт.&lt;/li&gt;\r\n&lt;/ul&gt;\r\n&lt;h2&gt;\r\n	&lt;strong&gt;Достоинства товара:&lt;/strong&gt;&lt;/h2&gt;\r\n&lt;ul&gt;\r\n	&lt;li&gt;\r\n		Высокое качество уборки&lt;/li&gt;\r\n	&lt;li&gt;\r\n		Лёгкость чистки&lt;/li&gt;\r\n	&lt;li&gt;\r\n		Автоматический возврат на базу для подзарядки&lt;/li&gt;\r\n	&lt;li&gt;\r\n		Ограничитель движения «виртуальная стена»&lt;/li&gt;\r\n	&lt;li&gt;\r\n		Система распознавания препятствий и высоты&lt;/li&gt;\r\n	&lt;li&gt;\r\n		Механизм против запутывания щёток&lt;/li&gt;\r\n	&lt;li&gt;\r\n		Современный дизайн&lt;/li&gt;\r\n&lt;/ul&gt;\r\n', '', 'roomba 531, irobot roomba 531, roomba 531 отзывы, пылесос roomba 531, irobot roomba 531 отзывы, робот пылесос roomba 531, пылесос irobot roomba 531, пылесос робот irobot roomba 531, купить irobot roomba 531', 'Купить робот-пылесос iRobot Roomba 531', 'Робот-пылесос iRobot Roomba 531', ''),
(55, 1, 'Робот пылесос iRobot Roomba 581', '&lt;p&gt;\r\n	Робот пылесос &amp;nbsp;&lt;strong&gt;Roomba 581&lt;/strong&gt; относится к топовому сегменту в линейке &lt;strong&gt;iRobot. &lt;/strong&gt;Его главное предназначение – уборка больших квартир и домов, площадь которых слишком велика для младших моделей.&lt;/p&gt;\r\n&lt;p&gt;\r\n	Главная «фишка» модели – аккумуляторная батарея повышенной мощности. С ней удалось увеличить время автономной работы до 3 ч, а площадь - до 100 кв. м, что эквивалентно 3-4 комнатам. Для сравнения, большинство моделей без подзарядки не осилят и 80 кв.м. Как и остальные модели для сухой уборки, &lt;strong&gt;Roomba 581&lt;/strong&gt; самостоятельно возвращается на базу для зарядки.&lt;/p&gt;\r\n&lt;p&gt;\r\n	В комплекте идут целых 3 координатора движения, которые могут работать в 2-х режимах: &lt;strong&gt;Virtual &lt;/strong&gt;&lt;strong&gt;Wall&lt;/strong&gt; и &lt;strong&gt;Light &lt;/strong&gt;&lt;strong&gt;House&lt;/strong&gt;. В первом режиме лучом ограничивается пространство, за пределы которого роботу выходить запрещено. Функция &lt;strong&gt;Light &lt;/strong&gt;&lt;strong&gt;House&lt;/strong&gt; не даёт ему покинуть комнату до полной уборки.&lt;/p&gt;\r\n&lt;p&gt;\r\n	Модель оснащена дополнительным усовершенствованным контейнером для мусора. Он имеет повышенную ёмкость и фильтр тонкой очистки на выходе.&lt;/p&gt;\r\n&lt;p&gt;\r\n	Робот работает в трёх режимах: Clean - немедленная полная уборка, Spot – для удаления локальных загрязнений, Schedule – программирование графика уборки на 7 дней вперёд. &amp;nbsp;&lt;/p&gt;\r\n&lt;p&gt;\r\n	Выставляя время уборки на период отсутствия хозяев, волноваться за пылесос не стоит. Продвинутая система датчиков не даст пылесосу упасть вниз со ступенек или повредить мебель, а система антизапутывания предотвратит засасывание проводов и тюлей.&lt;/p&gt;\r\n&lt;p&gt;\r\n	Для удобного управления роботом пылесосом&lt;strong&gt;&amp;nbsp;&lt;/strong&gt;в комплекте идёт пульт дистанционного управления. &amp;nbsp;&lt;/p&gt;\r\n&lt;p&gt;\r\n	Следует отметить, что цена iRobot Roomba 581 приемлемая для такого качества и функциональности.&lt;/p&gt;\r\n&lt;h2&gt;\r\n	&lt;strong&gt;Комплектация iRobot Roomba 581:&lt;/strong&gt;&lt;/h2&gt;\r\n&lt;ul&gt;\r\n	&lt;li&gt;\r\n		Робот пылесос &amp;nbsp;&lt;strong&gt;Roomba 581 &lt;/strong&gt;– 1шт&lt;strong&gt;.&lt;/strong&gt;&lt;/li&gt;\r\n	&lt;li&gt;\r\n		Никельметаллгидридная аккумуляторная батарея 3000 мА/ч&amp;nbsp; - 1шт.&lt;/li&gt;\r\n	&lt;li&gt;\r\n		Радиочастотный пульт ДУ – 1шт.&lt;/li&gt;\r\n	&lt;li&gt;\r\n		Виртуальные маяки с функциями &lt;strong&gt;Virtual &lt;/strong&gt;&lt;strong&gt;Wall&lt;/strong&gt; и &lt;strong&gt;Light &lt;/strong&gt;&lt;strong&gt;House &lt;/strong&gt;– 3шт.&lt;/li&gt;\r\n	&lt;li&gt;\r\n		База для автоматической зарядки – 1шт.&lt;/li&gt;\r\n	&lt;li&gt;\r\n		Зарядное устройство – 1шт.&lt;/li&gt;\r\n	&lt;li&gt;\r\n		Дополнительная щетинистая щётка – 1шт.&lt;/li&gt;\r\n	&lt;li&gt;\r\n		Дополнительная резиновая щётка – 1шт.&lt;/li&gt;\r\n	&lt;li&gt;\r\n		Дополнительная боковая щётка – 1шт.&lt;/li&gt;\r\n	&lt;li&gt;\r\n		Сменный фильтр тонкой очистки – 1шт.&lt;/li&gt;\r\n	&lt;li&gt;\r\n		Гребёнка для чистки щёток – 1шт.&lt;/li&gt;\r\n	&lt;li&gt;\r\n		Инструкция – 1шт.&lt;/li&gt;\r\n	&lt;li&gt;\r\n		Гарантийный талон – 1шт.&lt;/li&gt;\r\n&lt;/ul&gt;\r\n&lt;h2&gt;\r\n	&lt;strong&gt;Достоинства робота пылесоса iRobot Roomba 581:&lt;/strong&gt;&lt;/h2&gt;\r\n&lt;ul&gt;\r\n	&lt;li&gt;\r\n		Большая площадь уборки без подзарядки&lt;/li&gt;\r\n	&lt;li&gt;\r\n		Автоматический возврат на базу при низком остатке заряда в батарее&lt;/li&gt;\r\n	&lt;li&gt;\r\n		Режим быстрой уборки небольших участков загрязнения&lt;/li&gt;\r\n	&lt;li&gt;\r\n		Программируемый график работы&lt;/li&gt;\r\n	&lt;li&gt;\r\n		3-х ступенчатый принцип уборки&lt;/li&gt;\r\n	&lt;li&gt;\r\n		Система распознавания препятствий и высоты&lt;/li&gt;\r\n	&lt;li&gt;\r\n		Продвинутая система &lt;strong&gt;Light &lt;/strong&gt;&lt;strong&gt;House&lt;/strong&gt;&lt;/li&gt;\r\n	&lt;li&gt;\r\n		Система &lt;strong&gt;Virtual &lt;/strong&gt;&lt;strong&gt;Wall&lt;/strong&gt;&lt;/li&gt;\r\n	&lt;li&gt;\r\n		Механизм антизапутывания&lt;/li&gt;\r\n	&lt;li&gt;\r\n		Низкий уровень шума&lt;/li&gt;\r\n	&lt;li&gt;\r\n		Очистка воздуха от мелкой пыли&lt;/li&gt;\r\n	&lt;li&gt;\r\n		Дистанционное управление роботом&lt;/li&gt;\r\n&lt;/ul&gt;\r\n', '', 'roomba 581, irobot roomba 581, roomba 581 отзывы, irobot roomba 581 отзывы, пылесос irobot roomba 581, робот пылесос roomba 581, roomba 581 инструкция, irobot пылесос roomba 581 робот пылесос', 'Цена iRobot Roomba 581|Купить Робот Пылесос iRobot Roomba 581', 'Робот пылесос iRobot Roomba 581', ''),
(56, 1, 'Робот-пылесос iRobot Roomba 770', '&lt;p&gt;\r\n	Робот-пылесос &lt;strong&gt;iRobot Roomba 770&lt;/strong&gt; – одна из самых продвинутых моделей производителя. В ней сохранены все преимущества младших серий и добавлены новые улучшения.&lt;/p&gt;\r\n&lt;p&gt;\r\n	Как и остальные пылесосы iRobot, эта модель тщательно убирает любую поверхность благодаря 3-х ступенчатой системе очистки. Благодаря контейнеру с повышенной силой втягивания AeroVac-2 эффективность работы повысилась на 20%.&lt;/p&gt;\r\n&lt;p&gt;\r\n	Модернизированы были и основные щётки. Теперь щетинки основной щётки проникают даже вглубь ворсистых ковров, вытаскивая оттуда грязь, которую невозможно убрать обычным пылесосом. При этом, в отличие от турбо-щёток классических пылесосов, обеспечивается сохранность структуры ковров.&lt;/p&gt;\r\n&lt;p&gt;\r\n	Roomba 770 получил самую современную систему интеллектуальной навигации &lt;strong&gt;iAdapt&lt;/strong&gt;. Эта технология значительно сократила время уборки без потери эффективности. С &lt;strong&gt;i&lt;/strong&gt;Adapt роботу не помешают ни бардак, ни обилие мебели в комнате.&lt;/p&gt;\r\n&lt;p&gt;\r\n	Кроме того, полностью была переработана система определения грязи. Теперь робот анализирует степень загрязнения 2 методами: звуковым и оптическим. Определив участок повышенной загрязнённости, пылесос уделит ему больше времени.&lt;/p&gt;\r\n&lt;p&gt;\r\n	Навигационная система дополнена отдельными координаторами движения с функцией &lt;strong&gt;Virtual &lt;/strong&gt;&lt;strong&gt;Wall&lt;/strong&gt;. Установив компактную коробочку-маячок у входа, можно создать невидимый человеческому глазу инфракрасный барьер, который робот преодолеть не сможет.&lt;/p&gt;\r\n&lt;p&gt;\r\n	В комплекте к пылесосу&lt;strong&gt;&amp;nbsp;Roomba 770&lt;/strong&gt; идут двойные фильтры тонкой очистки &lt;strong&gt;HEPA&lt;/strong&gt;, способные улавливать мельчайшие частички пыли. Воздух, выходящий из контейнера, идеально чист. Такая тщательная фильтрация незаменима для людей, страдающих аллергией.&lt;/p&gt;\r\n&lt;p&gt;\r\n	Не стоит забывать и о сенсорной панели управления с простым и понятным интерфейсом, ручке для переноски и бамперах из мягкого полимера.&lt;/p&gt;\r\n&lt;h2&gt;\r\n	&lt;strong&gt;Комплектация пылесоса Roomba 770:&lt;/strong&gt;&lt;/h2&gt;\r\n&lt;ul&gt;\r\n	&lt;li&gt;\r\n		Робот-пылесос &lt;strong&gt;iRobot &lt;/strong&gt;&lt;strong&gt;Roomba 770 &lt;/strong&gt;– 1шт&lt;strong&gt;.&lt;/strong&gt;&lt;/li&gt;\r\n	&lt;li&gt;\r\n		Никельметаллгидридная аккумуляторная батарея 3000 мА/ч - 1шт.&lt;/li&gt;\r\n	&lt;li&gt;\r\n		Виртуальный маяк с функцией &lt;strong&gt;Virtual &lt;/strong&gt;&lt;strong&gt;Wall &lt;/strong&gt;– 1 шт.&lt;/li&gt;\r\n	&lt;li&gt;\r\n		База для автоматической зарядки – 1шт.&lt;/li&gt;\r\n	&lt;li&gt;\r\n		Контейнер-пылесборник AeroVac-2 – 1шт.&lt;/li&gt;\r\n	&lt;li&gt;\r\n		Зарядное устройство – 1шт.&lt;/li&gt;\r\n	&lt;li&gt;\r\n		Запасной фильтр– 2 шт.&lt;/li&gt;\r\n	&lt;li&gt;\r\n		Гребёнка для чистки щёток – 1шт.&lt;/li&gt;\r\n	&lt;li&gt;\r\n		Нож для чистки щёток – 1шт.&lt;/li&gt;\r\n	&lt;li&gt;\r\n		Пульт ДУ – 1шт.&lt;/li&gt;\r\n	&lt;li&gt;\r\n		Инструкция – 1шт.&lt;/li&gt;\r\n	&lt;li&gt;\r\n		Гарантийный талон – 1шт.&lt;/li&gt;\r\n&lt;/ul&gt;\r\n&lt;h2&gt;\r\n	&lt;strong&gt;&lt;strong&gt;Достоинства робота пылесоса iRobot Roomba 770:&lt;/strong&gt;&lt;/strong&gt;&lt;/h2&gt;\r\n&lt;ul&gt;\r\n	&lt;li&gt;\r\n		Высочайшее качество уборки&lt;/li&gt;\r\n	&lt;li&gt;\r\n		Большой срок эксплуатации&lt;/li&gt;\r\n	&lt;li&gt;\r\n		Автоматический возврат на базу для подзарядки&lt;/li&gt;\r\n	&lt;li&gt;\r\n		Координатор движения «виртуальная стена»&lt;/li&gt;\r\n	&lt;li&gt;\r\n		Интеллектуальная навигационная система iAdapt&lt;/li&gt;\r\n	&lt;li&gt;\r\n		Идеальная очистка воздуха от пыли&lt;/li&gt;\r\n	&lt;li&gt;\r\n		Режим быстрой уборки небольших участков&lt;/li&gt;\r\n	&lt;li&gt;\r\n		Механизм «антизапутывания»&lt;/li&gt;\r\n	&lt;li&gt;\r\n		Современный дизайн&lt;/li&gt;\r\n	&lt;li&gt;\r\n		Сенсорная панель управления&lt;/li&gt;\r\n	&lt;li&gt;\r\n		Мягкие бампера&lt;/li&gt;\r\n&lt;/ul&gt;\r\n', '', 'roomba 770, irobot roomba 770, roomba 770 отзывы, irobot roomba 770 отзывы, roomba 770 купить, irobot roomba 770 купить, пылесос робот roomba 770, пылесос irobot roomba 770,	 roomba 770 инструкция,	 робот пылесос irobot roomba 7', 'Купить Робот-пылесос iRobot Roomba 770', 'Робот-пылесос iRobot Roomba 770', ''),
(58, 1, 'Робот пылесос DeeBot D56', '&lt;p&gt;\r\n	Робот пылесос &lt;strong&gt;DeeBot D56 &lt;/strong&gt;– прекрасный выбор для тех, кто не хочет переплачивать за бренд и дополнительные аксессуары, но ценит чистоту и порядок в доме. По своим основным функциям робот ни в чём не уступает основным конкурентам.&lt;/p&gt;\r\n&lt;p&gt;\r\n	Сразу хотелось бы отметить несколько режимов работы пылесоса. В зависимости от цели и степени загрязнения можно выбрать уборку по периметру, полную уборку, улучшенную и точечную (небольшой участок). Кроме того, можно отложить начало работы.&lt;/p&gt;\r\n&lt;p&gt;\r\n	Все режимы устанавливаются через ЖК-дисплей с приятной белой подсветкой и простым управлением.&lt;/p&gt;\r\n&lt;p&gt;\r\n	Благодаря многочисленным датчикам робот пылесос Ecovacs&amp;nbsp;&lt;strong&gt;DeeBot D56 &lt;/strong&gt;отлично ориентируется в пространстве, избегая столкновений с мебелью и падений с высоты.&lt;/p&gt;\r\n&lt;p&gt;\r\n	Главная деталь пылесоса – мощная турбощётка, которая буквально выбивает грязь и пыль из ворсистых покрытий. Особенно хорошо справляется пылесос с шерстью животных и человеческими волосами. Часто люди, купившие это устройство, оказываются поражены тем количеством грязи, которое намоталось на щётку. Кстати, процесс чистки турбощётки чрезвычайно легок и занимает не больше минуты.&lt;/p&gt;\r\n&lt;p&gt;\r\n	Для чистки плинтусов и углов применяется боковая щётка.&lt;/p&gt;\r\n&lt;p&gt;\r\n	Без подзарядки &lt;strong&gt;DeeBot D56 &lt;/strong&gt;способен убирать помещение в течение часа, затем он самостоятельно возвращается на базовую станцию. Если был выбран режим улучшенной уборки, то после полной зарядки робот-пылесос возобновит свою работу.&lt;/p&gt;\r\n&lt;p&gt;\r\n	И напоследок следует сказать, что этот пылесос – один из самых красивых в своём роде. &lt;strong&gt;DeeBot D56 &lt;/strong&gt;несомненно понравится прекрасной половине, что делает его отличным подарком.&lt;/p&gt;\r\n&lt;h2&gt;\r\n	&lt;strong&gt;Комплектация робота пылесоса&amp;nbsp;&lt;/strong&gt;&lt;strong&gt;DeeBot D56&lt;/strong&gt;&lt;strong&gt;&amp;nbsp;:&lt;/strong&gt;&lt;/h2&gt;\r\n&lt;ul&gt;\r\n	&lt;li&gt;\r\n		Робот пылесос DeeBot D56 – 1шт.&lt;/li&gt;\r\n	&lt;li&gt;\r\n		Напольная база для зарядки – 1шт.&lt;/li&gt;\r\n	&lt;li&gt;\r\n		Боковая щётка – 1шт.&lt;/li&gt;\r\n	&lt;li&gt;\r\n		Инструмент для очистки щётки – 1шт.&lt;/li&gt;\r\n	&lt;li&gt;\r\n		Инструкция – 1шт.&lt;/li&gt;\r\n	&lt;li&gt;\r\n		Гарантийный талон- 1шт.&lt;/li&gt;\r\n&lt;/ul&gt;\r\n&lt;h2&gt;\r\n	&lt;strong&gt;Достоинства Deebot D56:&lt;/strong&gt;&lt;/h2&gt;\r\n&lt;ul&gt;\r\n	&lt;li&gt;\r\n		Низкая цена&lt;/li&gt;\r\n	&lt;li&gt;\r\n		Мощная турбощётка&lt;/li&gt;\r\n	&lt;li&gt;\r\n		Универсальность использования&lt;/li&gt;\r\n	&lt;li&gt;\r\n		4 режима уборки&lt;/li&gt;\r\n	&lt;li&gt;\r\n		Лёгкая очистка щётки&lt;/li&gt;\r\n	&lt;li&gt;\r\n		Режим отложенного запуска&lt;/li&gt;\r\n	&lt;li&gt;\r\n		ЖК-дисплей с индикатором состояния устройства&lt;/li&gt;\r\n	&lt;li&gt;\r\n		Компактный размер&lt;/li&gt;\r\n	&lt;li&gt;\r\n		Яркий дизайн&lt;/li&gt;\r\n&lt;/ul&gt;\r\n&lt;p&gt;\r\n	Робот пылесос &lt;strong&gt;Ecovacs Deebot В56&lt;/strong&gt; часто ищут как: Deebot D56, Дибот Д56.&lt;/p&gt;\r\n', '', 'deebot d56, ecovacs deebot d56, робот пылесос deebot d56, deebot d56 отзывы', 'Купить робот пылесос DeeBot D56', 'Робот пылесос DeeBot D56', ''),
(59, 1, 'Робот-пылесос Deebot D58', '&lt;p&gt;\r\n	&lt;strong&gt;Deebot D58 &lt;/strong&gt;- автоматический робот-пылесос среднего класса. Он имеет расширенные, по сравнению с базовой моделью &lt;strong&gt;D56&lt;/strong&gt;, функции и идеально подходит для уборки 1-2 комнатных квартир.&lt;/p&gt;\r\n&lt;p&gt;\r\n	Высокая степень очистки достигается за счёт применения щетинистой турбощётки, которая на высокой скорости буквально выбивает всю грязь из волокон ткани. Не менее эффективно показала себя щётка и при уборке гладких напольных поверхностей.&lt;/p&gt;\r\n&lt;p&gt;\r\n	Расширенные возможности включают в себя ограничители движения 2 типов, пульт ДУ и улучшенную систему программирования графика уборки.&lt;/p&gt;\r\n&lt;p&gt;\r\n	Наряду со стандартным инфракрасным устройством «виртуальная стена» используется магнитная полоска, которая наклеивается на пол перед дверным проёмом или другим местом, попадание робота в которое нежелательно. Луч «виртуальной стены» ограничивает движение робота одним помещением.&lt;/p&gt;\r\n&lt;p&gt;\r\n	В отличие от младшей модели, где программируется только следующее время уборки, в &lt;strong&gt;Deebot D58&lt;/strong&gt; можно установить сразу 2 таймера запуска, что будет удобно активным людям, которым некогда каждый раз выставлять время.&lt;/p&gt;\r\n&lt;p&gt;\r\n	Для повышения качества уборки робот-пылесос имеет 4 режима. Одним нажатием клавиши запускается автоматический режим уборки, при котором робот будет пылесосить до тех пор, пока не кончится заряд, после он вернётся на базу. В режиме улучшенной уборки после подзарядки он продолжит работу. Точечная уборка предназначена для локального загрязнения размером 1-1.5 кв.м. Уборки периметра предусматривает чистку плинтусов и стен.&lt;/p&gt;\r\n&lt;p&gt;\r\n	Ориентирование в квартире &lt;strong&gt;Deebot D58 &lt;/strong&gt;осуществляет благодаря многочисленным датчикам.&amp;nbsp;&lt;/p&gt;\r\n&lt;h2&gt;\r\n	&lt;strong&gt;Комплектация робота-пылесоса Deebot D58:&lt;/strong&gt;&lt;/h2&gt;\r\n&lt;ul&gt;\r\n	&lt;li&gt;\r\n		Робот-пылесос DeeBot D58 – 1шт.&lt;/li&gt;\r\n	&lt;li&gt;\r\n		Напольная база для зарядки – 1шт.&lt;/li&gt;\r\n	&lt;li&gt;\r\n		Боковая щётка – 1шт.&lt;/li&gt;\r\n	&lt;li&gt;\r\n		Инфракрасное устройство «виртуальная стена» - 1шт.&lt;/li&gt;\r\n	&lt;li&gt;\r\n		Магнитная лента-ограничитель – 1шт.&lt;/li&gt;\r\n	&lt;li&gt;\r\n		Инструмент для монтажа ленты – 1шт.&lt;/li&gt;\r\n	&lt;li&gt;\r\n		Пульт ДУ – 1шт.&lt;/li&gt;\r\n	&lt;li&gt;\r\n		Инструмент для очистки щётки – 1шт.&lt;/li&gt;\r\n	&lt;li&gt;\r\n		Инструкция – 1шт.&lt;/li&gt;\r\n	&lt;li&gt;\r\n		Гарантийный талон- 1шт.&lt;/li&gt;\r\n&lt;/ul&gt;\r\n&lt;h2&gt;\r\n	&lt;strong&gt;Достоинства робота-пылеоса Deebot D58:&lt;/strong&gt;&lt;/h2&gt;\r\n&lt;ul&gt;\r\n	&lt;li&gt;\r\n		Богатая комплектация&lt;/li&gt;\r\n	&lt;li&gt;\r\n		Высочайшее качество уборки турбощётки и боковой щётки&lt;/li&gt;\r\n	&lt;li&gt;\r\n		Дистанционное управление роботом&lt;/li&gt;\r\n	&lt;li&gt;\r\n		ЖК-дисплей, информирующий о состоянии устройства&lt;/li&gt;\r\n	&lt;li&gt;\r\n		Автоматический возврат на базу&lt;/li&gt;\r\n	&lt;li&gt;\r\n		4 режима работы&lt;/li&gt;\r\n	&lt;li&gt;\r\n		Двойной таймер отложенного запуска&lt;/li&gt;\r\n	&lt;li&gt;\r\n		Ограничители движения в комплекте&lt;/li&gt;\r\n	&lt;li&gt;\r\n		Приятный на ощупь пластик корпуса ярко-жёлтого цвета&lt;/li&gt;\r\n&lt;/ul&gt;\r\n', '', 'deebot d58, deebot d58 отзывы, ecovacs deebot d58, робот пылесос deebot d58', 'Купить робот-пылесос Deebot D58', 'Робот-пылесос Deebot D58', ''),
(60, 1, 'Радиоуправляемый вертолет GYRO-601', '&lt;p&gt;\r\n	&amp;nbsp;&lt;/p&gt;\r\n&lt;p&gt;\r\n	Среди любителей запускать в небо авиамодели ценятся радиоуправляемые вертолёты от российского производителя. &lt;strong&gt;GYRO-601&lt;/strong&gt; – самая большая и совершенная модель в линейке. Она лёгка в управлении, что делает её отличным выбором для требовательных новичков.&lt;/p&gt;\r\n&lt;p&gt;\r\n	Каркас вертолёта изготовлен из алюминия, что позволило до минимума снизить его массу. Мощная аккумуляторная батарея позволяет разогнать полукилограммовый корпус до вполне приличных скоростей. Динамика &lt;strong&gt;GYRO-601&lt;/strong&gt; – одна из лучших в классе любительских вертолётов.&lt;/p&gt;\r\n&lt;p&gt;\r\n	Помимо скорости, важна также и маневренность радиоуправляемых моделей. Тут у &lt;strong&gt;GYRO-601&lt;/strong&gt; тоже полный порядок. Привыкнув к управлению, легко можно наматывать круги, выписывать восьмёрки и совершать другие простые пилотажные фигуры, на которые большинство радиовертолётов этого класса не способно.&lt;/p&gt;\r\n&lt;p&gt;\r\n	Теоретически этот вертолёт можно использовать и в помещении, но его стихией является открытое пространство. Благодаря гироскопу модель невероятно устойчива в полёте и слабо подвержена влиянию ветра, хотя всё же рекомендуется запускать его в безветренную погоду.&lt;/p&gt;\r\n&lt;p&gt;\r\n	Вертолёт имеет 2 скоростных режима. Если вы только начинаете знакомиться с полётами, то стоит переключить его на режим меньших скоростей. Когда же период обучения будет позади, тут уже можно отключить ограничения и насладиться ускорением модели.&lt;/p&gt;\r\n&lt;p&gt;\r\n	3-х канальный пульт управления позволяет контролировать вертолёт на расстоянии до 30 м.&lt;/p&gt;\r\n&lt;p&gt;\r\n	Запас мощности &lt;strong&gt;GYRO-601&lt;/strong&gt; настолько большой, что к нему можно безбоязненно прикрепить дополнительные детали весом до 30 гр.&lt;/p&gt;\r\n&lt;p&gt;\r\n	И последний, но очень важный плюс. Все запчасти на вертолёт находятся в свободной продаже, а потому из-за небольшой поломки, которые часто случаются с авиамоделями, не придётся покупать новую игрушку.&lt;/p&gt;\r\n&lt;p&gt;\r\n	&amp;nbsp;&lt;/p&gt;\r\n&lt;p&gt;\r\n	&lt;strong&gt;Комплектация радиоуправляемого вертолета GYRO-601:&lt;/strong&gt;&lt;/p&gt;\r\n&lt;ul&gt;\r\n	&lt;li&gt;\r\n		Вертолёт на радиоуправлении &lt;strong&gt;GYRO-601 –&lt;/strong&gt; 1шт.&lt;/li&gt;\r\n	&lt;li&gt;\r\n		Пульт управления – 1шт.&lt;/li&gt;\r\n	&lt;li&gt;\r\n		Устройство для подзарядки от сети – 1шт.&lt;/li&gt;\r\n	&lt;li&gt;\r\n		Запасные лопасти – 4 шт.&lt;/li&gt;\r\n	&lt;li&gt;\r\n		Запасной хвостовой винт – 1шт.&lt;/li&gt;\r\n&lt;/ul&gt;\r\n&lt;p&gt;\r\n	&amp;nbsp;&lt;/p&gt;\r\n&lt;p&gt;\r\n	&lt;strong&gt;Достоинства радиоуправляемого вертолета&amp;nbsp;&lt;/strong&gt;&lt;strong&gt;GYRO-601&lt;/strong&gt;&lt;strong&gt;:&lt;/strong&gt;&lt;/p&gt;\r\n&lt;ul&gt;\r\n	&lt;li&gt;\r\n		Прочный и лёгкий корпус&lt;/li&gt;\r\n	&lt;li&gt;\r\n		Мощный аккумулятор&lt;/li&gt;\r\n	&lt;li&gt;\r\n		Хороший приём и передача сигнала&lt;/li&gt;\r\n	&lt;li&gt;\r\n		Отличная управляемость за счёт гироскопа и триммера&lt;/li&gt;\r\n	&lt;li&gt;\r\n		Несколько скоростных режимов&lt;/li&gt;\r\n	&lt;li&gt;\r\n		Наличие на рынке запасных деталей&lt;/li&gt;\r\n	&lt;li&gt;\r\n		Высокая износостойкость механизмов&lt;/li&gt;\r\n&lt;/ul&gt;\r\n', '', 'gyro 601, вертолет gyro 601, gyro 601 запчасти, лопасти gyro 601, gyro 601 отзывы, запчасти для вертолета gyro 601, gyro 601 купить, радиоуправляемый вертолет gyro 601', 'Купить радиоуправляемый вертолет GYRO-601', 'Радиоуправляемый вертолет GYRO-601', ''),
(61, 1, 'Робот-пылесос iRobot Roomba 555', '&lt;p&gt;\r\n	В &lt;strong&gt;iRobot Roomba 555&lt;/strong&gt; собраны все технологии, которыми так славится производитель, но вместе с тем в нём нет ничего лишнего. Эта модель – оптимальный вариант для владельцев 2-3 комнатных квартир. Он отлично убирает не только пыль, но и шерсть животных (хотя для этого лучше подходит &lt;a href=&quot;http://roboti.grishinmikhail.com/vacuum-cleaner/irobot-roomba564-pet.html&quot;&gt;&lt;strong&gt;iRobot&amp;nbsp;Roomba 564 Pet&lt;/strong&gt;&lt;/a&gt;), волосы, крошки, грязь с обуви.&lt;/p&gt;\r\n&lt;p&gt;\r\n	Высокое качество уборки достигается за счёт применения технологии трёхуровневой уборки. Работающие части пылесоса – щетинистая и ворсистая щётка. Поднятая этими щётками грязь всасывается в контейнер циклонного типа. Воздух, проходя через фильтры тонкой очистки, дополнительно очищается. Там, где не справятся основные щётки, их работу выполнит боковая щётка, которая сметёт пыль с плинтусов, углов и ножек мебели.&lt;/p&gt;\r\n&lt;p&gt;\r\n	Встроенные датчики грязи анализируют степень чистоты поверхности. Робот продолжит движение только после того, как полностью уберёт участок. Для оповещения владельца о сильном загрязнении на корпусе &lt;strong&gt;Roomba 555&lt;/strong&gt; загорается индикатор &lt;strong&gt;Dirt &lt;/strong&gt;&lt;strong&gt;Detect&lt;/strong&gt;.&lt;/p&gt;\r\n&lt;p&gt;\r\n	&lt;strong&gt;iRobot&lt;/strong&gt; – признанный лидер в области навигации робототехники. Множество датчиков постоянно анализируют ситуацию и не дают роботу столкнуться с препятствием на его пути или упасть со ступенек.&lt;/p&gt;\r\n&lt;p&gt;\r\n	Датчики робота дополняют устройства ограничения движения, которые не дают пылесосу выехать из комнаты. В качестве ограничителя используются инфракрасные маяки, которые создают невидимый луч. В комплекте идёт одно такое устройство, но их можно докупить отдельно.&lt;/p&gt;\r\n&lt;p&gt;\r\n	Хотелось бы отметить и возможность программирования графика уборки на 7 дней вперёд. С этой функцией можно выставить время уборки тогда, когда дома никто не будет мешать пылесосу выполнять свою работу.&lt;/p&gt;\r\n&lt;h2&gt;\r\n	&lt;strong&gt;Комплектация робота пылесоса iRobot Roomba 555:&lt;/strong&gt;&lt;/h2&gt;\r\n&lt;ul&gt;\r\n	&lt;li&gt;\r\n		Робот-пылесос &amp;nbsp;&lt;strong&gt;iRobot &amp;nbsp;&lt;/strong&gt;&lt;strong&gt;Roomba 555 &lt;/strong&gt;– 1шт&lt;strong&gt;.&lt;/strong&gt;&lt;/li&gt;\r\n	&lt;li&gt;\r\n		Никельметаллгидридная аккумуляторная батарея 3000 мА/ч&amp;nbsp; - 1шт.&lt;/li&gt;\r\n	&lt;li&gt;\r\n		Виртуальный маяк с функцией &lt;strong&gt;Virtual &lt;/strong&gt;&lt;strong&gt;Wall &lt;/strong&gt;– 1 шт.&lt;/li&gt;\r\n	&lt;li&gt;\r\n		База для автоматической зарядки – 1шт.&lt;/li&gt;\r\n	&lt;li&gt;\r\n		Зарядное устройство – 1шт.&lt;/li&gt;\r\n	&lt;li&gt;\r\n		Запасной фильтр– 1шт.&lt;/li&gt;\r\n	&lt;li&gt;\r\n		Инструкция – 1шт.&lt;/li&gt;\r\n	&lt;li&gt;\r\n		Гарантийный талон – 1шт.&lt;/li&gt;\r\n&lt;/ul&gt;\r\n&lt;h2&gt;\r\n	&lt;strong&gt;Достоинства робота-пылесоса iRobot Roomba 555:&lt;/strong&gt;&lt;/h2&gt;\r\n&lt;ul&gt;\r\n	&lt;li&gt;\r\n		3-ступенчатая уборка помещений&lt;/li&gt;\r\n	&lt;li&gt;\r\n		Отличное ориентирование в пространстве&lt;/li&gt;\r\n	&lt;li&gt;\r\n		Наличие ограничителя движения в комплекте&lt;/li&gt;\r\n	&lt;li&gt;\r\n		Автоматический возврат на базу для подзарядки&lt;/li&gt;\r\n	&lt;li&gt;\r\n		Программируемый график уборки&lt;/li&gt;\r\n	&lt;li&gt;\r\n		Длительное время работы без подзарядки&lt;/li&gt;\r\n	&lt;li&gt;\r\n		Фильтр тонкой очистки на выходе&lt;/li&gt;\r\n	&lt;li&gt;\r\n		«Умная» система распознавания уровня загрязнения&lt;/li&gt;\r\n	&lt;li&gt;\r\n		Компактный размер&lt;/li&gt;\r\n&lt;/ul&gt;\r\n', '', 'roomba 555, irobot roomba 555, roomba 555 отзывы, робот пылесос roomba 555, пылесос irobot roomba 555, irobot roomba 555 irobot отзывы, робот пылесос irobot roomba 555, irobot roomba 555 купить', 'Купить робот-пылесос iRobot Roomba 555', 'Робот-пылесос iRobot Roomba 555', '');
INSERT INTO `product_description` (`product_id`, `language_id`, `name`, `description`, `meta_description`, `meta_keyword`, `seo_title`, `seo_h1`, `meta_title`) VALUES
(52, 1, 'Робот пылесос iRobot Roomba 780', '&lt;p&gt;\r\n	&lt;strong&gt;iRobot Roomba 780&lt;/strong&gt; – вершина эволюции роботов-пылесосов. В эту модель производитель внедрил все новейшие технические достижения и наработки.&lt;/p&gt;\r\n&lt;p&gt;\r\n	Благодаря улучшенной конструкции щёток этот пылесос не знает себе равных в качестве уборки. Уборка осуществляется по следующему принципу: две щётки, резиновая и ворсистая, движутся навстречу друг другу. Расположенный за щётками всасывающий модуль эффективно втягивает пыль и грязь прямо в контейнер. В труднодоступных местах весь мусор вычищается боковыми щётками.&lt;/p&gt;\r\n&lt;p&gt;\r\n	Сам пылесборник заслуживает отдельного внимания. Помимо повышенной ёмкости и низкого уровня шума, он обеспечивает идеальную очистку воздуха. В отличие от более дешёвых моделей,&lt;strong&gt;&amp;nbsp;&lt;/strong&gt;Roomba 780 снабжён двойным выпускным HEPA-фильтром, задерживающим даже мельчайшие частицы пыли. Такое решение по достоинству оценят все аллергики, которые забудут об аллергии на пыль.&lt;/p&gt;\r\n&lt;p&gt;\r\n	Длительную автономную работу обеспечивает аккумулятор ёмкостью 3300 mAh. При этом робот сам возвращается на базу для подзарядки.&lt;/p&gt;\r\n&lt;p&gt;\r\n	Хотелось бы отметить и самую совершенную техническую начинку этой модели. Процессор &lt;strong&gt;Roomba 780&lt;/strong&gt; способен ежесекундно оценивать окружающую обстановку, анализируя уровень загрязненности поверхности. Пылесос сам решит, когда пол будет достаточно чист и только после этого перейдёт к следующему участку.&lt;/p&gt;\r\n&lt;p&gt;\r\n	Бампер сделан из мягкого полимера, который предотвращает повреждение мебели, ваз и других предметов, с которыми робот может столкнуться. Впрочем, столкновение на большой скорости исключено. При подходе к препятствию робот автоматически замедлится и лишь слегка коснётся преграды.&lt;/p&gt;\r\n&lt;p&gt;\r\n	Ориентирование в пространстве дополняется системой инфракрасных барьеров. В комплекте&amp;nbsp;iRobot Roomba 780 в дополнение к стандартной системе виртуальных стен, которая не даёт роботу заезжать в запретные области, идёт система &lt;strong&gt;LightHouse&lt;/strong&gt;. Эта технология ограничивает уборку одной комнатой, только после полной очистки робот сможет перейти в следующую.&lt;/p&gt;\r\n&lt;p&gt;\r\n	Прибавьте ко всем вышеперечисленным преимуществам стильный лёгкий корпус, сенсорное управление и высокое качество, и вы получите идеального помощника по дому.&amp;nbsp;&lt;/p&gt;\r\n&lt;h2&gt;\r\n	&lt;strong&gt;Комплектация пылесоса&lt;/strong&gt;&lt;strong&gt;&amp;nbsp;Roomba 780&lt;/strong&gt;&lt;strong&gt;:&lt;/strong&gt;&lt;/h2&gt;\r\n&lt;ul&gt;\r\n	&lt;li&gt;\r\n		Робот пылесос&lt;strong&gt; iRobot Roomba 780 &lt;/strong&gt;– 1шт.&lt;/li&gt;\r\n	&lt;li&gt;\r\n		Никельметаллгидридная аккумуляторная батарея 3300 мА/ч -1шт.&lt;/li&gt;\r\n	&lt;li&gt;\r\n		Виртуальный маячок с функциями &lt;strong&gt;VirtualWall&lt;/strong&gt; и &lt;strong&gt;LightHouse &lt;/strong&gt;– 2шт.&lt;/li&gt;\r\n	&lt;li&gt;\r\n		Зарядное устройство – 1шт.&lt;/li&gt;\r\n	&lt;li&gt;\r\n		База для автоматической подзарядки -1шт.&lt;/li&gt;\r\n	&lt;li&gt;\r\n		Контейнер-пылесборник AeroVac-2 – 1шт.&lt;/li&gt;\r\n	&lt;li&gt;\r\n		Сменные HEPA-фильтры – 2шт.&lt;/li&gt;\r\n	&lt;li&gt;\r\n		Гребёнка для очистки щёток – 1шт.&lt;/li&gt;\r\n	&lt;li&gt;\r\n		Плоский нож-гребёнка – 1шт.&lt;/li&gt;\r\n	&lt;li&gt;\r\n		Дополнительная резиновая щётка – 1шт.&lt;/li&gt;\r\n	&lt;li&gt;\r\n		Дополнительная щетинистая щётка – 1шт.&lt;/li&gt;\r\n	&lt;li&gt;\r\n		Дополнительная боковая щётка – 1шт.&lt;/li&gt;\r\n	&lt;li&gt;\r\n		Пульт дистанционного управления – 1шт.&lt;/li&gt;\r\n	&lt;li&gt;\r\n		Инструкция – 1шт.&lt;/li&gt;\r\n	&lt;li&gt;\r\n		Гарантийный талон – 1шт.&lt;/li&gt;\r\n&lt;/ul&gt;\r\n&lt;h2&gt;\r\n	&lt;strong&gt;Достоинства iRobot&amp;nbsp;&lt;/strong&gt;&lt;strong&gt;Roomba 780&lt;/strong&gt;&lt;strong&gt;:&lt;/strong&gt;&lt;/h2&gt;\r\n&lt;ul&gt;\r\n	&lt;li&gt;\r\n		Интеллектуальная система&lt;strong&gt; iAdapt&lt;/strong&gt;, повышающая качество уборки&lt;/li&gt;\r\n	&lt;li&gt;\r\n		3-х уровневая система очистки&lt;/li&gt;\r\n	&lt;li&gt;\r\n		Мощный циклонный фильтр&lt;strong&gt; AeroVac-2&lt;/strong&gt;&lt;/li&gt;\r\n	&lt;li&gt;\r\n		Тонкая очистка выпускаемого воздуха&lt;/li&gt;\r\n	&lt;li&gt;\r\n		Длительное время автономной работы&lt;/li&gt;\r\n	&lt;li&gt;\r\n		Датчики положения и высоты&lt;/li&gt;\r\n	&lt;li&gt;\r\n		Программируемый график уборки&lt;/li&gt;\r\n	&lt;li&gt;\r\n		Автоматический возврат на базу для подзарядки&lt;/li&gt;\r\n	&lt;li&gt;\r\n		Система &lt;strong&gt;Spot Clean&lt;/strong&gt; для очистки небольших участков загрязнения&lt;/li&gt;\r\n	&lt;li&gt;\r\n		Сенсорная панель управления&lt;/li&gt;\r\n	&lt;li&gt;\r\n		Технологии &lt;strong&gt;VirtualWal&lt;/strong&gt;l и &lt;strong&gt;LightHouse&lt;/strong&gt;&lt;/li&gt;\r\n	&lt;li&gt;\r\n		Индикатор состояния пылесборника&lt;/li&gt;\r\n	&lt;li&gt;\r\n		Возможность управлять роботом с пульта ДУ&lt;/li&gt;\r\n	&lt;li&gt;\r\n		Мягкие бампера&lt;/li&gt;\r\n	&lt;li&gt;\r\n		Стильный дизайн&lt;/li&gt;\r\n	&lt;li&gt;\r\n		Лёгкий корпус&lt;/li&gt;\r\n	&lt;li&gt;\r\n		Бесшумная работа&lt;/li&gt;\r\n&lt;/ul&gt;\r\n&lt;p&gt;\r\n	Робот пылесос iRobot Roomba 780 часто ищут как: Рубма 780, iRobot 780, Roomba 780&lt;/p&gt;\r\n', '', 'купить irobot roomba 780, irobot roomba 780, roomba 780, roomba 780 отзывы, робот пылесос roomba 780, купить roomba 780, roomba 780 инструкция, купить irobot roomba 780', 'Купить iRobot Roomba 780', 'Купить iRobot Roomba 780', ''),
(62, 1, 'Робот пылесос RC3000 RoboCleaner', '&lt;p&gt;\r\n	Робот пылесос &lt;strong&gt;RC3000 RoboCleaner&lt;/strong&gt; от известного немецкого производителя &lt;strong&gt;Karcher&lt;/strong&gt; призван облегчить домашний труд и сэкономить время на по-настоящему важные дела.&lt;/p&gt;\r\n&lt;p&gt;\r\n	Это устройство способно без участия человека убрать весь мусор с любых напольных покрытий, будь то ковёр, линолеум или керамическая плитка. Благодаря уникальной системе оптического распознавания грязи, робот-пылесос самостоятельно определяет степень загрязнения поверхности и включает один из 4 режимов уборки.&lt;/p&gt;\r\n&lt;p&gt;\r\n	Маленькая высота позволяет &lt;strong&gt;Karcher RC3000 RoboCleaner&lt;/strong&gt; проникнуть под кровати, столы и в другие места, убраться в которых с помощью обычного пылесоса невозможно.&lt;/p&gt;\r\n&lt;p&gt;\r\n	Качественная очистка обеспечивается щёткой, волокна которой проникают вглубь ковров и поднимают даже застарелую грязь на поверхность. Поднятый мусор затягивается в контейнер циклонного типа &amp;nbsp;мощным всасывающим устройством.&lt;/p&gt;\r\n&lt;p&gt;\r\n	Уникальной в своём роде является система сбора пыли. В самом &lt;strong&gt;Karcher&amp;nbsp; RC3000 RoboCleaner&lt;/strong&gt; ёмкость для мусора невелика, её объём всего 0,2 л. Однако при заполнении робот возвращается на базу, выгружает весь мусор в пылесборник, а затем возвращается к тому месту, на котором закончил работу. Такой ход позволяет значительно реже чистить пылесос.&lt;/p&gt;\r\n&lt;p&gt;\r\n	На той же базе происходит и зарядка &lt;strong&gt;RC3000 RoboCleaner&lt;/strong&gt;, к которой он автоматически возвращается при малом запасе энергии в аккумуляторе.&lt;/p&gt;\r\n&lt;p&gt;\r\n	Ориентируется в пространстве робот благодаря инфракрасным датчикам, которые постоянно анализируют окружающую обстановку и не дают ему врезаться в мебель или упасть со ступенек. Застрять в узком пространстве пылесосу не позволят два выступа на корпусе.&lt;/p&gt;\r\n&lt;p&gt;\r\n	Семьям с детьми понравится тихий режим, при котором значительно снижается уровень шума базы и пылесоса.&lt;/p&gt;\r\n&lt;h2&gt;\r\n	&lt;strong&gt;Комплектация робота пылесоса&amp;nbsp;RC3000 RoboCleaner:&lt;/strong&gt;&lt;/h2&gt;\r\n&lt;ul&gt;\r\n	&lt;li&gt;\r\n		Робот-пылесос Karcher&amp;nbsp; C3000 RoboCleaner – 1шт.&lt;/li&gt;\r\n	&lt;li&gt;\r\n		Напольная база – 1шт.&lt;/li&gt;\r\n	&lt;li&gt;\r\n		Никельметаллгидридная аккумуляторная батарея 170 mAh – 1шт.&lt;/li&gt;\r\n	&lt;li&gt;\r\n		Дополнительные цилиндрические щётки&lt;/li&gt;\r\n	&lt;li&gt;\r\n		Бумажный фильтр-мешок – 1шт.&lt;/li&gt;\r\n	&lt;li&gt;\r\n		Защитная рампа – 1 шт.&lt;/li&gt;\r\n	&lt;li&gt;\r\n		Инструкция – 1шт.&lt;/li&gt;\r\n	&lt;li&gt;\r\n		Гарантийный талон – 1шт.&lt;/li&gt;\r\n&lt;/ul&gt;\r\n&lt;h2&gt;\r\n	&lt;strong&gt;Достоинства&amp;nbsp;&lt;/strong&gt;&lt;strong&gt;робота пылесоса&amp;nbsp;RC3000 RoboCleaner:&lt;/strong&gt;&lt;/h2&gt;\r\n&lt;ul&gt;\r\n	&lt;li&gt;\r\n		Превосходное качество уборки&lt;/li&gt;\r\n	&lt;li&gt;\r\n		Несколько автоматических режимов работы&lt;/li&gt;\r\n	&lt;li&gt;\r\n		Самостоятельный возврат на базу для зарядки&lt;/li&gt;\r\n	&lt;li&gt;\r\n		Большая периодичность чистки пылесоса&lt;/li&gt;\r\n	&lt;li&gt;\r\n		Малое время подзарядки&lt;/li&gt;\r\n	&lt;li&gt;\r\n		Возможность ввода графика уборки&lt;/li&gt;\r\n	&lt;li&gt;\r\n		Продуманная навигационная система с защитой от застревания&lt;/li&gt;\r\n	&lt;li&gt;\r\n		Бережное отношение к полам и мебели&lt;/li&gt;\r\n	&lt;li&gt;\r\n		Немецкое качество сборки&lt;/li&gt;\r\n&lt;/ul&gt;\r\n', '', 'robocleaner, robocleaner 3000, karcher robocleaner, aura roboclean, robocleaner rc 3000, karcher robocleaner 3000, roboclean пылесос, karcher robocleaner rc, karcher robocleaner rc 3000, roboclean отзывы, roboclean цена', 'Купить робот пылесос RC3000 RoboCleaner', 'Робот пылесос RC3000 RoboCleaner', ''),
(65, 1, 'Робот пылесос iRobot Roomba 521', '&lt;p&gt;\r\n	Базовая модель &lt;strong&gt;iRobot Roomba 521&lt;/strong&gt; создана для людей, желающих получить высококачественное устройство за низкую цену. Экономия была достигнута не за счёт снижения чистящих свойств, а благодаря отсутствию лишних опций.&lt;/p&gt;\r\n&lt;p&gt;\r\n	В отличие от более дорогих роботов-пылесосов, &lt;strong&gt;Roomba 521&lt;/strong&gt; лишён возможности программирования уборки, система торможения у препятствий и мягкого бампера. Кроме того, в комплекте отсутствуют виртуальные маячки &lt;strong&gt;Virtual &lt;/strong&gt;&lt;strong&gt;Wall&lt;/strong&gt; и пульт ДУ. Пылесос поддерживает их работу, поэтому недостающие детали могут быть позже докуплены отдельно.&lt;/p&gt;\r\n&lt;p&gt;\r\n	В остальном &lt;strong&gt;iRobot Roomba 521&lt;/strong&gt; полностью повторяет старшие модели. Резиновая и щетинистая основные щётки эффективно добираются до грязи вглубь высоких ковров, а боковая щётка достанет мусор даже в углах, возле ножек мебели и в других труднодоступных местах. Вся грязь оседает в контейнере циклонного типа, а воздух, проходя через фильтры, претерпевает дополнительную очистку.&lt;/p&gt;\r\n&lt;p&gt;\r\n	Для запуска робота достаточно лишь нажать кнопку Clean. Остальную работу он выполнит самостоятельно. Благодаря датчику грязи, пылесос не оставит грязный участок до тех пор, пока полностью не вычистит его.&lt;/p&gt;\r\n&lt;p&gt;\r\n	&lt;strong&gt;Roomba 521&lt;/strong&gt; отличается высокой автономностью работы. Он не только самостоятельно уберёт всю квартиру, но и сам вернётся на базу в случае разрядки аккумулятора, сам выпутается из проводов, нигде не застрянет и не упадёт с высоты.&lt;/p&gt;\r\n&lt;h2&gt;\r\n	&lt;strong&gt;Комплектация робота пылесоса&amp;nbsp;&lt;/strong&gt;&lt;strong&gt;iRobot Roomba 521&lt;/strong&gt;&lt;strong&gt;:&lt;/strong&gt;&lt;/h2&gt;\r\n&lt;ul&gt;\r\n	&lt;li&gt;\r\n		Робот-пылесос &amp;nbsp;&lt;strong&gt;iRobot &amp;nbsp;&lt;/strong&gt;&lt;strong&gt;Roomba 521 &lt;/strong&gt;– 1шт&lt;strong&gt;.&lt;/strong&gt;&lt;/li&gt;\r\n	&lt;li&gt;\r\n		Никельметаллгидридная аккумуляторная батарея 3000 мА/ч&amp;nbsp; - 1шт.&lt;/li&gt;\r\n	&lt;li&gt;\r\n		База для автоматической зарядки – 1шт.&lt;/li&gt;\r\n	&lt;li&gt;\r\n		Зарядное устройство – 1шт.&lt;/li&gt;\r\n	&lt;li&gt;\r\n		Запасной фильтр – 1шт.&lt;/li&gt;\r\n	&lt;li&gt;\r\n		Инструкция – 1шт.&lt;/li&gt;\r\n	&lt;li&gt;\r\n		Гарантийный талон – 1шт.&lt;/li&gt;\r\n&lt;/ul&gt;\r\n&lt;h2&gt;\r\n	&lt;strong&gt;Достоинства&amp;nbsp;&lt;/strong&gt;&lt;strong&gt;iRobot Roomba 521&lt;/strong&gt;&lt;strong&gt;:&lt;/strong&gt;&lt;/h2&gt;\r\n&lt;ul&gt;\r\n	&lt;li&gt;\r\n		Привлекательная цена&lt;/li&gt;\r\n	&lt;li&gt;\r\n		Высокое качество уборки&lt;/li&gt;\r\n	&lt;li&gt;\r\n		Чистка труднодоступных мест&lt;/li&gt;\r\n	&lt;li&gt;\r\n		Автоматический возврат на базу&lt;/li&gt;\r\n	&lt;li&gt;\r\n		Возможность дополнительно докупить пульт ДУ и «виртуальные стены»&lt;/li&gt;\r\n	&lt;li&gt;\r\n		Выходной фильтр, очищающий воздух&lt;/li&gt;\r\n	&lt;li&gt;\r\n		Система «антизапутывания»&lt;/li&gt;\r\n	&lt;li&gt;\r\n		Встроенные сенсоры перепада высоты&lt;/li&gt;\r\n	&lt;li&gt;\r\n		Простое управление&lt;/li&gt;\r\n&lt;/ul&gt;\r\n', '', 'roomba 521, irobot roomba 521, roomba 521 отзывы, irobot roomba 521 отзывы, купить roomba 521, пылесос робот roomba 521	, irobot пылесос робот roomba 521, irobot roomba 521 купить', 'Купить iRobot Roomba 521', 'Робот пылесос iRobot Roomba 521', ''),
(57, 1, 'Моющий робот пылесос iRobot Scooba 385', '&lt;p&gt;\r\n	Робот пылесос &lt;strong&gt;iRobot Scooba 385&lt;/strong&gt; – единственный представитель моющих пылесосов в модельной линейке производителя.&lt;/p&gt;\r\n&lt;p&gt;\r\n	В отличие от других роботов-пылесосов эта модель предназначена для влажной уборки полов. Сверху он выглядит так же, как и его собратья, однако разительные отличия обнаруживаются снизу. Вместо 2 щёток на днище расположен один небольшой валик и отверстия для распыления моющей жидкости.&lt;/p&gt;\r\n&lt;p&gt;\r\n	Пылесос первоклассно справляется даже с засохшими пятнами на твёрдой поверхности благодаря 4-ступенчатой очистке. Вначале всасывается мелкий мусор и пыль, затем распыляется моющее средство, которое отмывает всю грязь. В конце пылесос просто всосёт грязную жидкость и поедет дальше. Интересно, что мощность всасывания настолько высока, что пол после уборки остаётся практически сухим.&lt;/p&gt;\r\n&lt;p&gt;\r\n	Подготовка к работе &lt;strong&gt;iRobot Scooba 385 &lt;/strong&gt;не займёт много времени. Потребуется лишь залить моющее средство. В комплекте идёт фирменная жидкость, которой хватает примерно на 4 уборки, но её с успехом заменяет обычный столовый уксус (производитель рекомендует использовать только уксус или спецсредство).&lt;/p&gt;\r\n&lt;p&gt;\r\n	После уборки достаточно слить грязную воду и прочистить фильтр.&lt;/p&gt;\r\n&lt;p&gt;\r\n	Благодаря датчикам робот прекрасно ориентируется в пространстве и не заезжает на ковры. Также в комплекте идёт устройство, позволяющее создать «виртуальную стену», ограничивающую область движения &lt;strong&gt;Scooba 385.&lt;/strong&gt;&lt;/p&gt;\r\n&lt;p&gt;\r\n	&lt;strong&gt;Следует помнить, что сфера применения этого устройства ограничена влагостойкими и водонепроницаемыми поверхностями!&lt;/strong&gt;&lt;/p&gt;\r\n&lt;h2&gt;\r\n	&lt;strong&gt;Комплектация моющего пылесоса Scooba 385:&lt;/strong&gt;&lt;/h2&gt;\r\n&lt;ul&gt;\r\n	&lt;li&gt;\r\n		Робот-пылесос&lt;strong&gt; iRobot Scooba 385 &lt;/strong&gt;– 1шт.&lt;/li&gt;\r\n	&lt;li&gt;\r\n		Никельметаллгидридная аккумуляторная батарея 4100 мА/ч -1шт.&lt;/li&gt;\r\n	&lt;li&gt;\r\n		Виртуальный маячок с функцией &lt;strong&gt;VirtualWall&lt;/strong&gt;– 1шт.&lt;/li&gt;\r\n	&lt;li&gt;\r\n		Зарядное устройство – 1шт.&lt;/li&gt;\r\n	&lt;li&gt;\r\n		Моющее средство – 4 пакета по 7мл.&lt;/li&gt;\r\n	&lt;li&gt;\r\n		Инструкция – 1шт.&lt;/li&gt;\r\n	&lt;li&gt;\r\n		Гарантийный талон – 1шт.&lt;/li&gt;\r\n&lt;/ul&gt;\r\n&lt;h2&gt;\r\n	&lt;strong&gt;Достоинства iRobot Scooba 385:&lt;/strong&gt;&lt;/h2&gt;\r\n&lt;ul&gt;\r\n	&lt;li&gt;\r\n		4-х ступенчатая очистка&lt;/li&gt;\r\n	&lt;li&gt;\r\n		Антибактериальная обработка поверхности&lt;/li&gt;\r\n	&lt;li&gt;\r\n		Лёгкость подготовки к работе&lt;/li&gt;\r\n	&lt;li&gt;\r\n		Большое время работы без подзарядки&lt;/li&gt;\r\n	&lt;li&gt;\r\n		Система предотвращения падений с высоты&lt;/li&gt;\r\n	&lt;li&gt;\r\n		Система Virtual Wall для ограничения движения&lt;/li&gt;\r\n	&lt;li&gt;\r\n		Автоматический расчёт маршрута движения&lt;/li&gt;\r\n	&lt;li&gt;\r\n		Простота управления&lt;/li&gt;\r\n&lt;/ul&gt;\r\n', '', 'scooba 385, irobot scooba 385, scooba 385 отзывы	, пылесос irobot scooba 385, робот пылесос scooba 385, отзывы irobot scooba 385, робот пылесос irobot scooba 385, робот пылесос scooba 385 моющий, купить irobot scooba 385', 'Купить робот пылесос iRobot Scooba 385', 'Моющий робот пылесос iRobot Scooba 385', ''),
(50, 1, 'Бабочка в банке', '&lt;p&gt;\r\n	Если вы находитесь в поисках уникального подарка, который понравится детям и девушкам, то советуем обратить внимание на игрушку «&lt;strong&gt;Бабочка в банке&lt;/strong&gt;». Впервые увидев эту замечательную вещь, трудно представить себе, что перед вами творение человека, а не живое существо. Бабочка порхает в банке словно живая, перелетая с одной стенки на другую.&lt;/p&gt;\r\n&lt;p&gt;\r\n	Принцип действия игрушки очень прост. Крылья бабочки на почти невидимых человеческому глазу струнах соединены с крошечным моторчиком в крышке банки, приводимому в движение батарейками. Он быстро изгибает струны, делая вид порхания бабочки. Если прислушаться, то можно разобрать тихую работу механизма.&lt;/p&gt;\r\n&lt;p&gt;\r\n	Однако банка сделана таким образом, что струны видно только с близкого расстояния, и то, лишь если внимательно присмотреться. Дети же не заметят хитрого механизма, и их удивлению не будет предела. Ещё бы, эта бабочка не умрёт утром, а будет круглый год напоминать о весне и солнце.&lt;/p&gt;\r\n&lt;p&gt;\r\n	Иллюзию дополняет умение &lt;strong&gt;бабочки в банке&lt;/strong&gt; реагировать на прикосновения и даже на звуки. Достаточно лишь прикоснутся&amp;nbsp; к банке, как бабочка начнёт свой танец.&lt;/p&gt;\r\n&lt;p&gt;\r\n	На выбор покупатель может выбрать один из 4 видов игрушки. Доступны голубая и розовая бабочки (морфо), жёлтая (махаон) и коричневая (монарх).&lt;/p&gt;\r\n&lt;h2&gt;\r\n	&lt;strong&gt;Комплектация бабочки в банке:&lt;/strong&gt;&lt;/h2&gt;\r\n&lt;ul&gt;\r\n	&lt;li&gt;\r\n		Бабочка в банке – 1шт.&lt;/li&gt;\r\n	&lt;li&gt;\r\n		Батарейки формата «ААА» - 3шт.&lt;/li&gt;\r\n&lt;/ul&gt;\r\n&lt;h2&gt;\r\n	&lt;strong&gt;Достоинства бабочки в банке:&lt;/strong&gt;&lt;/h2&gt;\r\n&lt;ul&gt;\r\n	&lt;li&gt;\r\n		Реалистичные движения бабочки&lt;/li&gt;\r\n	&lt;li&gt;\r\n		Реагирование на прикосновение и звуки&lt;/li&gt;\r\n	&lt;li&gt;\r\n		Банка с бабочкой вписывается в любой интерьер&lt;/li&gt;\r\n	&lt;li&gt;\r\n		4 вида бабочек на выбор&lt;/li&gt;\r\n&lt;/ul&gt;\r\n', '', 'бабочка в банке, электронная бабочка в банке, бабочка в банке электронная купить, электронная бабочка в банке отзывы, бабочка в банке видео, бабочка в банке оптом, электронная бабочка в банке видео ', 'Купить бабочку в банке', 'Бабочка в банке', ''),
(66, 1, 'Робот-пылесос  Clatronic BSR 1282', '&lt;p&gt;\r\n	Бюджетный робот-пылесос &lt;strong&gt;Clatronic BSR 1282 &lt;/strong&gt;бросает вызов классическим проводным пылесосам. По цене, сопоставимой с ценой обычного пылесоса среднего уровня, покупатель получит полностью автономного помощника, который сам вычистит всю квартиру.&lt;/p&gt;\r\n&lt;p&gt;\r\n	Всё, что потребуется для начала работы – нажать на кнопку «Пуск». Дальше за чистоту в доме можно будет не беспокоиться – робот самостоятельно с помощью специального сенсора определяет загрязнения и производит качественную уборку.&lt;/p&gt;\r\n&lt;p&gt;\r\n	Компактный размер &lt;strong&gt;Clatronic BSR 1282 &lt;/strong&gt;позволяет роботу пропылесосить там, куда человеку не удастся достать трубкой обычного пылесоса. Купив это устройство, можно будет забыть о скоплении грязи и пыли под диванами, шкафами и в других узких местах.&lt;/p&gt;\r\n&lt;p&gt;\r\n	Стоит сказать и о режимах работы &lt;strong&gt;BSR 1282.&lt;/strong&gt; Он не только хорошо пылесосит ковры и ковролин, но и протирает полы с гладким покрытием, достаточно лишь перевести его в соответствующий режим работы.&lt;/p&gt;\r\n&lt;p&gt;\r\n	Значительно снизить стоимость робота позволила установка тканевого мешка с фильтром вместо пылесборника циклонного типа. Мешок является многоразовым, а вынимать и выбивать из него пыль сможет даже ребёнок. К тому же в комплекте идут одноразовые бумажные мешки, которые можно использовать для уборки особо загрязненных помещений. При необходимости одноразовые мешки докупаются отдельно.&lt;/p&gt;\r\n&lt;p&gt;\r\n	Полной зарядки батареи &lt;strong&gt;Clatronic BSR 1282 &lt;/strong&gt;хватает на 30 минут уборки, а подзарядка занимает примерно 6 часов.&lt;/p&gt;\r\n&lt;h2&gt;\r\n	&lt;strong&gt;Комплектация товара:&lt;/strong&gt;&lt;/h2&gt;\r\n&lt;ul&gt;\r\n	&lt;li&gt;\r\n		Робот-пылесос&amp;nbsp; &lt;strong&gt;Clatronic &lt;/strong&gt;&lt;strong&gt;BSR 1282 &lt;/strong&gt;– 1шт&lt;strong&gt;.&lt;/strong&gt;&lt;/li&gt;\r\n	&lt;li&gt;\r\n		Аккумуляторная батарея 800 мА/ч&amp;nbsp; - 1шт.&lt;/li&gt;\r\n	&lt;li&gt;\r\n		Многоразовый тканевый мешок для пыли – 1шт.&lt;/li&gt;\r\n	&lt;li&gt;\r\n		Одноразовые бумажные мешки – 3шт.&lt;/li&gt;\r\n	&lt;li&gt;\r\n		Инструкция – 1шт.&lt;/li&gt;\r\n	&lt;li&gt;\r\n		Гарантийный талон – 1шт.&lt;/li&gt;\r\n&lt;/ul&gt;\r\n&lt;h2&gt;\r\n	&lt;strong&gt;Достоинства товара:&lt;/strong&gt;&lt;/h2&gt;\r\n&lt;ul&gt;\r\n	&lt;li&gt;\r\n		Доступная цена&lt;/li&gt;\r\n	&lt;li&gt;\r\n		Лёгкость очистки мешка для пыли&lt;/li&gt;\r\n	&lt;li&gt;\r\n		Компактный размер, позволяющий убираться под мебелью&lt;/li&gt;\r\n	&lt;li&gt;\r\n		Простота использования&lt;/li&gt;\r\n&lt;/ul&gt;\r\n', '', 'Clatronic BSR 1282, clatronic', 'Купить робот-пылесос  Clatronic BSR 1282', 'Робот-пылесос  Clatronic BSR 1282', ''),
(67, 1, 'Робот для чистки бассейна iRobot Verro 300', '&lt;p&gt;\r\n	С роботом &lt;strong&gt;iRobot Verro 300&lt;/strong&gt; чистка бассейна перестанет быть тяжёлым и неприятным занятием. Всё, что необходимо сделать человеку – подключить робот к сети и опустить в воду. &amp;nbsp;Остальная работа будет выполнена&amp;nbsp; &lt;strong&gt;Verro 300&lt;/strong&gt; самостоятельно. Установка дополнительных очистительных систем и насосов не потребуется.&lt;/p&gt;\r\n&lt;p&gt;\r\n	Робот чистит всю площадь бассейна ниже уровня воды, включая труднодоступные углы, ступеньки и стены. Он всасывает все мелкие и крупные виды мусора: песок, листья, волосы, насекомых и даже невидимые без микроскопа бактерии. Для крупного мусора следует использовать сетчатый мешок, для мелкого - мелкопористый.&lt;/p&gt;\r\n&lt;p&gt;\r\n	Очистка проходит в два этапа: под мощным напором воды вымывается вся грязь из стыков, щелей и углов, которая затем вместе с более крупным мусором затягивается в мешок. Одновременно с уборкой грязи &lt;strong&gt;iRobot Verro 300&lt;/strong&gt; фильтрует воду в бассейне, пропуская через себя более 300 л в минуту.&lt;/p&gt;\r\n&lt;p&gt;\r\n	Робот подключается к сети через специальный герметичный кабель, длиной 15 м, который сделан таким образом, что его запутывание невозможно. Кабель абсолютно не мешает и не ограничивает движения робота, который целеустремлённо следует по намеченному маршруту. &amp;nbsp;Двигается робот зигзагами от стены до стены. На уборку всей площади бассейна затрачивается от одного до полутора часов.&lt;/p&gt;\r\n&lt;p&gt;\r\n	Вы будете удивлены лёгкостью чистки мешков для мусора. Достаточно лишь раскрыть их и вытрусить оттуда всю грязь, которая практически не прилипает к материалу мешка.&lt;/p&gt;\r\n&lt;p&gt;\r\n	Применение &lt;strong&gt;iRobot Verro 300&lt;/strong&gt; снижает нагрузку на фильтры бассейна и позволяет сэкономить время и средства.&amp;nbsp;&lt;/p&gt;\r\n&lt;h2&gt;\r\n	&lt;strong&gt;Комплектация робота для чистки бассейна iRobot Verro 300:&lt;/strong&gt;&lt;/h2&gt;\r\n&lt;ul&gt;\r\n	&lt;li&gt;\r\n		Робот для уборки бассейна iRobot Verro 300 – 1шт.&lt;/li&gt;\r\n	&lt;li&gt;\r\n		Кабель питания – 1шт.&lt;/li&gt;\r\n	&lt;li&gt;\r\n		Трансформатор – 1шт.&lt;/li&gt;\r\n	&lt;li&gt;\r\n		Сетчатый фильтр-мешок – 1шт.&lt;/li&gt;\r\n	&lt;li&gt;\r\n		Мелкопористый фильтр-мешок – 1шт.&lt;/li&gt;\r\n	&lt;li&gt;\r\n		Инструкция – 1шт.&lt;/li&gt;\r\n	&lt;li&gt;\r\n		Гарантийный талон – 1шт.&lt;/li&gt;\r\n&lt;/ul&gt;\r\n&lt;h2&gt;\r\n	&lt;strong&gt;Достоинства&amp;nbsp;&lt;/strong&gt;&lt;strong&gt;робота для чистки бассейна iRobot Verro 300&lt;/strong&gt;&lt;strong&gt;:&lt;/strong&gt;&lt;/h2&gt;\r\n&lt;ul&gt;\r\n	&lt;li&gt;\r\n		Полностью автономная работа&lt;/li&gt;\r\n	&lt;li&gt;\r\n		Превосходное качество уборки дна и стенок&lt;/li&gt;\r\n	&lt;li&gt;\r\n		Высокая скорость работы&lt;/li&gt;\r\n	&lt;li&gt;\r\n		Способность спускаться со ступенек&lt;/li&gt;\r\n	&lt;li&gt;\r\n		Улучшение циркуляции воды в бассейне&lt;/li&gt;\r\n	&lt;li&gt;\r\n		Работа от сети&lt;/li&gt;\r\n	&lt;li&gt;\r\n		2 фильтра-мешка: для крупного и ежедневного мусора&lt;/li&gt;\r\n	&lt;li&gt;\r\n		Лёгкость очистки мешков&lt;/li&gt;\r\n&lt;/ul&gt;\r\n', '', 'робот для чистки бассейна, пылесос для чистки бассейна, оборудование для чистки бассейнов', 'Купить робот для чистки бассейна iRobot Verro 300', 'Робот для чистки бассейна iRobot Verro 300', ''),
(68, 1, 'Робот-пылесос LG Hom-Bot', '&lt;p&gt;\r\n	Робот-пылесос &lt;strong&gt;LG Hom-Bot VR5901LVM&lt;/strong&gt; сочетает в себе все достоинства устройств последнего поколения, которые собраны в стильном корпусе, выполненном в стиле «хай-тек». &amp;nbsp;&lt;/p&gt;\r\n&lt;p&gt;\r\n	За уборку отвечают основная щетинистая щётка и две боковые щётки с обеих сторон робота. Благодаря такому решению ещё больше мусора загребается под днище, где всасывающее устройство отправляет его в контейнер.&lt;/p&gt;\r\n&lt;p&gt;\r\n	Однако залог успеха не только в количестве и расположении чистящих деталей. В роботе разработчики использовали инновационную систему датчиков положения, которая позволяет обойтись без традиционных координаторов движения и «виртуальных стен».&lt;/p&gt;\r\n&lt;p&gt;\r\n	За определение координат робота в комнате отвечает камера, расположенная сверху корпуса &lt;strong&gt;Hom-Bot VR5901LVM&lt;/strong&gt;. Нижняя камера постоянно сканирует пол и определяет пройденное расстояние. Дополняют систему навигации инфракрасные сенсоры, предотвращающие столкновения и падения с высоты.&lt;/p&gt;\r\n&lt;p&gt;\r\n	Этот пылесос не любит ездить впустую по уже убранным участкам. За счёт видеокамер в процессоре сразу рисуется полная карта помещения, с учётом препятствий и дверей.&amp;nbsp; Затем вычисляется оптимальный маршрут движения устройства.&lt;/p&gt;\r\n&lt;p&gt;\r\n	В &lt;strong&gt;LG &lt;/strong&gt;&lt;strong&gt;Hom-&lt;/strong&gt;&lt;strong&gt;Bot &lt;/strong&gt;&lt;strong&gt;VR5901&lt;/strong&gt;&lt;strong&gt;LVM&lt;/strong&gt; доступны 4 режима уборки.&lt;/p&gt;\r\n&lt;p&gt;\r\n	Стандартный режим «зигзаг» предназначен для уборки больших помещений с небольшим количеством мебели и других препятствий. В этом режиме робот последовательно движется от стены до стены.&lt;/p&gt;\r\n&lt;p&gt;\r\n	При улучшенной уборке в режиме «шаг за шагом» пылесос делит всё пространство на сегменты, а потом убирает их по отдельности. Этот режим идеален для уборки больших комнат, где мебель стоит не вплотную к стене, а по центру. &amp;nbsp;&lt;/p&gt;\r\n&lt;p&gt;\r\n	Для очистки загрязнений малой площади лучше использовать режим «пятно», при котором робот движется по спирали вокруг центра загрязнения, постепенно увеличивая радиус. Если же грязный участок неровной формы, то его можно убрать с помощью ручного управления роботом с пульта ДУ.&lt;/p&gt;\r\n&lt;p&gt;\r\n	&lt;strong&gt;LG Hom-Bot VR5901LVM – &lt;/strong&gt;один из немногих пылесосов, которые могут похвастаться наличием литий-полимерного аккумулятора, голосового модуля и системы тонкой очистки HEPA. К тому же за счёт использования новых технологий был значительно снижен уровень шума.&amp;nbsp;&lt;/p&gt;\r\n&lt;h2&gt;\r\n	&lt;strong&gt;Комплектация робота-пылесоса LG Hom-Bot:&lt;/strong&gt;&lt;/h2&gt;\r\n&lt;ul&gt;\r\n	&lt;li&gt;\r\n		Робот-пылесос &amp;nbsp;&lt;strong&gt;LG Hom-Bot VR5901LVM &lt;/strong&gt;– 1шт&lt;strong&gt;.&lt;/strong&gt;&lt;/li&gt;\r\n	&lt;li&gt;\r\n		Литий-полимерная аккумуляторная батарея 1900мА/ч&amp;nbsp; - 1шт.&lt;/li&gt;\r\n	&lt;li&gt;\r\n		Базовая станция – 1шт.&lt;/li&gt;\r\n	&lt;li&gt;\r\n		Дополнительный выпускной фильтр HEPA10 – 1шт.&lt;/li&gt;\r\n	&lt;li&gt;\r\n		Накладки-салфетки из микроволокна – 2шт.&lt;/li&gt;\r\n	&lt;li&gt;\r\n		Держатель для накладок – 1шт.&lt;/li&gt;\r\n	&lt;li&gt;\r\n		Щётка для ухода за фильтром – 1шт.&lt;/li&gt;\r\n	&lt;li&gt;\r\n		Пульт ДУ – 1шт.&lt;/li&gt;\r\n	&lt;li&gt;\r\n		Инструкция – 1шт.&lt;/li&gt;\r\n	&lt;li&gt;\r\n		Гарантийный талон – 1шт.&lt;/li&gt;\r\n&lt;/ul&gt;\r\n&lt;h2&gt;\r\n	&lt;strong&gt;Достоинства&amp;nbsp;&lt;/strong&gt;&lt;strong&gt;робота-пылесоса LG Hom-Bot&lt;/strong&gt;&lt;strong&gt;:&lt;/strong&gt;&lt;/h2&gt;\r\n&lt;ul&gt;\r\n	&lt;li&gt;\r\n		2 видеокамеры для составления лучшего маршрута движения&lt;/li&gt;\r\n	&lt;li&gt;\r\n		4 режима работы&lt;/li&gt;\r\n	&lt;li&gt;\r\n		Лёгкое извлечение контейнера для мусора&lt;/li&gt;\r\n	&lt;li&gt;\r\n		Дисплей с индикацией состояния устройства&lt;/li&gt;\r\n	&lt;li&gt;\r\n		Тонкая фильтрация выходящего воздуха&lt;/li&gt;\r\n	&lt;li&gt;\r\n		Таймер отложенного запуска&lt;/li&gt;\r\n	&lt;li&gt;\r\n		Голосовые подсказки на русском языке&lt;/li&gt;\r\n	&lt;li&gt;\r\n		Аккумулятор нового поколения с увеличенным ресурсом работы&lt;/li&gt;\r\n	&lt;li&gt;\r\n		Рекордно низкий уровень шума&lt;/li&gt;\r\n	&lt;li&gt;\r\n		Современный дизайн&lt;/li&gt;\r\n&lt;/ul&gt;\r\n', '', 'hom bot, lg hom bot, hom bot 2.0, lg hom bot 2.0, hom bot цена, lg hom bot пылесос, hom bot vr5901lvm, lg hom bot цена, hom bot купить, робот пылесос hom bot, робот пылесос lg hom bot, купить lg hom bot', 'Купить робот-пылесос Робот-пылесос LG Hom-Bot', 'Робот-пылесос LG Hom-Bot', ''),
(69, 1, 'Игрушечный багги HEXBUG SPL Racing A111', '&lt;p&gt;\r\n	Игрушечный багги &lt;strong&gt;HEXBUG &lt;/strong&gt;&lt;strong&gt;SPL &lt;/strong&gt;&lt;strong&gt;Racing &lt;/strong&gt;&lt;strong&gt;A111&lt;/strong&gt; предназначен для активной езды. Пол в квартире – слишком лёгкая трасса для этой машинки. Во всей красе она себя показывает на пересечённой местности, где другое авто её размера просто не проедет.&lt;/p&gt;\r\n&lt;p&gt;\r\n	Высокая проходимость достигается за счёт больших колёс и высокого клиренса, а благодаря ударопрочному корпусу машине не страшны камни и другие препятствия.&lt;/p&gt;\r\n&lt;p&gt;\r\n	Электродвигатель развивает довольно высокую скорость, но при этом модель демонстрирует прекрасную управляемость. Управление газом и передними колёсами осуществляется по двухканальному пульту дистанционного управления, дальность которого - 30 метров.&lt;/p&gt;\r\n&lt;p&gt;\r\n	Если же справиться с управлением не удалось – волноваться не стоит. Перевернуться вверх ногами машинке не дадут металлические дуги посередине кузова. Совершив кувырок, модель вновь продолжит движение.&lt;/p&gt;\r\n&lt;p&gt;\r\n	Маневренность, высокая скорость, прочность и невозможность переворота делают &lt;strong&gt;HEXBUG &lt;/strong&gt;&lt;strong&gt;SPL &lt;/strong&gt;&lt;strong&gt;Racing &lt;/strong&gt;&lt;strong&gt;A111 идеальным&lt;/strong&gt; радиоуправляемым автомобилем для трюкачества. Горки и трамплины, песок, крутые виражи позволят значительно разнообразить игру.&lt;/p&gt;\r\n&lt;p&gt;\r\n	Купив с друзьями несколько экземпляров, можно устроить настоящие соревнования с препятствиями или ралли.&lt;/p&gt;\r\n&lt;p&gt;\r\n	Машинка работает от аккумуляторов, поэтому после гонок не придётся покупать новые батарейки, достаточно будет лишь подключить зарядное устройство. На одном заряде &lt;strong&gt;HEXBUG &lt;/strong&gt;&lt;strong&gt;SPL &lt;/strong&gt;&lt;strong&gt;Racing &lt;/strong&gt;&lt;strong&gt;A111&lt;/strong&gt; может ездить в течение 6 минут, а подзарядка занимает 40 минут.&amp;nbsp;&lt;/p&gt;\r\n&lt;h2&gt;\r\n	&lt;strong&gt;Комплектация&amp;nbsp;&lt;/strong&gt;багги&amp;nbsp;&lt;strong&gt;HEXBUG&amp;nbsp;&lt;/strong&gt;&lt;strong&gt;SPL&amp;nbsp;&lt;/strong&gt;&lt;strong&gt;Racing&amp;nbsp;&lt;/strong&gt;&lt;strong&gt;A111&lt;/strong&gt;&lt;strong&gt;:&lt;/strong&gt;&lt;/h2&gt;\r\n&lt;ul&gt;\r\n	&lt;li&gt;\r\n		Автомобиль &lt;strong&gt;HEXBUG SPL Racing A111&lt;/strong&gt; – 1шт.&lt;/li&gt;\r\n	&lt;li&gt;\r\n		Пульт ДУ – 1шт.&lt;/li&gt;\r\n	&lt;li&gt;\r\n		Зарядное устройство -1 шт.&lt;/li&gt;\r\n	&lt;li&gt;\r\n		Инструкция – 1шт.&lt;/li&gt;\r\n&lt;/ul&gt;\r\n&lt;h2&gt;\r\n	&lt;strong&gt;Достоинства&amp;nbsp;&lt;/strong&gt;багги&amp;nbsp;&lt;strong&gt;HEXBUG&amp;nbsp;&lt;/strong&gt;&lt;strong&gt;SPL&amp;nbsp;&lt;/strong&gt;&lt;strong&gt;Racing&amp;nbsp;&lt;/strong&gt;&lt;strong&gt;A111&lt;/strong&gt;&lt;strong&gt;:&lt;/strong&gt;&lt;/h2&gt;\r\n&lt;ul&gt;\r\n	&lt;li&gt;\r\n		Ударопрочный корпус&lt;/li&gt;\r\n	&lt;li&gt;\r\n		Дуги, предотвращающие перевороты&lt;/li&gt;\r\n	&lt;li&gt;\r\n		Большие колёса&lt;/li&gt;\r\n	&lt;li&gt;\r\n		Высокая скорость&lt;/li&gt;\r\n	&lt;li&gt;\r\n		Маневренность&lt;/li&gt;\r\n	&lt;li&gt;\r\n		Зарядка батареи от сети&lt;/li&gt;\r\n&lt;/ul&gt;\r\n', '', 'багги, купить багги, игрушечный багги, багги для детей, багги на радиоуправлении', 'Купить игрушечный багги HEXBUG SPL Racing A111', 'Игрушечный багги HEXBUG SPL Racing A111', '');
INSERT INTO `product_description` (`product_id`, `language_id`, `name`, `description`, `meta_description`, `meta_keyword`, `seo_title`, `seo_h1`, `meta_title`) VALUES
(154, 1, 'Робот пылесос iRobot Roomba 620', '&lt;p&gt;\r\n	Бюджетный представитель шестисотой серии роботов от компании «iRobot». Основным отличием от более дорогой &lt;a href=&quot;http://roboti.grishinmikhail.com/vacuum-cleaner/cat-irobot/roomba630.html&quot;&gt;Roomba 630&lt;/a&gt; является отсутствие пользовательского режима программирования.&lt;/p&gt;\r\n&lt;p&gt;\r\n	Для начала уборки достаточно нажать на кнопку «Clean» и робот приступит к автоматической уборке помещения. На одной зарядке батареи, пылесос способен убрать до 60 квадратных метров.&lt;/p&gt;\r\n&lt;p&gt;\r\n	В iRobot Roomba 620 установлена инновационная система «Aerovac Bin», благодаря которой значительно уменьшилась периодичность очистки щеток пылесоса в процессе уборки. Еще одним преимуществом «Aerovac Bin» является более тихий режим работы по сравнению с базовым вариантом.&lt;/p&gt;\r\n&lt;h2&gt;\r\n	Комплектация робота-пылесоса iRobot Roomba 620:&lt;/h2&gt;\r\n&lt;ul&gt;\r\n	&lt;li&gt;\r\n		Никель-металлогидридный аккумулятор, емкостью в 3000 mAh.&lt;/li&gt;\r\n	&lt;li&gt;\r\n		Напольная база 220 В, полностью заряжающая пылесос за 3 часа.&lt;/li&gt;\r\n	&lt;li&gt;\r\n		«Виртуальная» стена (инфракрасный ограничитель движения пылесоса), не дающий пылесосу выехать за пределы убираемого помещения.&lt;/li&gt;\r\n	&lt;li&gt;\r\n		Приспособления для очистки щеток после уборки.&lt;/li&gt;\r\n	&lt;li&gt;\r\n		Комплект из двух фильтров «Aerovac».&lt;/li&gt;\r\n	&lt;li&gt;\r\n		Руководство по эксплуатации&lt;/li&gt;\r\n	&lt;li&gt;\r\n		Гарантийный талон&lt;/li&gt;\r\n&lt;/ul&gt;\r\n&lt;h2&gt;\r\n	Достоинства пылесоса Roomba 620:&lt;/h2&gt;\r\n&lt;ul&gt;\r\n	&lt;li&gt;\r\n		Инновационная технология «Aerovac Bin»,благодаря которой уменьшился шум при работе пылесоса и значительно реже требуется очистка щеток робота.&lt;/li&gt;\r\n	&lt;li&gt;\r\n		Для начала уборки помещения достаточно нажать на одну клавишу «Clean».&lt;/li&gt;\r\n	&lt;li&gt;\r\n		На одной зарядке аккумулятора пылесос способен убрать помещение, площадью до 60 квадратных метров.&lt;/li&gt;\r\n	&lt;li&gt;\r\n		При разрядке аккумулятора, робот самостоятельно возвращается на базовую станцию для подзарядки, которая занимает не более 3 часов.&lt;/li&gt;\r\n	&lt;li&gt;\r\n		Благодаря установленным в пылесосе датчикам контроля высоты, робот никогда не упадет с лестницы.&lt;/li&gt;\r\n	&lt;li&gt;\r\n		В качестве дополнительной опции вы можете приобрести пульт для управления роботом дистанционно, для еще более комфортной уборки.&lt;/li&gt;\r\n&lt;/ul&gt;\r\n&lt;p&gt;\r\n	&amp;nbsp;&lt;/p&gt;\r\n', '', 'roomba 620, irobot roomba 620, робот пылесос roomba 620, пылесос roomba 620', 'Робот пылесос iRobot Roomba 620. Купить по ультранизкой цене.', 'Робот пылесос Roomba 620', ''),
(88, 1, 'Робот пылесос iClebo Home', '&lt;p&gt;\r\n	Младшая модель корейского производителя поражает соотношением цены и качества. В &lt;strong&gt;iClebo Home&lt;/strong&gt; нет никаких лишних функций (если вас интересует более продвинутая модель присмотритесь к &lt;a href=&quot;http://roboti.grishinmikhail.com/vacuum-cleaner/iclebo-arte.html&quot;&gt;iClebo Arte&lt;/a&gt;), но с основными обязанностями пылесоса он справляется на все 100%.&lt;/p&gt;\r\n&lt;p&gt;\r\n	Эта модель подкупает своим стильным чёрным корпусом и круглым LCD-дисплеем. Но её успех обеспечило вовсе не это. По многим тестам по качеству уборки роботы-пылесосы &lt;strong&gt;Yujin Robot&lt;/strong&gt; занимают первые места, на равных соревнуясь с куда более дорогими моделями.&lt;/p&gt;\r\n&lt;p&gt;\r\n	Такой результат достигается благодаря основной щётке, щетинки которой поддевают застарелую грязь из труднодоступных мест. Расположенные по бокам 2 боковые щётки сгребают весь мусор с поверхности, направляя его к всасывающему отверстию, через которое он затягивается в контейнер.&lt;/p&gt;\r\n&lt;p&gt;\r\n	Чтобы оставить всю пыль внутри робота, в &lt;strong&gt;Yujin Robot iClebo Home&lt;/strong&gt; используется 4-х уровневая фильтрация. Засасываемый воздух последовательно проходит грубый фильтр-сито, антибактериальный и антистатический фильтры, а на выходе стоит HEPA-фильтр тонкой очистки.&lt;/p&gt;\r\n&lt;p&gt;\r\n	Если для пола лучше использовать щетинистые щётки, то гладкие полы рекомендуется убирать увлажненной салфеткой из микрофибры, которая устанавливается вместо основной щётки. Благодаря ей влажную уборку полов можно проводить намного реже.&lt;/p&gt;\r\n&lt;p&gt;\r\n	Для обнаружения препятствий и перепада высоты по всему корпусу робота расположены 14 ИК-датчика. Заметив перед собой предмет, &lt;strong&gt;iClebo Home&lt;/strong&gt; притормаживает и плавно касается его бампером.&lt;/p&gt;\r\n&lt;p&gt;\r\n	Имеются в наличии и другие функции, уже ставшие базовыми для современных роботов-пылесосов: дистанционное управление, автоматический возврат на базу, программирование графика уборки.&lt;/p&gt;\r\n&lt;h2&gt;\r\n	&lt;strong&gt;Комплектация Yujin Robot iClebo Home:&lt;/strong&gt;&lt;/h2&gt;\r\n&lt;ul&gt;\r\n	&lt;li&gt;\r\n		Робот пылесос &lt;strong&gt;Yujin Robot iClebo Home&lt;/strong&gt; – 1шт.&lt;/li&gt;\r\n	&lt;li&gt;\r\n		Базовая станция – 1шт.&lt;/li&gt;\r\n	&lt;li&gt;\r\n		Li-Ion аккумулятор – 1шт.&lt;/li&gt;\r\n	&lt;li&gt;\r\n		Устройство для подзарядки – 1шт.&lt;/li&gt;\r\n	&lt;li&gt;\r\n		Салфетки из микрофибры – 2шт.&lt;/li&gt;\r\n	&lt;li&gt;\r\n		Основа для салфетки – 1шт.&lt;/li&gt;\r\n	&lt;li&gt;\r\n		Антибактериальные фильтры – 2шт.&lt;/li&gt;\r\n	&lt;li&gt;\r\n		Пульт ДУ -1шт.&lt;/li&gt;\r\n	&lt;li&gt;\r\n		Батарейки для пульта ДУ – 2шт.&lt;/li&gt;\r\n	&lt;li&gt;\r\n		Щёточка-гребешок для очистки основной щётки – 1шт.&lt;/li&gt;\r\n	&lt;li&gt;\r\n		Инструкция – 1шт.&lt;/li&gt;\r\n	&lt;li&gt;\r\n		Гарантийный талон – 1шт.&lt;/li&gt;\r\n&lt;/ul&gt;\r\n&lt;h2&gt;\r\n	&lt;strong&gt;Достоинства iClebo Home:&lt;/strong&gt;&lt;/h2&gt;\r\n&lt;ul&gt;\r\n	&lt;li&gt;\r\n		Один из лидеров по качеству уборки&lt;/li&gt;\r\n	&lt;li&gt;\r\n		Высокая степень фильтрации воздуха&lt;/li&gt;\r\n	&lt;li&gt;\r\n		Салфетка для протирания полов&lt;/li&gt;\r\n	&lt;li&gt;\r\n		Li-Ion с большим сроком службы&lt;/li&gt;\r\n	&lt;li&gt;\r\n		Вывод информации о состоянии устройства на LCD-дисплей&lt;/li&gt;\r\n	&lt;li&gt;\r\n		Легко вынимаемый пластиковый контейнер&lt;/li&gt;\r\n	&lt;li&gt;\r\n		Элегантный чёрный корпус&lt;/li&gt;\r\n&lt;/ul&gt;\r\n', 'В элегантном чёрном корпусе Yujin Robot iClebo Home скрыта новейшая система уборки любых поверхностей, основанная на богатом опыте компании в роботостроении. ', 'Yujin Robot iClebo Home, iClebo Home, робот пылесос iClebo Home, yujin robot iclebo отзывы, yujin robot iclebo 		', 'Купить робот пылесос iClebo Home', 'Робот пылесос iClebo Home', ''),
(90, 1, 'Робот пылесос Yujin Robot iClebo Smart', '&lt;p&gt;\r\n	&lt;strong&gt;Yujin Robot iClebo Smart&lt;/strong&gt; является улучшенной версией модели Home, но немного уступает по характеристикам &lt;a href=&quot;http://roboti.grishinmikhail.com/vacuum-cleaner/iclebo-arte.html&quot;&gt;Arte&lt;/a&gt;.&lt;/p&gt;\r\n&lt;p&gt;\r\n	Основные улучшения коснулись навигационной системы. Если более дешёвый робот полагался на систему инфракрасных датчиков, аналогичную системам ориентирования пылесосов других производителей, то &lt;strong&gt;Smart&lt;/strong&gt; оснащён камерой, которая постоянно сканирует комнату. Собранная информация поступает в процессор, который просчитывает маршрут движения. Такая технология значительно увеличивает скорость уборки, так как робот не проходит по одному месту дважды.&lt;/p&gt;\r\n&lt;p&gt;\r\n	Продвинутая система навигации была бы бесполезна без хороших чистящих средств робота. У &lt;strong&gt;iClebo Smart&lt;/strong&gt; с этим полный порядок. Основная щётка справляется не только с мелкой пылью, но и с волосами и шерстью. Намотанные на щётку волокна убрать проще простого – желобок в корпусе щётки позволяет вставить туда ножницы и обрезать нити.&lt;/p&gt;\r\n&lt;p&gt;\r\n	Основная щётка может быть заменена на увлажнённую салфетку из микрофибры, которая соберёт с плитки, ламината и паркета мельчайшие частицы пыли.&lt;/p&gt;\r\n&lt;p&gt;\r\n	Дополнительно по бокам &lt;strong&gt;Yujin &lt;/strong&gt;&lt;strong&gt;Robot &lt;/strong&gt;&lt;strong&gt;iClebo &lt;/strong&gt;&lt;strong&gt;Smart&lt;/strong&gt; установлены боковые щётки, заметающие под корпус мусор, оказавшийся рядом с роботом.&lt;/p&gt;\r\n&lt;p&gt;\r\n	Заботится производитель не только о чистоте в доме, но и о здоровье хозяев. Наряду с грубым и антистатическим фильтрами в систему очистки воздуха входят антибактериальный и HEPA-фильтр. Такое решение придётся по душе аллергикам.&lt;/p&gt;\r\n&lt;p&gt;\r\n	&amp;nbsp;&lt;/p&gt;\r\n&lt;p&gt;\r\n	Программ уборки немного, всего 4. В автоматическом режиме робот убирает квартиру до момента окончания заряда. Уборка ковров (Climbing) позволяет пылесосу взбираться на ковры высотой до 2см. В основном режиме &lt;strong&gt;iClebo &lt;/strong&gt;&lt;strong&gt;Smart&lt;/strong&gt; после разрядки возвращается на базу, подзаряжается и вновь приступает к уборке. Специальный режим предназначен для работы с салфеткой.&lt;/p&gt;\r\n&lt;h2&gt;\r\n	&lt;strong&gt;Комплектация робота-пылесоса Yujin Robot iClebo &lt;/strong&gt;&lt;strong&gt;Smart:&lt;/strong&gt;&lt;/h2&gt;\r\n&lt;ul&gt;\r\n	&lt;li&gt;\r\n		Робот-пылесос &lt;strong&gt;Yujin Robot iClebo &lt;/strong&gt;&lt;strong&gt;Smart&lt;/strong&gt; – 1шт.&lt;/li&gt;\r\n	&lt;li&gt;\r\n		Li-ion аккумулятор – 1шт.&lt;/li&gt;\r\n	&lt;li&gt;\r\n		Базовая станция – 1шт.&lt;/li&gt;\r\n	&lt;li&gt;\r\n		Устройство для подзарядки – 1шт.&lt;/li&gt;\r\n	&lt;li&gt;\r\n		Салфетки из микрофибры – 2шт.&lt;/li&gt;\r\n	&lt;li&gt;\r\n		Основа для салфетки – 1шт.&lt;/li&gt;\r\n	&lt;li&gt;\r\n		Антибактериальные фильтры – 2шт.&lt;/li&gt;\r\n	&lt;li&gt;\r\n		Пульт ДУ -1шт.&lt;/li&gt;\r\n	&lt;li&gt;\r\n		Батарейки для пульта ДУ – 2шт.&lt;/li&gt;\r\n	&lt;li&gt;\r\n		Щёточка-гребешок для очистки основной щётки – 1шт.&lt;/li&gt;\r\n	&lt;li&gt;\r\n		Инструкция – 1шт.&lt;/li&gt;\r\n	&lt;li&gt;\r\n		Гарантийный талон – 1шт.&lt;/li&gt;\r\n&lt;/ul&gt;\r\n&lt;h2&gt;\r\n	&lt;strong&gt;Достоинства робота-пылесоса Yujin Robot iClebo &lt;/strong&gt;&lt;strong&gt;Smart:&lt;/strong&gt;&lt;/h2&gt;\r\n&lt;ul&gt;\r\n	&lt;li&gt;\r\n		Навигационная система, создающая модель комнаты&lt;/li&gt;\r\n	&lt;li&gt;\r\n		Щётка для уборки пыли, шерсти и волос&lt;/li&gt;\r\n	&lt;li&gt;\r\n		Салфетка из микрофибры для гладких полов&lt;/li&gt;\r\n	&lt;li&gt;\r\n		Надёжный Li-Ion аккумулятор&lt;/li&gt;\r\n	&lt;li&gt;\r\n		Тонкая очистка воздуха&lt;/li&gt;\r\n	&lt;li&gt;\r\n		Удобный интерфейс управления&lt;/li&gt;\r\n	&lt;li&gt;\r\n		Лёгкий уход за контейнером и щётками&lt;/li&gt;\r\n&lt;/ul&gt;\r\n&lt;p&gt;\r\n	&lt;strong&gt;iClebo Smart &lt;/strong&gt;также часто ищут как:&amp;nbsp;робот пылесос ycr m02&lt;/p&gt;\r\n&lt;ul&gt;\r\n&lt;/ul&gt;\r\n', 'Робот последнего поколения Yujin Robot iClebo Smart славится высокой скоростью уборки, достигаемой за счёт уникальной навигационной системы, и способностью одинаково хорошо убирать любую поверхность.', 'Yujin Robot iClebo Smart, iClebo Smart, робот пылесос iClebo Smart, yujin robot iclebo отзывы, yujin robot iclebo 		', 'Купить робот-пылесос Yujin Robot iClebo Smart', 'Робот пылесос Yujin Robot iClebo Smart', ''),
(94, 1, 'Робот-пылесос Ё-робот Смарти', '&lt;p&gt;\r\n	Взглянув на перечень возможностей этого робота, кажется, что перед нами какой-то преумный аппарат от ведущего производителя. &lt;strong&gt;Ё-робот Смарти&lt;/strong&gt; имеет практически все функции, свойственные самым последним моделям, не хватает разве что навигационной системы на основе лазера или камеры.&lt;/p&gt;\r\n&lt;p&gt;\r\n	За чистоту уборки отвечают основная цилиндрическая и боковая щётки. Вычищенный ими мусор затягивается в контейнер большого объёма – 1л. Такая ёмкость пылесборника позволяет намного реже вытряхивать из него мусор.&lt;/p&gt;\r\n&lt;p&gt;\r\n	Уборка пола не ограничивается устранением механических загрязнений. С болезнетворными микроорганизмами отлично справляется ультрафиолетовая лампа на дне пылесоса. Так как с включенной лампой значительно повышается расход энергии, предусмотрена возможность её отключения с пульта ДУ.&lt;/p&gt;\r\n&lt;p&gt;\r\n	&lt;strong&gt;Ё-робот Смарти&lt;/strong&gt; имеет функцию полировки полов влажной салфеткой, устанавливаемой под корпус.&lt;/p&gt;\r\n&lt;p&gt;\r\n	Система навигации тут классическая, основанная на показаниях инфракрасных датчиков. При столкновении с мебелью робот разворачивается и начинает движение в другую сторону. Разумеется, в дно корпуса встроен индикатор падения, который не даст упасть с лестницы. В комплекте идёт «виртуальная стена», ограничивающая передвижение устройства.&lt;/p&gt;\r\n&lt;p&gt;\r\n	Чтобы доказать, что они умеют не только копировать, но и создавать, китайцы встроили в &lt;strong&gt;Смарти&lt;/strong&gt; ароматизатор воздуха со сменными кассетами, призванный обеспечит свежесть в квартире.&lt;/p&gt;\r\n&lt;p&gt;\r\n	В &lt;strong&gt;Ё-робот Смарти&lt;/strong&gt; запрограммировано 4 режима уборки, в частности точечная уборка 1-1.5 кв.м. и уборка вдоль стен. В процессе автоматической уборки с пульта ДУ можно включить тщательную уборку особо загрязненного участка.&lt;/p&gt;\r\n&lt;h2&gt;\r\n	&lt;strong&gt;Комплектация робота-пылесоса Ё-робот Смарти:&lt;/strong&gt;&lt;/h2&gt;\r\n&lt;ul&gt;\r\n	&lt;li&gt;\r\n		Робот-пылесос &lt;strong&gt;Ё-робот Смарти&lt;/strong&gt; – 1шт.&lt;/li&gt;\r\n	&lt;li&gt;\r\n		Базовая станция – 1шт.&lt;/li&gt;\r\n	&lt;li&gt;\r\n		Пульт ДУ – 1шт.&lt;/li&gt;\r\n	&lt;li&gt;\r\n		Зарядное устройство – 1шт.&lt;/li&gt;\r\n	&lt;li&gt;\r\n		Ограничитель движения – 1шт.&lt;/li&gt;\r\n	&lt;li&gt;\r\n		Контейнер для мусора - 1шт.&lt;/li&gt;\r\n	&lt;li&gt;\r\n		Боковая щётка – 2шт.&lt;/li&gt;\r\n	&lt;li&gt;\r\n		Салфетка для пола – 2шт.&lt;/li&gt;\r\n	&lt;li&gt;\r\n		Цилиндрическая основная щётка – 1шт.&lt;/li&gt;\r\n	&lt;li&gt;\r\n		Инструкция – 1шт.&lt;/li&gt;\r\n	&lt;li&gt;\r\n		Гарантийный талон – 1шт.&lt;/li&gt;\r\n&lt;/ul&gt;\r\n&lt;h2&gt;\r\n	&lt;strong&gt;Достоинства робота-пылесоса Ё-робот Смарти:&lt;/strong&gt;&lt;/h2&gt;\r\n&lt;ul&gt;\r\n	&lt;li&gt;\r\n		Доступная цена&lt;/li&gt;\r\n	&lt;li&gt;\r\n		УФ-лампа для антибактериальной обработки пола&lt;/li&gt;\r\n	&lt;li&gt;\r\n		Возможность протирания пола салфеткой&lt;/li&gt;\r\n	&lt;li&gt;\r\n		Объёмный контейнер для мусора&lt;/li&gt;\r\n	&lt;li&gt;\r\n		Низкий уровень шума&lt;/li&gt;\r\n	&lt;li&gt;\r\n		Ограничитель движения в комплекте&lt;/li&gt;\r\n	&lt;li&gt;\r\n		Автоматический возврат на базу&lt;/li&gt;\r\n	&lt;li&gt;\r\n		Съёмный ароматизатор воздуха&lt;/li&gt;\r\n&lt;/ul&gt;\r\n', 'Ё-робот Смарти предназначен для людей, желающих получить устройство, оснащённое всеми современными функциями, включая УФ-лампу и протирку полов влажной салфеткой, по небольшой цене. ', 'робот пылесос ё робот смарти, ё робот смарти, отзывы ё робот смарти, робот пылесос ё робот смарти отзывы', 'Купить робот-пылесос Ё-робот Смарти', 'Робот-пылесос Ё-робот Смарти', ''),
(73, 1, 'Робот пылесос Deebot D73', '&lt;p&gt;\r\n	Отличительной чертой этой модели является встроенный голосовой модуль, который сообщит хозяевам о состоянии пылесоса. В памяти робота записано 97 сообщений, причём все они на русском языке. Возможна и запись команд собственным голосом.&lt;/p&gt;\r\n&lt;p&gt;\r\n	Кроме сервисных фраз, пылесос время от времени развлекает шутками и смешными рассказами. Если же вы хотите побыть в тишине, то звук выключается одним нажатием клавиши.&lt;/p&gt;\r\n&lt;p&gt;\r\n	Звуковой модуль &lt;strong&gt;Deebot D73 &lt;/strong&gt;выполняет и другую функцию. Вставив в слот &amp;nbsp;карту памяти формата SD с записанной музыкой, вы получите передвижной плеер.&lt;/p&gt;\r\n&lt;p&gt;\r\n	Разумеется, все развлекательные функции были бы лишними без по-прежнему высокой эффективности уборки.&lt;/p&gt;\r\n&lt;p&gt;\r\n	Встроенный датчик пыли определяет степень загрязнённости поверхности, заставляя робота чистить грязь до тех пор, пока она не исчезнет. Для стен и плинтусов используются две боковые щётки.&lt;/p&gt;\r\n&lt;p&gt;\r\n	&lt;strong&gt;Deebot D73 &lt;/strong&gt;заботится не только о чистоте помещения, но и о здоровье владельцев. В выпускной фильтр встроена мембрана тонкой очистки, выполняющая антибактериальную обработку.&lt;/p&gt;\r\n&lt;p&gt;\r\n	Производитель существенно улучшил систему ориентации пылесоса в пространстве. Теперь он умеет объезжать препятствия, а при неизбежном столкновении сбавляет скорость, мягко ударяясь об них бампером. Дополнительные ограничения устанавливаются с помощью устройств «виртуальная стена» и магнитная лента, которые идут в комплекте. Встроенный в днище детектор предотвращает падение со ступенек.&lt;/p&gt;\r\n&lt;p&gt;\r\n	При разрядке аккумулятора, робот-пылесос самостоятельно вернётся на базу для подзарядки. В случае выставления режима улучшенной уборки после восстановления заряда он продолжит работу.&lt;/p&gt;\r\n&lt;p&gt;\r\n	Здорово облегчает процесс эксплуатации устройства ЖК-дисплей с подсветкой. На нём всегда отображаются запущенная программа и ошибки.&lt;/p&gt;\r\n&lt;h2&gt;\r\n	&lt;strong&gt;Комплектация робота-пылесоса &lt;/strong&gt;&lt;strong&gt;Deebot &lt;/strong&gt;&lt;strong&gt;D73&lt;/strong&gt;:&lt;/h2&gt;\r\n&lt;ul&gt;\r\n	&lt;li&gt;\r\n		Робот-пылесос &amp;nbsp;&lt;strong&gt;Deebot &lt;/strong&gt;&lt;strong&gt;D73 &lt;/strong&gt;– 1шт&lt;strong&gt;.&lt;/strong&gt;&lt;/li&gt;\r\n	&lt;li&gt;\r\n		Аккумуляторная батарея 2500 мА/ч&amp;nbsp; - 1шт.&lt;/li&gt;\r\n	&lt;li&gt;\r\n		Базовая станция – 1шт.&lt;/li&gt;\r\n	&lt;li&gt;\r\n		Пульт ДУ – 1шт.&lt;/li&gt;\r\n	&lt;li&gt;\r\n		Ограничитель «виртуальная стена» - 1шт.&lt;/li&gt;\r\n	&lt;li&gt;\r\n		Магнитная лента – 1шт.&lt;/li&gt;\r\n	&lt;li&gt;\r\n		Боковые щётки – 2шт.&lt;/li&gt;\r\n	&lt;li&gt;\r\n		Устройство для чистки щёток – 1шт.&lt;/li&gt;\r\n	&lt;li&gt;\r\n		Инструмент для установки магнитной ленты – 1шт.&lt;/li&gt;\r\n	&lt;li&gt;\r\n		Инструкция – 1шт.&lt;/li&gt;\r\n	&lt;li&gt;\r\n		Гарантийный талон – 1шт.&lt;/li&gt;\r\n&lt;/ul&gt;\r\n&lt;h2&gt;\r\n	&lt;strong&gt;Достоинства робота-пылесоса &lt;/strong&gt;&lt;strong&gt;Deebot &lt;/strong&gt;&lt;strong&gt;D73&lt;/strong&gt;:&lt;/h2&gt;\r\n&lt;ul&gt;\r\n	&lt;li&gt;\r\n		4 режима уборки&lt;/li&gt;\r\n	&lt;li&gt;\r\n		Голосовые сервисные и развлекательные сообщения&lt;/li&gt;\r\n	&lt;li&gt;\r\n		Музыкальное сопровождение уборки&lt;/li&gt;\r\n	&lt;li&gt;\r\n		2 боковые щётки&lt;/li&gt;\r\n	&lt;li&gt;\r\n		Автоматический возврат на базу для подзарядки&lt;/li&gt;\r\n	&lt;li&gt;\r\n		ЖК-дисплей, информирующий о состоянии устройства&lt;/li&gt;\r\n	&lt;li&gt;\r\n		Возможность программирования режима уборки&lt;/li&gt;\r\n	&lt;li&gt;\r\n		Антибактериальный фильтр&lt;/li&gt;\r\n&lt;/ul&gt;\r\n&lt;ul&gt;\r\n&lt;/ul&gt;\r\n&lt;p&gt;\r\n	&amp;nbsp;&lt;/p&gt;\r\n&lt;ul&gt;\r\n&lt;/ul&gt;\r\n', 'Робот-пылесос Deebot D73 задуман как устройство, сочетающее в себе высокое качество уборки помещений и развлекательные функции. ', 'deebot d73, ecovacs deebot d73, робот пылесос deebot d73', 'Купить робот-пылесос Deebot D73', 'Робот пылесос Deebot D73', ''),
(74, 1, 'Робот пылесос Deebot D76', '&lt;p&gt;\r\n	Ecovacs &lt;strong&gt;Deebot D76&lt;/strong&gt; представляет собой целый комплекс для уборки помещений. Пока робот-пылесос эффективно чистит напольное покрытие, человек с помощью идущего в комплекте ручного пылесоса циклонического типа убирает мебель и стены.&lt;/p&gt;\r\n&lt;p&gt;\r\n	Установленный на базовую станцию, ручной пылесос превращается в мощный пылесборник, забирающий весь накопленный мусор из контейнера. Опустошение его на порядок легче, чем очистка пылесборников любого робота.&lt;/p&gt;\r\n&lt;p&gt;\r\n	Никуда не делись и функции младших моделей. Как и D73, &lt;strong&gt;Deebot D76&lt;/strong&gt; – пылесос с голосовыми функциями на русском языке. Он сообщит хозяину о состоянии контейнера, возникшем препятствии или окончании уборки. Вдобавок производитель записал множество шуток.&lt;/p&gt;\r\n&lt;p&gt;\r\n	Особенно понравится пылесос детям. У него есть развлекательный режим, при выборе которого начинает играть музыка, а робот «танцует». Мелодию можно выбрать из заданных или записать свою на флеш-карту.&lt;/p&gt;\r\n&lt;p&gt;\r\n	Отлично выполняет он и свои прямые обязанности. Мощная турбощётка справляется не только с пылью и мелким мусором, но и с ворсом животных и волосами. Повышают эффективность уборки целых 2 боковых щётки.&lt;/p&gt;\r\n&lt;p&gt;\r\n	&lt;strong&gt;Deebot D76 &lt;/strong&gt;имеет четыре режима работы, отличающиеся временем и поведением устройства. Так, при уборке по периметру он быстро почистит плинтуса и стены, а улучшенная уборка прекратится не с разрядкой, а лишь после очистки всей комнаты (после подзарядки пылесос возвращается к тому месту, где кончилась энергия).&lt;/p&gt;\r\n&lt;p&gt;\r\n	Ограничивается движение робота устройством «виртуальная стена», которая создаёт невидимый инфракрасный барьер, и магнитной лентой, устанавливаемой на пол.&lt;/p&gt;\r\n&lt;p&gt;\r\n	На корпусе пылесоса находится почти 30 датчиков, которые отвечают за ориентирование в пространстве. С ними практически исключены столкновения с мебелью и хрупкими предметами.&lt;/p&gt;\r\n&lt;p&gt;\r\n	Приятным бонусом является фильтр с вкраплениями серебра, уничтожающий микробы.&lt;/p&gt;\r\n&lt;h2&gt;\r\n	&lt;strong&gt;Комплектация Ecovacs&amp;nbsp;&lt;/strong&gt;&lt;strong&gt;Deebot &lt;/strong&gt;&lt;strong&gt;D76&lt;/strong&gt;:&lt;/h2&gt;\r\n&lt;ul&gt;\r\n	&lt;li&gt;\r\n		Робот пылесос Deebot D76 – 1шт.&lt;/li&gt;\r\n	&lt;li&gt;\r\n		Аккумуляторная батарея 2500 мА/ч - 1шт.&lt;/li&gt;\r\n	&lt;li&gt;\r\n		Базовая станция – 1шт.&lt;/li&gt;\r\n	&lt;li&gt;\r\n		Пульт ДУ – 1шт.&lt;/li&gt;\r\n	&lt;li&gt;\r\n		Ограничитель «виртуальная стена» - 1шт.&lt;/li&gt;\r\n	&lt;li&gt;\r\n		Магнитная лента – 1шт.&lt;/li&gt;\r\n	&lt;li&gt;\r\n		Боковые щётки – 2шт.&lt;/li&gt;\r\n	&lt;li&gt;\r\n		Инструмент для чистки щёток – 1шт.&lt;/li&gt;\r\n	&lt;li&gt;\r\n		Инструмент для установки магнитной ленты – 1шт.&lt;/li&gt;\r\n	&lt;li&gt;\r\n		Крепление ручного пылесоса –1 шт.&lt;/li&gt;\r\n	&lt;li&gt;\r\n		Ручной пылесос – 1шт.&lt;/li&gt;\r\n	&lt;li&gt;\r\n		Шланг ручного пылесоса – 1шт.&lt;/li&gt;\r\n	&lt;li&gt;\r\n		Телескопическая труба – 1шт.&lt;/li&gt;\r\n	&lt;li&gt;\r\n		Ремень для переноски– 1шт.&lt;/li&gt;\r\n	&lt;li&gt;\r\n		Стандартная насадка – 1шт.&lt;/li&gt;\r\n	&lt;li&gt;\r\n		Узкая насадка – 1шт.&lt;/li&gt;\r\n	&lt;li&gt;\r\n		Насадка для стен – 1шт.&lt;/li&gt;\r\n	&lt;li&gt;\r\n		Инструкция – 1шт.&lt;/li&gt;\r\n	&lt;li&gt;\r\n		Гарантийный талон – 1шт.&lt;/li&gt;\r\n&lt;/ul&gt;\r\n&lt;h2&gt;\r\n	&lt;strong&gt;Достоинства&amp;nbsp;&lt;/strong&gt;&lt;strong&gt;Deebot &lt;/strong&gt;&lt;strong&gt;D76&lt;/strong&gt;:&lt;/h2&gt;\r\n&lt;ul&gt;\r\n	&lt;li&gt;\r\n		Ручной пылесос циклонического типа в комплекте&lt;/li&gt;\r\n	&lt;li&gt;\r\n		Функция автоматической очистки контейнера&lt;/li&gt;\r\n	&lt;li&gt;\r\n		Мощная турбощётка и 2 боковые щётки&lt;/li&gt;\r\n	&lt;li&gt;\r\n		4 режима уборки&lt;/li&gt;\r\n	&lt;li&gt;\r\n		Автоматический возврат на базу для подзарядки&lt;/li&gt;\r\n	&lt;li&gt;\r\n		Сервисные и развлекательные голосовые сообщения&lt;/li&gt;\r\n	&lt;li&gt;\r\n		Возможность проигрывания музыки с флеш-карты&lt;/li&gt;\r\n	&lt;li&gt;\r\n		Большой ЖК-дисплей&lt;/li&gt;\r\n	&lt;li&gt;\r\n		Программируемый таймер&lt;/li&gt;\r\n	&lt;li&gt;\r\n		Антибактериальный фильтр&lt;/li&gt;\r\n&lt;/ul&gt;\r\n&lt;ul&gt;\r\n&lt;/ul&gt;\r\n&lt;ul&gt;\r\n&lt;/ul&gt;\r\n&lt;p&gt;\r\n	Робот пылесос Ecovacs Deebot D76 часто ищут как: Deebot D76, Дибот D76&lt;/p&gt;\r\n&lt;ul&gt;\r\n&lt;/ul&gt;\r\n', 'В топовой модели Deebot D76 совмещено два устройства: робот-пылесос и ручной пылесос циклонического типа, который используется также для очистки контейнера робота. ', 'deebot d76, ecovacs deebot d76, робот пылесос deebot d76', 'Купить робот пылесос Deebot D76', 'Робот пылесос Deebot D76', ''),
(78, 1, 'Робот-пылесос  Clatronic BSR 1283', '&lt;p&gt;\r\n	Главными преимуществами робота-пылесоса &lt;strong&gt;Clatronic BSR 1283&lt;/strong&gt; являются сверхкомпактные размеры, позволяющие ему делать уборку под мебелью, и низкая цена. Модель является логичным продолжением &amp;nbsp;BSR 1282, но имеет больше функций и пылесборник циклонического типа.&lt;/p&gt;\r\n&lt;p&gt;\r\n	Отличительной чертой модели является лёгкость управления. Чтобы начать работу, достаточно выбрать размер комнаты (маленький, средний или большой) и нажать кнопку «пуск». Максимальная площадь уборки на одном заряде составляет 70 кв.м., после разрядки аккумулятора &lt;strong&gt;Clatronic BSR 1283 &lt;/strong&gt;самостоятельно находит базу и подзаряжается.&lt;/p&gt;\r\n&lt;p&gt;\r\n	Датчики движения практически ни в чём не уступают аналогам на более дорогих моделях. Пылесос умеет распознавать препятствия и перепады высоты. &amp;nbsp;Выезд за пределы комнаты или уборку в нежелательном пространстве предотвратит ограничитель «виртуальная стена».&lt;/p&gt;\r\n&lt;p&gt;\r\n	Имеет &lt;strong&gt;Clatronic BSR 1283 &lt;/strong&gt;и то, чего нет у дорогих роботов-пылесосов. Он может не только пылесосить полы, но и протирать их салфеткой. Соответствующий режим выставляется при задании программы уборки.&lt;/p&gt;\r\n&lt;h2&gt;\r\n	&lt;strong&gt;Комплектация робота-пылесоса &lt;/strong&gt;&lt;strong&gt;Clatronic BSR 1283&lt;/strong&gt;:&lt;/h2&gt;\r\n&lt;ul&gt;\r\n	&lt;li&gt;\r\n		Робот-пылесос &lt;strong&gt;Clatronic BSR 1283&lt;/strong&gt; – 1шт&lt;strong&gt;.&lt;/strong&gt;&lt;/li&gt;\r\n	&lt;li&gt;\r\n		Аккумуляторная батарея 2000 мА/ч - 1шт.&lt;/li&gt;\r\n	&lt;li&gt;\r\n		Базовая станция – 1шт.&lt;/li&gt;\r\n	&lt;li&gt;\r\n		Зарядное устройство – 1шт.&lt;/li&gt;\r\n	&lt;li&gt;\r\n		Ограничитель «виртуальная стена» - 1шт.&lt;/li&gt;\r\n	&lt;li&gt;\r\n		Инструкция – 1шт.&lt;/li&gt;\r\n	&lt;li&gt;\r\n		Гарантийный талон – 1шт.&lt;/li&gt;\r\n&lt;/ul&gt;\r\n&lt;h2&gt;\r\n	&lt;strong&gt;Достоинства&amp;nbsp;робота-пылесоса &lt;/strong&gt;&lt;strong&gt;Clatronic BSR 1283&lt;/strong&gt;:&lt;/h2&gt;\r\n&lt;ul&gt;\r\n	&lt;li&gt;\r\n		Маленькие габариты корпуса&lt;/li&gt;\r\n	&lt;li&gt;\r\n		Качественная уборка при низкой цене&lt;/li&gt;\r\n	&lt;li&gt;\r\n		Простота управления&lt;/li&gt;\r\n	&lt;li&gt;\r\n		Наличие ограничителя движения&lt;/li&gt;\r\n	&lt;li&gt;\r\n		Инфракрасные индикаторы препятствий&lt;/li&gt;\r\n	&lt;li&gt;\r\n		2 режима уборки: щёткой и салфеткой&lt;/li&gt;\r\n	&lt;li&gt;\r\n		Автоматический возврат на базу&lt;/li&gt;\r\n&lt;/ul&gt;\r\n&lt;p&gt;\r\n	&amp;nbsp;&lt;/p&gt;\r\n&lt;ul&gt;\r\n&lt;/ul&gt;\r\n', 'Ультратонкий робот-пылесос Clatronic BSR 1283 заберётся туда, куда не способны пролезть его конкуренты!', 'Clatronic BSR 1283, clatronic', 'Купить робот-пылесос  Clatronic BSR 1283', 'Робот-пылесос  Clatronic BSR 1283', ''),
(79, 1, 'Робот пылесос Roomy Silver Dog', '&lt;p&gt;\r\n	Робот пылесос &lt;strong&gt;Roomy &lt;/strong&gt;&lt;strong&gt;Silver &lt;/strong&gt;&lt;strong&gt;Dog&lt;/strong&gt; имеет принципиальные отличия от подобных устройств.&lt;/p&gt;\r\n&lt;p&gt;\r\n	Его главная функция – уборка шерсти и ворса животных. Для достижения идеального результата применяется особая спиралевидная щётка с жёсткими щетинками, на которую не наматывается шерсть. Благодаря этому её очистка проходит намного быстрее, чем очистка традиционных щёток. Другим её плюсом является большая площадь захвата, значительно ускоряющая процесс уборки.&lt;/p&gt;\r\n&lt;p&gt;\r\n	Пылесос не только вычищает грязь, но и&amp;nbsp; убивает бактерии, паразитов, блох и клещей, которые занесла в дом собака или кот. Даже попавшие в ковёр вредители будут уничтожены ультрафиолетовой лампой, расположенной на дне корпуса. Завершает процесс уборки антистатическая салфетка, собирающая мельчайшие частицы грязи и паразитов.&lt;/p&gt;\r\n&lt;p&gt;\r\n	На выходе пылесоса стоит трехступенчатая система очистки, которая возвращает в комнату идеально чистый воздух.&lt;/p&gt;\r\n&lt;p&gt;\r\n	Для длительной автономной работы Silver Dog&amp;nbsp;оснащён пылесборником повышенного объёма 1 л! &amp;nbsp;Такая ёмкость позволяет ему собирать не только большое количество мелкой пыли, но и длинную шерсть животных.&lt;/p&gt;\r\n&lt;p&gt;\r\n	Робот прекрасно справляется с очисткой любой поверхности, будь то гладкий пол или ковёр с длинным ворсом. Индикатор загрязнения определяет необходимое время уборки участка.&lt;/p&gt;\r\n&lt;p&gt;\r\n	RobZone Roomy Silver Dog имеет целых 7 программ немедленной уборки и возможность установки графика на неделю вперёд. 3 автоматических режима, различающиеся временем работы, предназначены для очистки помещений маленькой, средней и большой площадей.&amp;nbsp; 2 точечные программы имеют разный алгоритм движения пылесоса. Дополняют функционал уборка периметра комнаты и полная очистка помещения, при которой после подзарядки робот продолжает работу.&lt;/p&gt;\r\n&lt;h2&gt;\r\n	&lt;strong&gt;Комплектация робота пылесоса &lt;/strong&gt;&lt;strong&gt;Roomy &lt;/strong&gt;&lt;strong&gt;Silver &lt;/strong&gt;&lt;strong&gt;Dog:&lt;/strong&gt;&lt;/h2&gt;\r\n&lt;ul&gt;\r\n	&lt;li&gt;\r\n		Робот пылесос&amp;nbsp; &amp;nbsp;– 1шт.&lt;/li&gt;\r\n	&lt;li&gt;\r\n		Аккумуляторная батарея - 1шт.&lt;/li&gt;\r\n	&lt;li&gt;\r\n		Базовая станция – 1шт.&lt;/li&gt;\r\n	&lt;li&gt;\r\n		Адаптер питания для базы – 1шт.&lt;/li&gt;\r\n	&lt;li&gt;\r\n		Пульт ДУ – 1шт.&lt;/li&gt;\r\n	&lt;li&gt;\r\n		Спиралевидная щётка – 1шт.&lt;/li&gt;\r\n	&lt;li&gt;\r\n		Боковые щётки – 2шт.&lt;/li&gt;\r\n	&lt;li&gt;\r\n		Очистная щёточка – 1шт.&lt;/li&gt;\r\n	&lt;li&gt;\r\n		Фильтр – 1шт.&lt;/li&gt;\r\n	&lt;li&gt;\r\n		Инструкция – 1шт.&lt;/li&gt;\r\n	&lt;li&gt;\r\n		Гарантийный талон – 1шт.&lt;/li&gt;\r\n&lt;/ul&gt;\r\n&lt;h2&gt;\r\n	&lt;strong&gt;Достоинства &lt;/strong&gt;&lt;strong&gt;Roomy &lt;/strong&gt;&lt;strong&gt;Silver &lt;/strong&gt;&lt;strong&gt;Dog:&lt;/strong&gt;&lt;/h2&gt;\r\n&lt;ul&gt;\r\n	&lt;li&gt;\r\n		Множество режимов уборки&lt;/li&gt;\r\n	&lt;li&gt;\r\n		Программирование графика на неделю вперёд&lt;/li&gt;\r\n	&lt;li&gt;\r\n		Автоматический возврат на базу&lt;/li&gt;\r\n	&lt;li&gt;\r\n		УФ обработка пола&lt;/li&gt;\r\n	&lt;li&gt;\r\n		Спиралевидная щётка для лучшей уборки шерсти&lt;/li&gt;\r\n	&lt;li&gt;\r\n		Большой пылесборник&lt;/li&gt;\r\n	&lt;li&gt;\r\n		Трёхступенчатая очистка воздуха&lt;/li&gt;\r\n	&lt;li&gt;\r\n		Большой ЖК-дисплей&lt;/li&gt;\r\n&lt;/ul&gt;\r\n&lt;ul&gt;\r\n&lt;/ul&gt;\r\n', 'Пылесос австрийского производителя Roomy Silver Dog создан для уборки шерсти за домашними животными. Чистоту обеспечивает не только мощная щётка, но ультрафиолетовая лампа, убивающая все микроорганизмы.', 'roomy silver dog, roomy silver dog отзывы', 'Купить робот пылесос Roomy Silver Dog', 'Робот пылесос Roomy Silver Dog', '');
INSERT INTO `product_description` (`product_id`, `language_id`, `name`, `description`, `meta_description`, `meta_keyword`, `seo_title`, `seo_h1`, `meta_title`) VALUES
(93, 1, 'Робот пылесос Samsung Navibot SR8855', '&lt;p&gt;\r\n	В&amp;nbsp;&lt;strong&gt;Samsung SR8855&lt;/strong&gt; корейцы сделали ставку на собственную систему ориентирования в пространстве Visionary Mapping. Как и многие другие пылесосы последнего поколения, устройство от Samsung определяет свои координаты относительно потолка комнаты.&lt;/p&gt;\r\n&lt;p&gt;\r\n	Для решения этой задачи в корпус встроена высокоскоростная камера, делающая до 30 кадров в секунду. Для быстрой обработки такого потока информации робот пылесос&amp;nbsp;использует сразу 2 процессора, которые строят карту помещения и отслеживают перемещение.&lt;/p&gt;\r\n&lt;p&gt;\r\n	По корпусу робота размещены 37 датчиков, определяющих расстояние до препятствия и перепады высоты. Даже если и произойдёт столкновение с мебелью, урон она не получит из-за прорезиненного бампера пылесоса.&lt;/p&gt;\r\n&lt;p&gt;\r\n	Движение &lt;strong&gt;Samsung&amp;nbsp;SR8855&lt;/strong&gt; координируется устройством «виртуальная стена», работающим в режиме луча, создающим барьер, или в режиме маяка, при котором робот может покинуть комнату только после завершения уборки.&lt;/p&gt;\r\n&lt;p&gt;\r\n	Основной чистящий механизм – мощная турбощётка. В помощь ей по бокам разместили вращающиеся боковые щётки, собирающие поверхностную грязь по бокам и заметающие её к всасывающему отверстию. В комплекте идёт также щётка для уборки за животными, которая устанавливается вместо турбощётки.&lt;/p&gt;\r\n&lt;p&gt;\r\n	Система очистки воздуха состоит из грубого фильтра и фильтра тонкой очистки HEPA, поэтому данное устройство подходит аллергикам. Пылесборник после 2-3 уборок легко вынимается и промывается водой.&lt;/p&gt;\r\n&lt;p&gt;\r\n	Режимы уборки &lt;b&gt;Samsung&lt;/b&gt;&amp;nbsp;&lt;strong&gt;SR8855&lt;/strong&gt; в целом классические (автоматический, до разрядки, точечный, ручной), но имеется особая программа Edge для уборки в углах.&lt;/p&gt;\r\n&lt;h2&gt;\r\n	&lt;strong&gt;Комплектация робота пылесоса Navibot SR8855:&lt;/strong&gt;&lt;/h2&gt;\r\n&lt;ul&gt;\r\n	&lt;li&gt;\r\n		Робот пылесос &lt;strong&gt;Navibot SR8855&lt;/strong&gt;– 1шт.&lt;/li&gt;\r\n	&lt;li&gt;\r\n		Ni-MH аккумулятор – 1шт.&lt;/li&gt;\r\n	&lt;li&gt;\r\n		Базовая станция – 1шт.&lt;/li&gt;\r\n	&lt;li&gt;\r\n		Пульт ДУ -1шт.&lt;/li&gt;\r\n	&lt;li&gt;\r\n		Держатель для пульта – 1шт.&lt;/li&gt;\r\n	&lt;li&gt;\r\n		Ограничитель движения «виртуальная стена» - 2шт.&lt;/li&gt;\r\n	&lt;li&gt;\r\n		Запасная боковая щётка – 2шт.&lt;/li&gt;\r\n	&lt;li&gt;\r\n		Запасная турбощётка – 1шт.&lt;/li&gt;\r\n	&lt;li&gt;\r\n		Запасной HEPA-фильтр&lt;/li&gt;\r\n	&lt;li&gt;\r\n		Щётка для уборки шерсти – 1шт.&lt;/li&gt;\r\n	&lt;li&gt;\r\n		Устройство для ухода за щётками – 1шт.&lt;/li&gt;\r\n	&lt;li&gt;\r\n		Инструкция – 1шт.&lt;/li&gt;\r\n	&lt;li&gt;\r\n		Гарантийный талон – 1шт.&lt;/li&gt;\r\n&lt;/ul&gt;\r\n&lt;h2&gt;\r\n	&lt;strong&gt;Достоинства робота пылесоса Samsung SR 8855:&lt;/strong&gt;&lt;/h2&gt;\r\n&lt;ul&gt;\r\n	&lt;li&gt;\r\n		Продвинутая система навигации&lt;/li&gt;\r\n	&lt;li&gt;\r\n		2 мощных процессора для обработки информации&lt;/li&gt;\r\n	&lt;li&gt;\r\n		Щётка для уборки шерсти&lt;/li&gt;\r\n	&lt;li&gt;\r\n		Ограничители движения с 2 режимами работы&lt;/li&gt;\r\n	&lt;li&gt;\r\n		HEPA-фильтр&lt;/li&gt;\r\n	&lt;li&gt;\r\n		Большой дисплей&lt;/li&gt;\r\n&lt;/ul&gt;\r\n&lt;p&gt;\r\n	Робот пылесос Samsung Navibot SR 8855 часто ищут как: Samsung Navibot, Samsung SR 8855.&lt;/p&gt;\r\n&lt;ul&gt;\r\n&lt;/ul&gt;\r\n', 'Выполненный в стильном синем корпусе Navibot SR8855 имеет интеллектуальную систему ориентирования в пространстве, щётку для уборки шерсти и координаторы движения, работающие в нескольких режимах.', 'samsung sr 8855, купить робот пылесос samsung navibot, samsung navibot sr8855, видео робот пылесос samsung navibot ', 'Купить робот пылесос Samsung SR8855', 'Робот пылесос Samsung Navibot SR8855', ''),
(80, 1, 'Робот пылесос Robzone Roomy Gold', '&lt;p&gt;\r\n	Самая старшая модель австрийской компании &lt;strong&gt;RobZone&lt;/strong&gt; разительно отличается от конкурентов. Тщательная 5-ступенчатая система фильтрации, ультрафиолетовая обработка пола и широкая щётка для чистки ворса делают качество уборки поистине великолепным.&lt;/p&gt;\r\n&lt;p&gt;\r\n	В отличие от щетинистых прямых щёток других пылесосов, чистящие волокна на основной щётке &lt;strong&gt;Robzone&amp;nbsp;Roomy Gold&lt;/strong&gt; расположены по спирали, что позволяет не только эффективно вычищать ворс и шерсть животных даже из ковров, но и значительно облегчает процесс чистки щётки. Весь мусор попадает в огромный контейнер объёмом 1л.&lt;/p&gt;\r\n&lt;p&gt;\r\n	Для уборки гладких деликатных поверхностей в комплекте идёт салфетка из микрофибры, которая удаляет микрочастицы пыли.&lt;/p&gt;\r\n&lt;p&gt;\r\n	Визитной карточкой компании &lt;strong&gt;RobZone&lt;/strong&gt; стала УФ лампа на днище пылесоса. С её помощью механическая уборка мусора дополняется уничтожением микроскопических паразитов и насекомых, живущих в волокнах ковров. Особенно актуальна данная функция для владельцев собак, ведь их любимцы приносят с прогулки клещей и блох, которые затем остаются на полу.&lt;/p&gt;\r\n&lt;p&gt;\r\n	Для того чтобы выходящий из циклона воздух был абсолютно чист, применяет 5-ти ступенчатая фильтрация, составной частью которой является угольный фильтр с напылением наночастиц серебра.&lt;/p&gt;\r\n&lt;p&gt;\r\n	Ориентироваться в комнате роботу помогают инфракрасные датчики, но даже если произойдет столкновение с мебелью, она не пострадает, ведь бампер &lt;strong&gt;Roomy &lt;/strong&gt;&lt;strong&gt;Gold&lt;/strong&gt; выполнен из мягкого силикона. Скоординировать движение пылесоса можно устройством «виртуальная стена», создающим невидимый барьер.&lt;/p&gt;\r\n&lt;p&gt;\r\n	Владелец робота может выбрать одну из 7 программ в зависимости от размера комнаты и характера загрязнения. Устроить уборку в отсутствие хозяев позволяет режим программирования графика на 7 дней вперёд.&lt;/p&gt;\r\n&lt;p&gt;\r\n	Дополняет общую картину большой ЖК-дисплей и пульт ДУ, управлять с которого &lt;strong&gt;Roomy &lt;/strong&gt;&lt;strong&gt;Gold &lt;/strong&gt;способен даже ребёнок.&lt;/p&gt;\r\n&lt;h2&gt;\r\n	&lt;strong&gt;Комплектация пылесоса &lt;/strong&gt;&lt;strong&gt;RobZone &lt;/strong&gt;&lt;strong&gt;Roomy &lt;/strong&gt;&lt;strong&gt;Gold:&lt;/strong&gt;&lt;/h2&gt;\r\n&lt;ul&gt;\r\n	&lt;li&gt;\r\n		Робот-пылесос&amp;nbsp; &lt;strong&gt;RobZone Roomy Gold &lt;/strong&gt;– 1шт.&lt;/li&gt;\r\n	&lt;li&gt;\r\n		Аккумуляторная батарея - 1шт.&lt;/li&gt;\r\n	&lt;li&gt;\r\n		Базовая станция – 1шт.&lt;/li&gt;\r\n	&lt;li&gt;\r\n		Адаптер питания для базы – 1шт.&lt;/li&gt;\r\n	&lt;li&gt;\r\n		Пульт ДУ – 1шт.&lt;/li&gt;\r\n	&lt;li&gt;\r\n		Спиралевидная щётка – 1шт.&lt;/li&gt;\r\n	&lt;li&gt;\r\n		Боковые щётки – 2шт.&lt;/li&gt;\r\n	&lt;li&gt;\r\n		Очистная щётка – 1шт.&lt;/li&gt;\r\n	&lt;li&gt;\r\n		Угольный фильтр – 1шт.&lt;/li&gt;\r\n	&lt;li&gt;\r\n		Чистящая салфетка из микрофибры – 1шт.&lt;/li&gt;\r\n	&lt;li&gt;\r\n		Ограничитель «виртуальная стена» - 2шт.&lt;/li&gt;\r\n	&lt;li&gt;\r\n		Инструкция – 1шт.&lt;/li&gt;\r\n	&lt;li&gt;\r\n		Гарантийный талон – 1шт.&lt;/li&gt;\r\n&lt;/ul&gt;\r\n&lt;h2&gt;\r\n	&lt;strong&gt;Достоинства робота-пылесоса &lt;/strong&gt;&lt;strong&gt;RobZone &lt;/strong&gt;&lt;strong&gt;Roomy &lt;/strong&gt;&lt;strong&gt;Gold:&lt;/strong&gt;&lt;/h2&gt;\r\n&lt;ul&gt;\r\n	&lt;li&gt;\r\n		Обработка пола УФ лампой&lt;/li&gt;\r\n	&lt;li&gt;\r\n		Угольный фильтр с антибактериальным эффектом&lt;/li&gt;\r\n	&lt;li&gt;\r\n		Универсальная щётка для любых покрытий&lt;/li&gt;\r\n	&lt;li&gt;\r\n		Салфетка из микрофибры для удаления мельчайшей пыли с гладких полов&lt;/li&gt;\r\n	&lt;li&gt;\r\n		Индикатор загрязнения&lt;/li&gt;\r\n	&lt;li&gt;\r\n		7 программ уборки&lt;/li&gt;\r\n	&lt;li&gt;\r\n		Задаваемый график уборки&lt;/li&gt;\r\n	&lt;li&gt;\r\n		Богатая комплектация&lt;/li&gt;\r\n	&lt;li&gt;\r\n		Мусоросборник повышенной ёмкости&lt;/li&gt;\r\n&lt;/ul&gt;\r\n&lt;ul&gt;\r\n&lt;/ul&gt;\r\n&lt;ul&gt;\r\n&lt;/ul&gt;\r\n', 'RobZone Roomy Gold – робот-пылесос, обеспечивающий премиальное качество уборки любых поверхностей и идеальную очистку воздуха.  От «золотого» пылесоса не спасутся ни пыль, ни микробы, ни клещи.', 'roomy gold, roomy gold отзывы, RobZone Roomy', 'Купить робот пылесос Robzone Roomy Gold', 'Робот пылесос Robzone Roomy Gold', ''),
(86, 1, 'Робот пылесос Neato Robotics XV-11', '&lt;p&gt;\r\n	Первое, на что покупатель обращает внимание при взгляде на &lt;strong&gt;Neato Robotics XV-11&lt;/strong&gt; – необычный форм-фактор устройства. В отличие от большинства роботов-пылесосов, он не круглый, а имеет прямую переднюю часть. Такая форма значительно увеличивает эффективность уборки в углах и у стен, что позволило отказаться от традиционных боковых щёток.&lt;/p&gt;\r\n&lt;p&gt;\r\n	Уникальна система ориентирования робота. Вместо инфракрасных сигналов тут используется лазерная навигация. Перед началом уборки создаётся карта помещения, а микропроцессор просчитывает оптимальный маршрут движения. Комплексный анализ всего помещения сокращает время уборки и исключает столкновения с предметами.&lt;/p&gt;\r\n&lt;p&gt;\r\n	Запретные зоны для робота создаются магнитными лентами, устанавливаемыми на пол. В комплекте идёт 4 метра ленты, которая легко режется ножницами на части.&lt;/p&gt;\r\n&lt;p&gt;\r\n	Качество уборки находится на высшем уровне, причём одинаково хорошие результаты показывает устройство как на ламинате и линолеуме, так и на коврах. &lt;strong&gt;Neato Robotics XV-11&lt;/strong&gt; обладает всасывающим модулем повышенной мощности, полностью втягивающим в контейнер вычищенный щёткой мусор.&lt;/p&gt;\r\n&lt;p&gt;\r\n	Хотелось бы отметить хорошую эргономичность устройства. Пылесборник тут вытаскивается на редкость легко, исключая возможность попадания мусора на пол. Удобен и ЖК-дисплей, в котором задаётся график уборки. На каждый день выставляется своё время начала работы.&lt;/p&gt;\r\n&lt;p&gt;\r\n	Производитель постоянно работает над усовершенствованием программной части &lt;strong&gt;Neato Robotics XV-11, &lt;/strong&gt;периодически выпуская новые версии прошивки, которые можно скачать с официального сайта и самостоятельно загрузить в устройство.&lt;/p&gt;\r\n&lt;h2&gt;\r\n	&lt;strong&gt;Комплектация робота-пылесоса Neato Robotics XV-11:&lt;/strong&gt;&lt;/h2&gt;\r\n&lt;ul&gt;\r\n	&lt;li&gt;\r\n		Робот-пылесос &lt;strong&gt;Neato Robotics XV-11&lt;/strong&gt; – 1шт.&lt;/li&gt;\r\n	&lt;li&gt;\r\n		Базовая станция – 1шт.&lt;/li&gt;\r\n	&lt;li&gt;\r\n		4-метровая магнитная лента– 1 шт.&lt;/li&gt;\r\n	&lt;li&gt;\r\n		Дополнительный фильтр – 1шт.&lt;/li&gt;\r\n	&lt;li&gt;\r\n		Инструкция – 1шт.&lt;/li&gt;\r\n	&lt;li&gt;\r\n		Руководство быстрого старта -1 шт.&lt;/li&gt;\r\n	&lt;li&gt;\r\n		Гарантийный талон – 1шт.&lt;/li&gt;\r\n&lt;/ul&gt;\r\n&lt;h2&gt;\r\n	&lt;strong&gt;Достоинства робота-пылесоса Neato Robotics XV-11:&lt;/strong&gt;&lt;/h2&gt;\r\n&lt;ul&gt;\r\n	&lt;li&gt;\r\n		Лазерная система навигации&lt;/li&gt;\r\n	&lt;li&gt;\r\n		Большой и удобный в использовании контейнер&lt;/li&gt;\r\n	&lt;li&gt;\r\n		Удобная система программирования графика&lt;/li&gt;\r\n	&lt;li&gt;\r\n		Маленькая высота корпуса&lt;/li&gt;\r\n	&lt;li&gt;\r\n		Прямая передняя часть для уборки стен и углов&lt;/li&gt;\r\n	&lt;li&gt;\r\n		Мощный всасывающий модуль&lt;/li&gt;\r\n	&lt;li&gt;\r\n		Обновляемая прошивка&lt;/li&gt;\r\n&lt;/ul&gt;\r\n&lt;ul&gt;\r\n&lt;/ul&gt;\r\n&lt;ul&gt;\r\n&lt;/ul&gt;\r\n&lt;p&gt;\r\n	&amp;nbsp;&lt;/p&gt;\r\n&lt;ul&gt;\r\n&lt;/ul&gt;\r\n', 'Разработанный в США робот-пылесос Neato Robotics XV-11 оснащён мощнейшим процессором и системой лазерной навигации, создающей в памяти устройства полную карту помещения. ', 'neato robotics xv 11, xv 11, робот пылесос neato xv 11, neato robotics xv 11 отзывы 		', 'Купить робот-пылесос Neato Robotics XV-11', 'Робот пылесос Neato Robotics XV-11', ''),
(87, 1, 'Робот пылесос Neato Robotics XV-21', '&lt;p&gt;\r\n	&lt;strong&gt;Neato &lt;/strong&gt;&lt;strong&gt;Robotics &lt;/strong&gt;&lt;strong&gt;XV-21 &lt;/strong&gt;является продолжателем традиций предыдущей модели XV-11. В этом пылесосе производитель сделал упор на качестве уборки, установив новый всасывающий модуль и фильтр, который задерживает в 3 раза больше мелкой пыли.&lt;/p&gt;\r\n&lt;p&gt;\r\n	Благодаря качественному прорыву это устройство можно смело рекомендовать людям, страдающим на аллергию на пыль или имеющих в доме животных. Изменённая форма чистящей щётки способна собирать шерсть длинношерстных собак, не забиваясь ею.&lt;/p&gt;\r\n&lt;p&gt;\r\n	Переработанный чистящий механизм значительно расширил сферу применения &lt;strong&gt;Robotics &lt;/strong&gt;&lt;strong&gt;XV-21&lt;/strong&gt;, дав возможность ему качественно убирать не только гладкие полы и мелковорсистые ковры, но и ковролин с крупным ворсом.&lt;/p&gt;\r\n&lt;p&gt;\r\n	В отличие от моделей других производителей, это устройство лишено боковых щёток, так как полукруглая форма с установленной в прямой части щёткой позволяет превосходно очищать пространство в углах и возле стен. Удобнее такая форма и для уборки пола под мебелью, чему способствует небольшая высота робота.&lt;/p&gt;\r\n&lt;p&gt;\r\n	Не стоит забывать и о лазерной системе навигации, которая ещё перед уборкой загружает в микропроцессор карту помещения. Такая система значительно превосходит ИК-датчики движения большинства моделей, предлагаемых в среднем ценовом сегменте. Чтобы определить препятствие, &lt;strong&gt;Neato &lt;/strong&gt;&lt;strong&gt;Robotics &lt;/strong&gt;&lt;strong&gt;XV-21 &lt;/strong&gt;не обязательно вплотную приближаться к нему.&lt;/p&gt;\r\n&lt;p&gt;\r\n	Если в комнате есть место, куда заезд пылесоса нежелателен, то достаточно закрепить на полу кусок магнитной ленты, идущей в комплекте.&lt;/p&gt;\r\n&lt;p&gt;\r\n	Интересно, что повышенная сила всасывания и новые щётки не привели к повышению уровня шума.&lt;/p&gt;\r\n&lt;p&gt;\r\n	В устройстве сохранены и остальные преимущества XV-11: эргономика, программируемый по дням график уборки и возможность обновления программного обеспечения с сайта производителя. Для связи с компьютером применяется кабель USB.&lt;/p&gt;\r\n&lt;h2&gt;\r\n	&lt;strong&gt;Комплектация пылесоса Neato Robotics XV-21:&lt;/strong&gt;&lt;/h2&gt;\r\n&lt;ul&gt;\r\n	&lt;li&gt;\r\n		Робот-пылесос &lt;strong&gt;Neato Robotics XV-21&lt;/strong&gt; – 1шт.&lt;/li&gt;\r\n	&lt;li&gt;\r\n		Базовая станция – 1шт.&lt;/li&gt;\r\n	&lt;li&gt;\r\n		4-метровая магнитная лента– 1 шт.&lt;/li&gt;\r\n	&lt;li&gt;\r\n		Дополнительный фильтр – 1шт.&lt;/li&gt;\r\n	&lt;li&gt;\r\n		Стандартная щётка -1шт.&lt;/li&gt;\r\n	&lt;li&gt;\r\n		Щётка для уборки за животными – 1шт.&lt;/li&gt;\r\n	&lt;li&gt;\r\n		Инструкция – 1шт.&lt;/li&gt;\r\n	&lt;li&gt;\r\n		Руководство быстрого старта -1 шт.&lt;/li&gt;\r\n	&lt;li&gt;\r\n		Гарантийный талон – 1шт.&lt;/li&gt;\r\n&lt;/ul&gt;\r\n&lt;h2&gt;\r\n	&lt;strong&gt;Достоинства робота-пылесоса Neato Robotics XV-21:&lt;/strong&gt;&lt;/h2&gt;\r\n&lt;ul&gt;\r\n	&lt;li&gt;\r\n		Улучшенная щётка для сбора шерсти и волос&lt;/li&gt;\r\n	&lt;li&gt;\r\n		Мощная система всасывания&lt;/li&gt;\r\n	&lt;li&gt;\r\n		Фильтр для очистки мелкой пыли&lt;/li&gt;\r\n	&lt;li&gt;\r\n		Лазерная навигация, создающая карту помещения&lt;/li&gt;\r\n	&lt;li&gt;\r\n		Полукруглая форма для лучшей уборки в углах и возле стен&lt;/li&gt;\r\n	&lt;li&gt;\r\n		Программирование графика уборки по дням&lt;/li&gt;\r\n	&lt;li&gt;\r\n		Низкая высота&lt;/li&gt;\r\n	&lt;li&gt;\r\n		Удобный контейнер&lt;/li&gt;\r\n	&lt;li&gt;\r\n		Постоянно обновляемая производителем прошивка&lt;/li&gt;\r\n&lt;/ul&gt;\r\n&lt;ul&gt;\r\n&lt;/ul&gt;\r\n&lt;ul&gt;\r\n&lt;/ul&gt;\r\n&lt;ul&gt;\r\n&lt;/ul&gt;\r\n&lt;p&gt;\r\n	&amp;nbsp;&lt;/p&gt;\r\n&lt;ul&gt;\r\n&lt;/ul&gt;\r\n', 'Робот-пылесос Neato Robotics XV-21 – находка для аллергиков и владельцев домашних животных. Благодаря улучшенной системе фильтрации теперь ещё меньше микроскопической пыли остаётся на полу.', 'neato robotics xv 21, xv 21, робот пылесос neato xv 21, neato robotics xv 21 отзывы 		', 'Купить робот-пылесос Neato Robotics XV-21', 'Робот пылесос Neato Robotics XV-21', ''),
(95, 1, 'Робот пылесос Clever&amp;Clean М-001', '&lt;p&gt;\r\n	Владельцы квартир относятся к покупке робота-пылесоса неоднозначно. С одной стороны, им хотелось бы переложить все заботы по уборке полов на умное устройство, но с другой – большинство роботов рассчитаны на уборку помещения большой площади. Компания &lt;strong&gt;Clever&amp;amp;Clean&lt;/strong&gt; предлагает оптимальный вариант – компактный робот &lt;strong&gt;М-001&lt;/strong&gt;, разработанный специально для малогабаритного жилья.&lt;/p&gt;\r\n&lt;p&gt;\r\n	Уменьшение размера произошло за счёт установки небольшого пылесборника и батареи малой мощности. &lt;strong&gt;Clever&amp;amp;Clean М-001&lt;/strong&gt; на 1 заряде работает меньше, но разница не критическая, ведь вес также сведен к минимуму.&lt;/p&gt;\r\n&lt;p&gt;\r\n	Несмотря на небольшие габариты, пылесос достаточно неплохо справляется с загрязнением любых поверхностей, кроме ковров с большим ворсом. Компоновка чистящей системы классическая: турбощётка и 2 боковые щётки. Мощность всасывания ниже, но при ежедневной уборке её вполне хватает.&lt;/p&gt;\r\n&lt;p&gt;\r\n	Робот-пылесос может не только пылесосить, но и протирать полы влажной тряпкой, для чего устанавливается моющая панель. Полноценной влажной уборки не выйдет, но освежить ламинат или линолеум получится.&lt;/p&gt;\r\n&lt;p&gt;\r\n	Как и другие роботизированные пылесосы, &lt;strong&gt;Clever&amp;amp;Clean М-001&lt;/strong&gt; имеет по всему корпусу датчики, которые помогают предотвращать столкновения с препятствиями и падение с высоты. Встретив на своём пути предмет, устройство развернётся и направится в другую сторону.&lt;/p&gt;\r\n&lt;p&gt;\r\n	Подзаряжается робот вручную от зарядного устройства, напольная база и автоматический возврат для восполнения энергии не предусмотрены.&lt;/p&gt;\r\n&lt;h2&gt;\r\n	&lt;strong&gt;Комплектация робота-пылесоса Clever&amp;amp;Clean М-001:&lt;/strong&gt;&lt;/h2&gt;\r\n&lt;ul&gt;\r\n	&lt;li&gt;\r\n		Робот-пылесос &lt;strong&gt;Clever&amp;amp;Clean &lt;/strong&gt;&lt;strong&gt;М&lt;/strong&gt;&lt;strong&gt;-001&lt;/strong&gt; &amp;nbsp;– 1шт.&lt;/li&gt;\r\n	&lt;li&gt;\r\n		Зарядное устройство – 1шт.&lt;/li&gt;\r\n	&lt;li&gt;\r\n		Модуль для мытья полов – 1шт.&lt;/li&gt;\r\n	&lt;li&gt;\r\n		Боковые щётки – 2шт.&lt;/li&gt;\r\n	&lt;li&gt;\r\n		Инструкция – 1шт.&lt;/li&gt;\r\n	&lt;li&gt;\r\n		Гарантийный талон – 1шт.&lt;/li&gt;\r\n&lt;/ul&gt;\r\n&lt;h2&gt;\r\n	&lt;strong&gt;Достоинства робота-пылесоса Clever&amp;amp;Clean М-001:&lt;/strong&gt;&lt;/h2&gt;\r\n&lt;ul&gt;\r\n	&lt;li&gt;\r\n		Компактные размеры&lt;/li&gt;\r\n	&lt;li&gt;\r\n		Крайне низкая цена&lt;/li&gt;\r\n	&lt;li&gt;\r\n		Функция протирания полов&lt;/li&gt;\r\n&lt;/ul&gt;\r\n', 'Компактный робот-пылесос Clever&amp;Clean М-001 создан для уборки небольших квартир. Стоимость модели не превышает стоимость классических пылесосов, при этом она имеет все функции полноразмерных роботов.', 'clever&amp;clean m-001, m-001, робот пылесос clever&amp;clean m-001', 'Купить робот-пылесос Clever&amp;Clean М-001', 'Робот пылесос Clever&amp;Clean М-001', ''),
(96, 1, 'Робот пылесос Clever&amp;Clean 112 (112А)', '&lt;p&gt;\r\n	В первую очередь хотелось бы отметить, что &lt;strong&gt;Clever&amp;amp;Clean 112&lt;/strong&gt; оснащён полным набором чистящих механизмов. Кроме щетинистой щётки, предназначенной для уборки шерсти и мелкого мусора, в днище робота встроена резиновая щётка, отвечающая за крупные частицы грязи. По бокам установлены боковые щётки, заметающие к всасывающему отверстию пыль возле пылесоса.&lt;/p&gt;\r\n&lt;p&gt;\r\n	Идеальную чистоту гладких полов достичь лишь за счёт использования ворсистых щёток невозможно, поэтому в &lt;strong&gt;Clever&amp;amp;Clean&lt;/strong&gt; можно установить моющий модуль на основе салфеток из микрофибры.&lt;/p&gt;\r\n&lt;p&gt;\r\n	Этот пылесос очищает пол не только от грязи, но и от бактерий, блох и клещей, которые могли быть принесены с шерстью домашних животных. Делает он это с помощью ультрафиолетовой лампы, обладающей обеззараживающим эффектом.&lt;/p&gt;\r\n&lt;p&gt;\r\n	Для ориентации в помещении &lt;strong&gt;Clever&amp;amp;Clean 112&lt;/strong&gt; использует систему инфракрасных датчиков, не дающую ему сталкиваться с мебелью и другими предметами. В комплекте идёт ограничитель движения, который создаёт невидимую глазу инфракрасную стену, за которую не может выйти пылесос.&lt;/p&gt;\r\n&lt;p&gt;\r\n	Режимов уборки несколько, переключать их можно с помощью пульта ДУ или кнопок на корпусе. Доступно также ручное дистанционное управление и программирование графика уборки на неделю вперёд.&lt;/p&gt;\r\n&lt;p&gt;\r\n	Отличия между моделями &lt;strong&gt;Clever&amp;amp;Clean&lt;/strong&gt; &lt;strong&gt;112&lt;/strong&gt; и &lt;strong&gt;112А&lt;/strong&gt; – только в дизайне и расположении функциональных кнопок. &lt;strong&gt;Clever&amp;amp;Clean 112&lt;/strong&gt; окрашен в белый цвет, посередине находится ЖК-дисплей и кнопки управления. Пульт ДУ круглый, с дублирующими кнопками и стрелками управления. &lt;strong&gt;112А&lt;/strong&gt; чёрный, дисплей перенесён с пылесоса на пульт.&lt;/p&gt;\r\n&lt;h2&gt;\r\n	&lt;strong&gt;Комплектация робота-пылесоса Clever&amp;amp;Clean&lt;/strong&gt; &lt;strong&gt;112&lt;/strong&gt; и &lt;strong&gt;112А:&lt;/strong&gt;&lt;/h2&gt;\r\n&lt;ul&gt;\r\n	&lt;li&gt;\r\n		Робот-пылесос &lt;strong&gt;Clever&amp;amp;Clean&lt;/strong&gt; &lt;strong&gt;112&lt;/strong&gt; или &lt;strong&gt;112А&lt;/strong&gt; – 1шт.&lt;/li&gt;\r\n	&lt;li&gt;\r\n		Базовая станция – 1шт.&lt;/li&gt;\r\n	&lt;li&gt;\r\n		Пульт ДУ – 1шт.&lt;/li&gt;\r\n	&lt;li&gt;\r\n		Зарядное устройство – 1шт.&lt;/li&gt;\r\n	&lt;li&gt;\r\n		Ограничитель движения – 1шт.&lt;/li&gt;\r\n	&lt;li&gt;\r\n		Дополнительные боковые щётки – 2шт.&lt;/li&gt;\r\n	&lt;li&gt;\r\n		Дополнительный фильтр – 1шт.&lt;/li&gt;\r\n	&lt;li&gt;\r\n		Салфетка из микрофибры – 2шт.&lt;/li&gt;\r\n	&lt;li&gt;\r\n		Инструкция – 1шт.&lt;/li&gt;\r\n	&lt;li&gt;\r\n		Гарантийный талон – 1шт.&lt;/li&gt;\r\n&lt;/ul&gt;\r\n&lt;h2&gt;\r\n	&lt;strong&gt;Достоинства робота-пылесоса Clever&amp;amp;Clean&lt;/strong&gt; &lt;strong&gt;112&lt;/strong&gt; и &lt;strong&gt;112А:&lt;/strong&gt;&lt;/h2&gt;\r\n&lt;ul&gt;\r\n	&lt;li&gt;\r\n		Низкая цена&lt;/li&gt;\r\n	&lt;li&gt;\r\n		Антибактериальная обработка пола&lt;/li&gt;\r\n	&lt;li&gt;\r\n		Моющий модуль&lt;/li&gt;\r\n	&lt;li&gt;\r\n		Ограничитель движения в комплекте&lt;/li&gt;\r\n	&lt;li&gt;\r\n		Дистанционное управление устройством&lt;/li&gt;\r\n	&lt;li&gt;\r\n		Небольшие габариты&lt;/li&gt;\r\n&lt;/ul&gt;\r\n&lt;ul&gt;\r\n&lt;/ul&gt;\r\n', 'Оснащённый на уровне последних моделей элитных брендов Clever&amp;Clean 112 и его модификация 112A позволяют забыть об уборке полов при минимальных финансовых затратах.', 'clever&amp;clean 112 (112А), 112, 112А, робот пылесос 112', 'Купить робот-пылесос Clever&amp;Clean 112 (112А)', 'Робот пылесос Clever&amp;Clean 112 (112А)', ''),
(97, 1, 'Робот пылесос L’Robot A320', '&lt;p&gt;\r\n	Несмотря на невысокую цену&lt;strong&gt;, L’Robot A320&lt;/strong&gt; обеспечивает первоклассный уровень уборки, причём касается это не только удаления пыли и крупного мусора, но и уничтожения болезнетворных микробов и клещей, очистки воздуха.&lt;/p&gt;\r\n&lt;p&gt;\r\n	Грязь эффективно выбивается даже из ковров благодаря основной турбощётке, в помощь которой приставлена вращающаяся боковая щётка. Весь мусор они направляют под всасывающий модуль, затягивающий её в контейнер.&lt;/p&gt;\r\n&lt;p&gt;\r\n	Паркет, ламинат, керамическая плитка и линолеум будут сиять, если использовать &lt;strong&gt;А320&lt;/strong&gt; в режиме полотёра. На днище робота крепится увлажнённая тряпочка, идущая в комплекте.&lt;/p&gt;\r\n&lt;p&gt;\r\n	Обработка пола ультрафиолетом больше не является прерогативой топовых моделей. Этот пылесос справится с этой работой ничуть не хуже их, уничтожив бактерии, аллергены и насекомых.&lt;/p&gt;\r\n&lt;p&gt;\r\n	О здоровье аллергиков заботится и выпускной фильтр тонкой очистки, задерживающий мельчайшие частицы пыли и пыльцы внутри контейнера. Дополнительно можно вставить картридж с ароматизатором воздуха.&lt;/p&gt;\r\n&lt;p&gt;\r\n	Современная система инфракрасных датчиков отвечает за навигацию &lt;strong&gt;L’Robot А320&lt;/strong&gt;, не давая ему произвести столкновение с мебелью и повредить её. Предотвращает она и падение со ступенек. С помощью устройства «виртуальная стена» можно закрыть доступ робота в нежелательную зону.&lt;/p&gt;\r\n&lt;p&gt;\r\n	Двигатель в роботе-пылесосе достаточно современный, отличающийся малым энергопотреблением и низким уровнем производимого шума.&lt;/p&gt;\r\n&lt;p&gt;\r\n	Владелец легко может запрограммировать робота на работу в определённом режиме с помощью ЖК-дисплея. На нём же во время уборки отображается сервисная информация или сигнал ошибки. Управление &lt;strong&gt;L’Robot А320&lt;/strong&gt; доступно также с пульта ДУ&lt;strong&gt;.&lt;/strong&gt;&lt;/p&gt;\r\n&lt;h2&gt;\r\n	&lt;strong&gt;Комплектация робота-пылесоса L’Robot А320:&lt;/strong&gt;&lt;/h2&gt;\r\n&lt;ul&gt;\r\n	&lt;li&gt;\r\n		Робот-пылесос &lt;strong&gt;L’Robot А320&lt;/strong&gt; – 1шт.&lt;/li&gt;\r\n	&lt;li&gt;\r\n		Базовая станция – 1шт.&lt;/li&gt;\r\n	&lt;li&gt;\r\n		Зарядное устройство – 1шт.&lt;/li&gt;\r\n	&lt;li&gt;\r\n		Пульт ДУ – 1шт.&lt;/li&gt;\r\n	&lt;li&gt;\r\n		Ограничитель «виртуальная стена» – 1шт.&lt;/li&gt;\r\n	&lt;li&gt;\r\n		Модуль с тряпкой для влажной уборки – 1шт.&lt;/li&gt;\r\n	&lt;li&gt;\r\n		Запасная тряпка – 1шт.&lt;/li&gt;\r\n	&lt;li&gt;\r\n		Запасной фильтр – 1шт.&lt;/li&gt;\r\n	&lt;li&gt;\r\n		Запасная боковая щётка – 1шт.&lt;/li&gt;\r\n	&lt;li&gt;\r\n		Инструкция – 1шт.&lt;/li&gt;\r\n	&lt;li&gt;\r\n		Гарантийный талон – 1шт.&lt;/li&gt;\r\n&lt;/ul&gt;\r\n&lt;h2&gt;\r\n	&lt;strong&gt;Достоинства робота-пылесоса L’Robot А320:&lt;/strong&gt;&lt;/h2&gt;\r\n&lt;ul&gt;\r\n	&lt;li&gt;\r\n		Доступная цена&lt;/li&gt;\r\n	&lt;li&gt;\r\n		Функция полировки полов&lt;/li&gt;\r\n	&lt;li&gt;\r\n		УФ-лампа&lt;/li&gt;\r\n	&lt;li&gt;\r\n		Фильтр тонкой очистки&lt;/li&gt;\r\n	&lt;li&gt;\r\n		Низкий уровень шума&lt;/li&gt;\r\n	&lt;li&gt;\r\n		Длительное время работы без подзарядки&lt;/li&gt;\r\n	&lt;li&gt;\r\n		Большой ЖК-дисплей&lt;/li&gt;\r\n	&lt;li&gt;\r\n		Ароматизатор воздуха&lt;/li&gt;\r\n	&lt;li&gt;\r\n		Несколько цветовых решений&lt;/li&gt;\r\n&lt;/ul&gt;\r\n&lt;ul&gt;\r\n&lt;/ul&gt;\r\n', '«Чистота – залог здоровья». Именно этой фразой можно охарактеризовать L’Robot A320 . В его арсенале уборка пыли, протирка полов влажной тряпкой, антибактериальная обработка и тонкая очистка воздуха. ', 'robot a320,  l robot a320, l robot a320 отзывы, робот пылесос l robot a320', 'Купить робот-пылесос L’Robot A320', 'Робот пылесос L’Robot A320', ''),
(98, 1, 'Робот пылесос iRobot Roomba 790', '&lt;p&gt;\r\n	Новейшая высокотехнологичная модель известного производителя роботов-пылесосов является самым совершенным подобным устройством в мире.&lt;/p&gt;\r\n&lt;p&gt;\r\n	В отличие от дешёвых «коллег»,&lt;strong&gt; iRobot Roomba 790&lt;/strong&gt; при уборке не просто следует заранее заданному маршруту, а действует интеллектуально, ежесекундно оценивая степень загрязнения поверхности под собой. Для распознавания грязного участка используется сразу 2 сенсора: оптический и акустический. При этом он не просто стоит на месте, ожидая, пока щётки сделают свою работу, а активно помогает им, совершая движения вперед и назад.&lt;/p&gt;\r\n&lt;p&gt;\r\n	Всего &lt;strong&gt;Roomba 790&lt;/strong&gt; имеет 40 моделей поведения, выбирает которые он самостоятельно, используя систему iAdapt. Умение приспосабливаться к расстановке мебели позволяет хозяевам ставить её так, как хочется им, а не как удобнее пылесосу. Если столкновения не избежать, робот сбросит скорость и слегка коснётся препятствия мягким бампером.&lt;/p&gt;\r\n&lt;p&gt;\r\n	Устройство щёток осталось неизменным, ведь оно обеспечивает уборку высочайшего класса. Две щётки: ворсистая и резиновая - заметают весь мусор, который затем всасывается в контейнер AeroVac2. Уборка углов и плинтусов поручена боковой щётке, целиком справляющейся со своими обязанностями. Следить за наполнением пылесборника не надо – он сам даст знать, когда его необходимо опустошить.&lt;/p&gt;\r\n&lt;p&gt;\r\n	Очистка попавшего в контейнер вместе с пылью воздуха проходит в несколько этапов. Стоит выделить, что на выходе стоит сразу 2 HEPA-фильтра, улавливающие любые частицы, в том числе и аллергены размером более 0.3 микрона.&lt;/p&gt;\r\n&lt;p&gt;\r\n	В комплекте идут координаторы движения последнего поколения, которые могут не только создавать инфракрасный барьер, но и задерживают &lt;strong&gt;Roomba 790 &lt;/strong&gt;в одной комнате, пока она не засияет чистотой.&lt;/p&gt;\r\n&lt;p&gt;\r\n	С использованием высоких технологий сделан даже пульт ДУ. В этой модели он представляет собой настоящий центр управления, с которого роботу можно давать команды из любой части дома, а не только в пределах прямой видимости.&lt;/p&gt;\r\n&lt;h2&gt;\r\n	&lt;strong&gt;Комплектация пылесоса Roomba 790:&lt;/strong&gt;&lt;/h2&gt;\r\n&lt;ul&gt;\r\n	&lt;li&gt;\r\n		Робот пылесос &lt;strong&gt;iRobot Roomba 790&lt;/strong&gt; – 1шт.&lt;/li&gt;\r\n	&lt;li&gt;\r\n		Виртуальный маячок с функциями VirtualWall и LightHouse – 3шт.&lt;/li&gt;\r\n	&lt;li&gt;\r\n		Зарядное устройство – 1шт.&lt;/li&gt;\r\n	&lt;li&gt;\r\n		База для автоматической подзарядки -1шт.&lt;/li&gt;\r\n	&lt;li&gt;\r\n		Контейнер-пылесборник AeroVac-2 – 1шт.&lt;/li&gt;\r\n	&lt;li&gt;\r\n		Запасные двойные HEPA-фильтры – 3шт.&lt;/li&gt;\r\n	&lt;li&gt;\r\n		Гребёнка для очистки щёток – 1шт.&lt;/li&gt;\r\n	&lt;li&gt;\r\n		Плоский нож-гребёнка – 1шт.&lt;/li&gt;\r\n	&lt;li&gt;\r\n		Запасные резиновые щётки – 2шт.&lt;/li&gt;\r\n	&lt;li&gt;\r\n		Запасные щетинистые щётки – 2шт.&lt;/li&gt;\r\n	&lt;li&gt;\r\n		Запасные боковые щётки – 3шт.&lt;/li&gt;\r\n	&lt;li&gt;\r\n		Пульт ДУ – 1шт.&lt;/li&gt;\r\n	&lt;li&gt;\r\n		Пластиковый чехол для аксессуаров – 1шт.&lt;/li&gt;\r\n	&lt;li&gt;\r\n		Инструкция – 1шт.&lt;/li&gt;\r\n	&lt;li&gt;\r\n		Гарантийный талон – 1шт.&lt;/li&gt;\r\n&lt;/ul&gt;\r\n&lt;h2&gt;\r\n	&lt;strong&gt;Достоинства робота пылесоса Roomba 790:&lt;/strong&gt;&lt;/h2&gt;\r\n&lt;ul&gt;\r\n	&lt;li&gt;\r\n		Высокое качество сборки&lt;/li&gt;\r\n	&lt;li&gt;\r\n		Богатая комплектация&lt;/li&gt;\r\n	&lt;li&gt;\r\n		Непревзойдённое качество уборки&lt;/li&gt;\r\n	&lt;li&gt;\r\n		Интеллектуальная система навигации iAdapt&lt;/li&gt;\r\n	&lt;li&gt;\r\n		Контейнер AeroVac2 с индикатором наполненности&lt;/li&gt;\r\n	&lt;li&gt;\r\n		Новая система энергопотребления&lt;/li&gt;\r\n	&lt;li&gt;\r\n		Оптический и акустический индикаторы грязи&lt;/li&gt;\r\n	&lt;li&gt;\r\n		Двойная фильтрация выходящего воздуха&lt;/li&gt;\r\n	&lt;li&gt;\r\n		3 координатора движения в комплекте&lt;/li&gt;\r\n	&lt;li&gt;\r\n		Инновационный пульт ДУ&lt;/li&gt;\r\n&lt;/ul&gt;\r\n', 'iRobot Roomba 790 на сегодня является вершиной эволюции роботизированных устройств. Главные изменения коснулись интеллектуальной начинки, чистоты окружающей среды и удобства пользователя.', 'roomba 790, irobot roomba 790, roomba 790 пылесос, roomba 790 отзывы, робот пылесос roomba 790, купить roomba 790, roomba 790 инструкция, irobot roomba 790 отзывы, пылесос irobot irobot roomba 790, купить irobot roomba 790', 'Купить робот пылесос Roomba 790', 'Робот пылесос iRobot Roomba 790', '');
INSERT INTO `product_description` (`product_id`, `language_id`, `name`, `description`, `meta_description`, `meta_keyword`, `seo_title`, `seo_h1`, `meta_title`) VALUES
(99, 1, 'Робот-пылесос RoboCleaner 788', '&lt;p&gt;\r\n	Стоимость пылесосов известных брендов достаточно высока, поэтому эти устройства по карману далеко не каждому. На помощь приходят китайские производители, которые берут за основу робот-пылесос прошлого модельного ряда, изменяют дизайн, добавляют второстепенные функции и ставят на свой товар низкие цены. Классическим примером такого подхода можно назвать &lt;strong&gt;RoboCleaner 788&lt;/strong&gt;.&lt;/p&gt;\r\n&lt;p&gt;\r\n	Как и донор, эта модель имеет основную цилиндрическую турбощётку, которая за счёт быстрого вращения щетинок выгребает мусор из ворсинок ковров и загребает его под себя, где он втягивается в контейнер. Уборка стен, плинтусов и ножек мебели осуществляет боковая щётка, находящаяся сбоку.&lt;/p&gt;\r\n&lt;p&gt;\r\n	Гладкие полы эффективнее чистятся не щёткой, а влажной салфеткой, которая устанавливается между колёсами &lt;strong&gt;RoboCleaner 788.&lt;/strong&gt;&lt;/p&gt;\r\n&lt;p&gt;\r\n	Дополнена механическая уборка была ультрафиолетовой лампой, которая обеззараживает поверхность, убивая микробов и микроскопических насекомых. Особенно полезна функция, когда в доме кто-то болен.&lt;/p&gt;\r\n&lt;p&gt;\r\n	Система навигации была несколько упрощена по сравнению с Roomba, но ИК-датчики по-прежнему хорошо определяют препятствия и объезжают их. Если же столкновение произошло, оно не принесёт особого вреда ни роботу, ни мебели из-за мягкого материала бампера.&lt;/p&gt;\r\n&lt;p&gt;\r\n	Управление &lt;strong&gt;RoboCleaner 788 &lt;/strong&gt;простое, команды на ЖК-дисплее на корпусе понятны даже детям. Доступно также дистанционное управление.&lt;/p&gt;\r\n&lt;h2&gt;\r\n	&lt;strong&gt;Комплектация робота-пылесоса RoboCleaner 788:&lt;/strong&gt;&lt;/h2&gt;\r\n&lt;ul&gt;\r\n	&lt;li&gt;\r\n		Робот-пылесос&amp;nbsp; &lt;strong&gt;RoboCleaner 788&lt;/strong&gt;– 1шт.&lt;/li&gt;\r\n	&lt;li&gt;\r\n		Базовая станция – 1шт.&lt;/li&gt;\r\n	&lt;li&gt;\r\n		Устройство для подзарядки – 1шт.&lt;/li&gt;\r\n	&lt;li&gt;\r\n		Ограничитель движения «виртуальная стена» - 1шт.&lt;/li&gt;\r\n	&lt;li&gt;\r\n		Модуль для влажной уборки – 1шт.&lt;/li&gt;\r\n	&lt;li&gt;\r\n		Пульт ДУ – 1шт.&lt;/li&gt;\r\n	&lt;li&gt;\r\n		Боковая щётка – 2шт.&lt;/li&gt;\r\n	&lt;li&gt;\r\n		Щётка для ухода за роботом -1шт.&lt;/li&gt;\r\n	&lt;li&gt;\r\n		Инструкция – 1шт.&lt;/li&gt;\r\n	&lt;li&gt;\r\n		Гарантийный талон – 1шт.&lt;/li&gt;\r\n&lt;/ul&gt;\r\n&lt;h2&gt;\r\n	&lt;strong&gt;Достоинства робота-пылесоса RoboCleaner 788:&lt;/strong&gt;&lt;/h2&gt;\r\n&lt;ul&gt;\r\n	&lt;li&gt;\r\n		Низкая цена&lt;/li&gt;\r\n	&lt;li&gt;\r\n		Режим протирания полов&lt;/li&gt;\r\n	&lt;li&gt;\r\n		Лёгкое управление&lt;/li&gt;\r\n	&lt;li&gt;\r\n		Обработка пола ультрафиолетом&lt;/li&gt;\r\n	&lt;li&gt;\r\n		Мягкий бампер&lt;/li&gt;\r\n&lt;/ul&gt;\r\n', 'RoboCleaner 788 представляет собой китайскую копию пылесосов Roomba предыдущего поколения. Базовые функции были расширены, и теперь робот не только убирает мусор, но и дезинфицирует и увлажняет полы.', 'робот пылесос robocleaner 788, robocleaner 788, отзывы robocleaner', 'Купить робот-пылесос RoboCleaner 788', 'Робот-пылесос RoboCleaner 788', ''),
(100, 1, 'Робот-пылесос Agait EC mini', '&lt;p&gt;\r\n	Большинство роботов-пылесосов предназначено для уборки 2-4 комнатных квартир и частных домов. Такие апартаменты имеют немногие, а покупка полноразмерного робота для небольшого помещения не всегда оправдана.&lt;/p&gt;\r\n&lt;p&gt;\r\n	Осознав это, некоторые производители выпустили уменьшенные копии пылесосов, которые стоят дёшево, но выполняют уборку на достойном уровне. Одной из самых интересных подобных моделей является &lt;strong&gt;Agait EC mini&lt;/strong&gt;.&lt;/p&gt;\r\n&lt;p&gt;\r\n	Как и «взрослые» модели, этот мини-робот имеет основную щётку, быстрое вращение щетинок которой вытаскивает на поверхность пыль или отделяет от пола грязь. По бокам располагаются дополнительные щётки, выполняющие 2 функции: загребают пыль по бокам робота к всасывающему отверстию и чистят плинтуса и стены.&lt;/p&gt;\r\n&lt;p&gt;\r\n	В движении &lt;strong&gt;Agait EC mini&lt;/strong&gt; ориентируется по ИК-датчикам, как и другие пылесосы. Имеет он и индикатор высоты, предохраняющий от падения.&lt;/p&gt;\r\n&lt;p&gt;\r\n	Пылесборник робота невелик, всего 0,3 л, однако при ежедневной уборке его вполне хватает, особенно если учесть простоту опустошения.&lt;/p&gt;\r\n&lt;p&gt;\r\n	Благодаря компактным размерам и маленькой высоте, &lt;strong&gt;Agait EC mini &lt;/strong&gt;может пролезть туда, где другие роботы убраться не смогут. Он незаменим при уборке под диваном или шкафом на низких ножках.&lt;/p&gt;\r\n&lt;p&gt;\r\n	Режимов уборки немного, всего три: по спирали, зигзагами и по периметру стен. Конечно, по этому показателю ему не сравниться с Roomba, но и цена в 5-6 раз ниже.&lt;/p&gt;\r\n&lt;h2&gt;\r\n	&lt;strong&gt;Комплектация робота-пылесоса Agait EC mini:&lt;/strong&gt;&lt;/h2&gt;\r\n&lt;ul&gt;\r\n	&lt;li&gt;\r\n		Робот-пылесос &lt;strong&gt;Agait EC mini &lt;/strong&gt;– 1шт.&lt;/li&gt;\r\n	&lt;li&gt;\r\n		Адаптер питания – 1шт.&lt;/li&gt;\r\n	&lt;li&gt;\r\n		Боковые щётки – 2шт.&lt;/li&gt;\r\n	&lt;li&gt;\r\n		Фильтр – 1шт.&lt;/li&gt;\r\n	&lt;li&gt;\r\n		Ni-MH аккумулятор – 1шт.&lt;/li&gt;\r\n	&lt;li&gt;\r\n		Инструкция – 1шт.&lt;/li&gt;\r\n	&lt;li&gt;\r\n		Гарантийный талон – 1шт.&lt;/li&gt;\r\n&lt;/ul&gt;\r\n&lt;h2&gt;\r\n	&lt;strong&gt;Достоинства робота-пылесоса Agait EC mini:&lt;/strong&gt;&lt;/h2&gt;\r\n&lt;ul&gt;\r\n	&lt;li&gt;\r\n		Маленькие габариты&lt;/li&gt;\r\n	&lt;li&gt;\r\n		Доступная цена&lt;/li&gt;\r\n	&lt;li&gt;\r\n		2 боковые щётки&lt;/li&gt;\r\n	&lt;li&gt;\r\n		Малый вес&lt;/li&gt;\r\n	&lt;li&gt;\r\n		3 режима уборки&lt;/li&gt;\r\n&lt;/ul&gt;\r\n&lt;ul&gt;\r\n&lt;/ul&gt;\r\n', 'Сверхкомпактный робот-пылесос просто создан для квартир площадью 40-50 кв.м., имеющих в нашей стране наибольшее распространение. В Agait EC mini привлекают  низкая цена и простота управления. ', 'agait ec mini, робот пылесос agait ec mini, agait ec mini отзывы, agait ec mini black', 'Купить робот-пылесос Agait EC mini', 'Робот-пылесос Agait EC mini', ''),
(101, 1, 'Робот-пылесос Agait EC-01 Enhanced', '&lt;p&gt;\r\n	&lt;strong&gt;Agait EC-01 Enhanced&lt;/strong&gt; продаётся на рынке достаточно давно и купившие его люди отзываются о роботе положительно. Все отмечают надёжность и хорошую уборку пыли, шерсти и человеческих волос.&lt;/p&gt;\r\n&lt;p&gt;\r\n	Этот пылесос считается прямым конкурентом Roomba 531, но стоит на треть дешевле. Такое удешевление было достигнуто не потерей качества, а использованием менее совершенной системы навигации, которая, впрочем, превосходит многих конкурентов этого класса. К тому же покупателю не придётся переплачивать за бренд.&lt;/p&gt;\r\n&lt;p&gt;\r\n	С основной задачей, уборкой полов, успешно справляется турбощётка, силы которой вполне достаточно для удаления мелкой грязи и пыли. В углах и возле стен мусор убирает боковая щётка.&lt;/p&gt;\r\n&lt;p&gt;\r\n	&lt;strong&gt;Agait EC-01 Enhanced&lt;/strong&gt; может похвастаться широким набором дополнительных возможностей.&lt;/p&gt;\r\n&lt;p&gt;\r\n	Самой важной их них является антибактериальная обработка пола ультрафиолетовой лампой, расположенной в днище корпуса. Если в доме живут дети, старики или люди с ослабленной иммунной системой, то такая функция просто обязана быть в покупаемом пылесосе.&lt;/p&gt;\r\n&lt;p&gt;\r\n	Привлекает также возможность дистанционного контроля и ароматизатор воздуха. Чтобы освежить воздух или избавиться от неприятного запаха, не требуется даже приобретать специальные картриджи – достаточно положить в отсек смоченную аромомаслом ватку.&lt;/p&gt;\r\n&lt;p&gt;\r\n	В &lt;strong&gt;Agait EC-01 Enhanced&lt;/strong&gt; запрограммировано 5 алгоритмов движения: хаотичное, вдоль стен, спиральное, полигональное и «змейка» (буквой «S»).&lt;/p&gt;\r\n&lt;p&gt;\r\n	Как и любое современное устройство, эта модель при разрядке сама вернётся на базу. Также она имеет таймер уборки на 7 дней вперёд.&lt;/p&gt;\r\n&lt;h2&gt;\r\n	&lt;strong&gt;Комплектация робота-пылесоса Agait EC-01 Enhanced:&lt;/strong&gt;&lt;/h2&gt;\r\n&lt;ul&gt;\r\n	&lt;li&gt;\r\n		Робот-пылесос &lt;strong&gt;Agait EC-01 Enhanced&lt;/strong&gt; – 1шт.&lt;/li&gt;\r\n	&lt;li&gt;\r\n		Базовая станция – 1шт.&lt;/li&gt;\r\n	&lt;li&gt;\r\n		Адаптер питания – 1шт.&lt;/li&gt;\r\n	&lt;li&gt;\r\n		Запасные фильтры – 2шт.&lt;/li&gt;\r\n	&lt;li&gt;\r\n		Пульт ДУ – 1шт.&lt;/li&gt;\r\n	&lt;li&gt;\r\n		Ni-MH аккумулятор – 1шт.&lt;/li&gt;\r\n	&lt;li&gt;\r\n		Инструкция – 1шт.&lt;/li&gt;\r\n	&lt;li&gt;\r\n		Гарантийный талон – 1шт.&lt;/li&gt;\r\n&lt;/ul&gt;\r\n&lt;h2&gt;\r\n	&lt;strong&gt;Достоинства робота-пылесоса Agait EC-01 Enhanced:&lt;/strong&gt;&lt;/h2&gt;\r\n&lt;ul&gt;\r\n	&lt;li&gt;\r\n		Доступная цена&lt;/li&gt;\r\n	&lt;li&gt;\r\n		Высокое качество сборки&lt;/li&gt;\r\n	&lt;li&gt;\r\n		Турбощётка для удаления шерсти&lt;/li&gt;\r\n	&lt;li&gt;\r\n		Обработка пола УФ-лампой&lt;/li&gt;\r\n	&lt;li&gt;\r\n		Дистанционное управление пылесосом&lt;/li&gt;\r\n	&lt;li&gt;\r\n		Отсек для освежителя воздуха&lt;/li&gt;\r\n	&lt;li&gt;\r\n		Три цветовые расцветки на выбор&lt;/li&gt;\r\n&lt;/ul&gt;\r\n&lt;ul&gt;\r\n&lt;/ul&gt;\r\n', 'Известная своей надёжностью и высоким качеством уборки модель тайванской компании Agait EC-01 Enhanced радует ценой и широким набором функций: от уборки шерсти турбощёткой до антибактериальной обработки.', 'agait ec 01, agait ec 01 red, agait ec 01 отзывы, робот пылесос agait ec 01', 'Купить робот-пылесос Agait EC-01 Enhanced', 'Робот-пылесос Agait EC-01 Enhanced', ''),
(102, 1, 'Робот-пылесос Agait EC-02', '&lt;p&gt;\r\n	Несмотря на небольшую цену, &lt;strong&gt;Agait EC-02&lt;/strong&gt; является не копией известной модели, а целиком самостоятельным продуктом.&lt;/p&gt;\r\n&lt;p&gt;\r\n	Робот оснащён турбощёткой, которая показывает впечатляющую эффективность уборки не только на гладких полах, но и на коврах и ковролине. Претерпело изменений и всасывающее устройство. Эта модель вполне может претендовать на звание самого мощного робота-пылесоса.&lt;/p&gt;\r\n&lt;p&gt;\r\n	Выделяется &lt;strong&gt;EC-02&lt;/strong&gt; экономичностью расходования энергии. В процессе уборки мощность всасывания небольшая, но при обнаружении детектором грязи сильно замусоренного участка робот задерживается на этом месте, значительно увеличивая силу тяги. &amp;nbsp;При этом он сам совершает круговые движения вокруг грязной области до тех пор, пока полностью не очистит её.&lt;/p&gt;\r\n&lt;p&gt;\r\n	Так как основная щётка достать до плинтусов или стены не может, сбоку была приделана вращающаяся боковая щётка, спахивающая всю пыль оттуда.&lt;/p&gt;\r\n&lt;p&gt;\r\n	Заботиться о своём здоровье модно. Следуя этой тенденции, в днище &lt;strong&gt;Agait EC-02&lt;/strong&gt; вмонтирована ультрафиолетовая лампа, чьё воздействие губительно не только для микроорганизмов, но и для насекомых.&lt;/p&gt;\r\n&lt;p&gt;\r\n	Не стоит забывать и об отделении для ароматизации воздуха, с которым воздух в доме всегда будет приятно пахнуть.&lt;/p&gt;\r\n&lt;p&gt;\r\n	Управление пылесосом простое. Команды ему можно задавать как с корпуса, так и с пульта ДУ. Режимов уборки тут пять, отличаются они моделью поведения. Время работы (от 10 до 90 минут) выставляется с помощью таймера. При разрядке &amp;nbsp;&lt;strong&gt;Agait EC-02 &lt;/strong&gt;вернётся на базу. Возможна установка графика уборки на неделю вперёд.&lt;/p&gt;\r\n&lt;h2&gt;\r\n	&lt;strong&gt;Комплектация робота-пылесоса Agait EC-02:&lt;/strong&gt;&lt;/h2&gt;\r\n&lt;ul&gt;\r\n	&lt;li&gt;\r\n		Робот-пылесос &lt;strong&gt;Agait EC-02 &lt;/strong&gt;– 1шт.&lt;/li&gt;\r\n	&lt;li&gt;\r\n		Базовая станция – 1шт.&lt;/li&gt;\r\n	&lt;li&gt;\r\n		Адаптер питания – 1шт.&lt;/li&gt;\r\n	&lt;li&gt;\r\n		Запасные фильтры – 2шт.&lt;/li&gt;\r\n	&lt;li&gt;\r\n		Пульт ДУ – 1шт.&lt;/li&gt;\r\n	&lt;li&gt;\r\n		Li-Pol аккумулятор – 1шт.&lt;/li&gt;\r\n	&lt;li&gt;\r\n		Инструкция – 1шт.&lt;/li&gt;\r\n	&lt;li&gt;\r\n		Гарантийный талон – 1шт.&lt;/li&gt;\r\n&lt;/ul&gt;\r\n&lt;h2&gt;\r\n	&lt;strong&gt;Достоинства робота-пылесоса Agait EC-02:&lt;/strong&gt;&lt;/h2&gt;\r\n&lt;ul&gt;\r\n	&lt;li&gt;\r\n		Очень привлекательная цена&lt;/li&gt;\r\n	&lt;li&gt;\r\n		Большая сила всасывания&lt;/li&gt;\r\n	&lt;li&gt;\r\n		«Интеллектуальное» повышение мощности на загрязнённых участках&lt;/li&gt;\r\n	&lt;li&gt;\r\n		Антибактериальная обработка пола&lt;/li&gt;\r\n	&lt;li&gt;\r\n		Долгоживущий литий-полимерный аккумулятор&lt;/li&gt;\r\n	&lt;li&gt;\r\n		Отсек для освежителя воздуха&lt;/li&gt;\r\n	&lt;li&gt;\r\n		Программируемый график уборки&lt;/li&gt;\r\n	&lt;li&gt;\r\n		Несколько алгоритмов движения&lt;/li&gt;\r\n	&lt;li&gt;\r\n		Различные цвета корпуса&amp;nbsp;&lt;/li&gt;\r\n&lt;/ul&gt;\r\n&lt;ul&gt;\r\n&lt;/ul&gt;\r\n&lt;ul&gt;\r\n&lt;/ul&gt;\r\n', 'Новая модель хорошо зарекомендовавшей себя тайванской компании Agait EC-02 выделяется умной системой всасывания, тихой работой и долгоживущим литий-полимерным аккумулятором. ', 'agait ec 02, agait, ec 02', 'Купить робот-пылесос Agait EC-02', 'Робот-пылесос Agait EC-02', ''),
(103, 1, 'WowWee Rovio Mobile', '&lt;p&gt;\r\n	&lt;strong&gt;WowWee Rovio Mobile&lt;/strong&gt; был создан как мобильная платформа с камерой, которая может находиться в одном месте, в то время как оператор управляет ей с другого. Причём расстояние роли не играет – благодаря применению технологии Wi-Fi связь с роботом поддерживается с любой точки земного шара, где есть интернет.&lt;/p&gt;\r\n&lt;p&gt;\r\n	Идеально данное устройство подойдёт людям, часто бывающим в командировках и надолго оставляющим семью. Включив &lt;strong&gt;WowWee Rovio Mobile&lt;/strong&gt;, вы тут же перенесётесь в свой дом и сможете общаться с родными.&lt;/p&gt;\r\n&lt;p&gt;\r\n	За изображение отвечает VGA камера, которая транслирует видео с разрешением до 640x480. Качество картинки зависит от мощности сигнала беспроводной сети. Камерой можно управлять отдельно от корпуса, поворачивая «голову» робота.&lt;/p&gt;\r\n&lt;p&gt;\r\n	Дополняет эффект присутствия звуковая система, работающая в двух направлениях. Встроенные микрофон и динамики обеспечивают полноценное общение.&lt;/p&gt;\r\n&lt;p&gt;\r\n	Три больших колеса, состоящих из нескольких маленьких, делают &lt;strong&gt;Rovio Mobile&lt;/strong&gt; хорошо проходимым устройством, способным легко перемещаться по всему дому, не застревая. Можно также вращать робот на месте, осматривая комнату.&lt;/p&gt;\r\n&lt;p&gt;\r\n	Для движения в темноте на роботе установлены LED-фонари, освещающие ему путь примерно на 50 см.&lt;/p&gt;\r\n&lt;p&gt;\r\n	Чтобы управлять роботом, необходимо установить специальное программное обеспечение и настроить связь между &lt;strong&gt;WowWee Rovio Mobile&lt;/strong&gt; и беспроводным роутером. После этого надо ввести в строку браузера индивидуальный адрес устройства и взять на себя управление.&lt;/p&gt;\r\n&lt;p&gt;\r\n	Контролировать робот можно не только через компьютер, но и со смартфона, планшета и даже игровой приставки. В интерфейсе пользователя отображаются стрелки управления и строка состояния &lt;strong&gt;Rovio Mobile&lt;/strong&gt;.&lt;/p&gt;\r\n&lt;p&gt;\r\n	Из Web-интерфейса можно вручную отправить робота на подзарядку или создать маршрут движения, установив контрольные точки.&lt;/p&gt;\r\n&lt;h2&gt;\r\n	&lt;strong&gt;Комплектация робота WowWee Rovio Mobile:&lt;/strong&gt;&lt;/h2&gt;\r\n&lt;ul&gt;\r\n	&lt;li&gt;\r\n		Робот WowWee Rovio Mobile – 1шт.&lt;/li&gt;\r\n	&lt;li&gt;\r\n		Зарядная станция – 1шт.&lt;/li&gt;\r\n	&lt;li&gt;\r\n		Адаптер питания – 1шт.&lt;/li&gt;\r\n	&lt;li&gt;\r\n		Аккумуляторная батарея – 1шт.&lt;/li&gt;\r\n	&lt;li&gt;\r\n		Диск&amp;nbsp; с ПО – 1шт.&lt;/li&gt;\r\n	&lt;li&gt;\r\n		USB-кабель -1шт.&lt;/li&gt;\r\n	&lt;li&gt;\r\n		Руководство пользователя – 1шт.&lt;/li&gt;\r\n	&lt;li&gt;\r\n		Инструкция быстрого запуска – 1шт.&lt;/li&gt;\r\n&lt;/ul&gt;\r\n&lt;h2&gt;\r\n	&lt;strong&gt;Достоинства робота WowWee Rovio Mobile:&lt;/strong&gt;&lt;/h2&gt;\r\n&lt;ul&gt;\r\n	&lt;li&gt;\r\n		Дистанционное управление с любой точки&lt;/li&gt;\r\n	&lt;li&gt;\r\n		Совместимость со всеми Wi-Fi роутерами и браузерами&lt;/li&gt;\r\n	&lt;li&gt;\r\n		Автоматический возврат на базу для подзарядки&lt;/li&gt;\r\n	&lt;li&gt;\r\n		Двухсторонняя аудиосвязь&lt;/li&gt;\r\n	&lt;li&gt;\r\n		Возможность программирования маршрута движения&lt;/li&gt;\r\n	&lt;li&gt;\r\n		Большие колёса&lt;/li&gt;\r\n	&lt;li&gt;\r\n		Подвижная VGA камера&lt;/li&gt;\r\n	&lt;li&gt;\r\n		LED-фары&lt;/li&gt;\r\n&lt;/ul&gt;\r\n&lt;ul&gt;\r\n&lt;/ul&gt;\r\n', '«Камера на колёсах» - так в двух словах можно охарактеризовать WowWee Rovio Mobile. С этим маленьким роботом вы всегда сможете быть в двух местах одновременно!', 'wowwee rovio, робот rovio wowwee, wowwee rovio mobile', 'Купить WowWee Rovio Mobile', 'WowWee Rovio Mobile', ''),
(104, 1, 'Радиоуправляемый Танк Hobby Leopard 2A5', '&lt;p&gt;\r\n	Созданный как уменьшенная в 16 раз точная копия знаменитого немецкого танка, &lt;strong&gt;Hobby Leopard 2A5&lt;/strong&gt; перенял у своего прототипа грацию и смертоносность большой кошки.&lt;/p&gt;\r\n&lt;p&gt;\r\n	Такой важнейший для танка элемент как движение по пересечённой местности в «младшем брате» Леопарда выполнен на высочайшем уровне. С каждой стороны колёса трека имеют рессоры, что позволяет им свободно переезжать даже крупные препятствия, попавшие под гусеницы.&amp;nbsp; Низкая компоновка башни, как и у оригинала, значительно увеличивает устойчивость. Танк может карабкаться на возвышенность с уклоном до 35 градусов.&lt;/p&gt;\r\n&lt;p&gt;\r\n	Такая схема ходовой части, а также большие размеры (60см в длину и 25см в ширину) делают танк идеальной игрушкой для развлечений на открытом воздухе.&lt;/p&gt;\r\n&lt;p&gt;\r\n	Кроме того, &lt;strong&gt;Hobby Leopard 2A5&lt;/strong&gt; может выполнять и сложные манёвры, включая вращение вокруг своей оси и быстрый разворот на 360 градусов. Конечно, чтобы выполнить такой трюк придётся в совершенстве освоить управление.&lt;/p&gt;\r\n&lt;p&gt;\r\n	За управление пушкой отвечает отдельный манипулятор. Башня может поворачиваться из стороны в сторону, а дуло подниматься и опускаться. В специальный отсек вставляются пластиковые снаряды, которыми можно вести прицельную стрельбу на расстояние до 1м. При этом огонь возможен и на ходу. Выстрелы сопровождаются реалистичными звуковыми эффектами.&lt;/p&gt;\r\n&lt;p&gt;\r\n	Чтобы владелец &lt;strong&gt;Hobby Leopard 2A5&lt;/strong&gt; мог поупражняться в стрельбе, в комплекте прилагается мишень.&lt;/p&gt;\r\n&lt;p&gt;\r\n	Пульт ДУ работает на расстоянии до 30м, причём прямая видимость не обязательна. Питание танком и пультом осуществляется с помощью аккумулятора.&lt;/p&gt;\r\n&lt;h2&gt;\r\n	&lt;strong&gt;Комплектация радиоуправляемого танка Hobby Leopard 2A5:&lt;/strong&gt;&lt;/h2&gt;\r\n&lt;ul&gt;\r\n	&lt;li&gt;\r\n		Танк &lt;strong&gt;Hobby Leopard 2A5&lt;/strong&gt; – 1шт.&lt;/li&gt;\r\n	&lt;li&gt;\r\n		Пульт ДУ – 1шт.&lt;/li&gt;\r\n	&lt;li&gt;\r\n		Зарядное устройство – 1шт.&lt;/li&gt;\r\n	&lt;li&gt;\r\n		Батарея для танка – 1шт.&lt;/li&gt;\r\n	&lt;li&gt;\r\n		Батарея для пульта – 1шт.&lt;/li&gt;\r\n	&lt;li&gt;\r\n		Инструкция – 1шт.&lt;/li&gt;\r\n&lt;/ul&gt;\r\n&lt;h2&gt;\r\n	&lt;strong&gt;Достоинства радиоуправляемого танка Hobby Leopard 2A5:&lt;/strong&gt;&lt;/h2&gt;\r\n&lt;ul&gt;\r\n	&lt;li&gt;\r\n		Большие габариты&lt;/li&gt;\r\n	&lt;li&gt;\r\n		Полное соответствие оригиналу&lt;/li&gt;\r\n	&lt;li&gt;\r\n		Рессоры на каждом колесе гусеницы&lt;/li&gt;\r\n	&lt;li&gt;\r\n		Поворачивающаяся башня&lt;/li&gt;\r\n	&lt;li&gt;\r\n		Двигающееся дуло&lt;/li&gt;\r\n	&lt;li&gt;\r\n		Возможность вести стрельбу, сопровождаемую звуковыми эффектами&lt;/li&gt;\r\n	&lt;li&gt;\r\n		Большой радиус действия дистанционного управления&lt;/li&gt;\r\n&lt;/ul&gt;\r\n', 'Настоящий танк должен уметь ездить по пересечённой местности, стрелять из пушки и поворачивать башню. Всё это и многое другое способен делать игрушечный танк Hobby Leopard 2A5.', 'hobby leopard 2a5, радиоуправляемый танк, танк на радиоуправлении, leopard 2a5', 'Купить радиоуправляемый Танк Hobby Leopard 2A5', 'Радиоуправляемый Танк Hobby Leopard 2A5', ''),
(105, 1, 'Радиоуправляемый вертолет Parrot Ar.Drone', '&lt;p&gt;\r\n	Квадрокоптер &lt;strong&gt;Parrot Ar.Drone&lt;/strong&gt; – инновационный продукт, в котором тесно переплелись компьютерные технологии и совершенная техническая начинка.&lt;/p&gt;\r\n&lt;p&gt;\r\n	Вертолёт представляет собой корпус, в котором размещается мощный процессор на базе ядра ARM926&amp;nbsp;с тактовой частотой 468 MHz, 128 Mb оперативной памяти и столько же флэш-памяти. От корпуса в 4 стороны отходят стрелы, на конце которых крепятся пропеллеры. Такая компоновка делает устройство устойчивым к порывам ветра и вместе с тем обеспечивает отменные динамические характеристики – оно может разгоняться до 18 км/ч.&lt;/p&gt;\r\n&lt;p&gt;\r\n	В корпусе скрыты 2 камеры, одна из которых, обеспечивающая разрешение 640х480 пикселей при частоте 15 кадров в секунду, передаёт картинку на экран управления. Вторая используется при приземлении.&lt;/p&gt;\r\n&lt;p&gt;\r\n	Два встроенных гироскопа помогают &lt;strong&gt;Parrot Ar.Drone&lt;/strong&gt; выровняться относительно земли, если сильный порыв ветра или резкий манёвр грозит опрокинуть его. Ультразвуковой датчик оценивает расстояние до земли, а акселерометр – скорость.&lt;/p&gt;\r\n&lt;p&gt;\r\n	Управлять квадрокоптером можно со смартфона, причём если изначально он создавался для iPhone и iPad, то сейчас доступно и программное обеспечение для телефонов на базе OS Android. Связь между пультом и &lt;strong&gt;Ar.Drone&lt;/strong&gt; осуществляется по Wi-Fi, радиус приёма сигнала – до 50 м.&lt;/p&gt;\r\n&lt;p&gt;\r\n	Для полётов в помещении предусмотрен защищающий винты от столкновения корпус. При уличной игре его лучше заменить на обтекаемый спортивный корпус.&lt;/p&gt;\r\n&lt;p&gt;\r\n	В базовом софте можно настраивать скорость разворотов и набора высоты и много других параметров.&lt;/p&gt;\r\n&lt;p&gt;\r\n	Простые полёты, какими бы захватывающими они не были, быстро наскучивают, поэтому предусмотрена загрузка игр «дополнения реальности» в память &lt;strong&gt;Parrot Ar.Drone. &lt;/strong&gt;На сегодняшний день в онлайн-магазине AppStore доступно более 20 игр и приложений, расширяющих возможности квадрокоптера.&lt;/p&gt;\r\n&lt;p&gt;\r\n	Принцип действия всех приложений схож: процессор переносит заданные программой образы на реальные объекты.&lt;/p&gt;\r\n&lt;p&gt;\r\n	Часть игр предназначена для одного человека и одного &lt;strong&gt;Parrot Ar.Drone&lt;/strong&gt;. Одна из таких игр – AR.Rescue. Для игры надо скачать и установить приложение и распечатать «базу». Задача – собирать ресурсы, отстреливаясь при этом от врагов (они видны на экране). На «базе» происходит заправка и завершение миссии.&lt;/p&gt;\r\n&lt;p&gt;\r\n	Другие игры предусматривают взаимодействие нескольких человек или вертолётов&lt;strong&gt;. &lt;/strong&gt;С друзьями можно устроить гонку с прохождением покупаемых отдельно колец, служащих контрольными точками (AR.Race) или повоевать в AR.Pursuit, где противником выступает такой же квадрокоптер, а из оружия доступны пулемёт и ракеты.&lt;/p&gt;\r\n&lt;h2&gt;\r\n	&lt;strong&gt;Комплектация радиоуправляемого вертолета Parrot.Ar Drone:&lt;/strong&gt;&lt;/h2&gt;\r\n&lt;ul&gt;\r\n	&lt;li&gt;\r\n		&lt;strong&gt;Parrot Ar.Drone&lt;/strong&gt; – 1шт.&lt;/li&gt;\r\n	&lt;li&gt;\r\n		Корпус для полётов в помещении – 1шт.&lt;/li&gt;\r\n	&lt;li&gt;\r\n		Корпус для полётов на открытой местности – 1шт.&lt;/li&gt;\r\n	&lt;li&gt;\r\n		Li-Pol аккумулятор – 1шт.&lt;/li&gt;\r\n	&lt;li&gt;\r\n		Зарядное устройство – 1шт.&lt;/li&gt;\r\n&lt;/ul&gt;\r\n&lt;h2&gt;\r\n	&lt;strong&gt;Достоинства радиоуправляемого вертолета Parrot.Ar Drone:&lt;/strong&gt;&lt;/h2&gt;\r\n&lt;ul&gt;\r\n	&lt;li&gt;\r\n		Не имеет аналогов на рынке&lt;/li&gt;\r\n	&lt;li&gt;\r\n		Управляется с iPhone, iPad и iPod и устройств на базе Android&lt;/li&gt;\r\n	&lt;li&gt;\r\n		Развивает скорость до 18 км/ч&lt;/li&gt;\r\n	&lt;li&gt;\r\n		Большой радиус действия ДУ&lt;/li&gt;\r\n	&lt;li&gt;\r\n		Корпус из прочного пластика&lt;/li&gt;\r\n	&lt;li&gt;\r\n		Система стабилизации&lt;/li&gt;\r\n	&lt;li&gt;\r\n		Плавное приземление при разрядке батареи&lt;/li&gt;\r\n	&lt;li&gt;\r\n		Широкий выбор приложений «дополнения реальности»&lt;/li&gt;\r\n&lt;/ul&gt;\r\n', 'Квадрокоптер Ar.Drone французской компании Parrot призван совершить настоящую революцию в игровой индустрии. Ещё никогда компьютерные игры настолько тесно не пересекались с реальностью.', 'parrot ar drone, parrot ar drone купить, квадрокоптер parrot ar drone, вертолет parrot ar drone, parrot ar drone quadricopter, parrot ar drone цена, квадролет parrot ar drone, parrot ar drone отзывы, parrot ar drone характеристики, продам parrot ar drone', 'Купить радиоуправляемый вертолет Parrot Ar.Drone', 'Радиоуправляемый вертолет Parrot Ar.Drone', ''),
(106, 1, 'Игрушечная машинка Horizon FCT H-Racer', '&lt;p&gt;\r\n	Применять энергию водорода в двигателях настоящих автомобилей научились давно, но широкого распространения эта технология ещё не получила из-за высокой стоимости двигателей и заправок. Чтобы популяризовать идею экологически чистого и неисчерпаемого топлива, была разработана машинка &lt;strong&gt;Horizon FCT H-Racer. &lt;/strong&gt;&lt;/p&gt;\r\n&lt;p&gt;\r\n	На вид она очень похоже на Honda FCX Clarity, одну из моделей настоящего авто, работающего на водороде. Как и свой прототип, автомодель работает на воде, не требуя батареек или других элементов питания.&lt;/p&gt;\r\n&lt;p&gt;\r\n	Даже школьники знают, что если расщепить воду (H2O) на молекулы кислорода &amp;nbsp;(O) и водорода (H2), то последний может использоваться в качестве источника энергии. &lt;strong&gt;Horizon FCT H-Racer &lt;/strong&gt;– наглядный пример, как теоретические знания работают в реальном мире.&lt;/p&gt;\r\n&lt;p&gt;\r\n	В комплекте идёт заправочная станция и солнечная батарея. Перед заправкой топлива в бак машинки необходимо налить в ёмкость станции дистиллированную воду. Далее происходит процесс электролиза, из-за которого молекулы воды распадаются на чистый кислород и водород. Кислород возвращается обратно в воздух, а водород по специальному кабелю, подсоединяемому к &lt;strong&gt;FCT H-Racer&lt;/strong&gt;, поступает в автомодель. Если планируется запускать машинку дома, то для начала процесса вместо солнечной энергии можно использовать батарейку.&lt;/p&gt;\r\n&lt;p&gt;\r\n	На одном заряде &lt;strong&gt;Horizon FCT H-Racer &lt;/strong&gt;может проехать 100 м со скоростью 25 м/мин. При езде авто светится мягкой неоновой подсветкой, также питающейся от водорода.&lt;/p&gt;\r\n&lt;p&gt;\r\n	Игрушка поставляется в разобранном состоянии, поэтому ребёнок может с помощью родителей собрать её, попутно изучив конструкцию.&lt;/p&gt;\r\n&lt;h2&gt;\r\n	&lt;strong&gt;Комплектация&lt;/strong&gt;&lt;strong&gt; Horizon FCT H-Racer:&lt;/strong&gt;&lt;/h2&gt;\r\n&lt;ul&gt;\r\n	&lt;li&gt;\r\n		Машинка &lt;strong&gt;Horizon FCT H-Racer &lt;/strong&gt;–1шт.&lt;/li&gt;\r\n	&lt;li&gt;\r\n		Зарядная станция – 1шт.&lt;/li&gt;\r\n	&lt;li&gt;\r\n		Солнечная батарея – 1шт.&lt;/li&gt;\r\n	&lt;li&gt;\r\n		Кабеля для подсоединения солнечной батареи – 2шт.&lt;/li&gt;\r\n	&lt;li&gt;\r\n		Шприц для откачки воздуха из топливной системы – 1шт.&lt;/li&gt;\r\n&lt;/ul&gt;\r\n&lt;h2&gt;\r\n	&lt;strong&gt;Достоинства&lt;/strong&gt;&lt;strong&gt; Horizon FCT H-Racer:&lt;/strong&gt;&lt;/h2&gt;\r\n&lt;ul&gt;\r\n	&lt;li&gt;\r\n		Не требует дополнительных элементов питания&lt;/li&gt;\r\n	&lt;li&gt;\r\n		Наглядно демонстрирует законы физики&lt;/li&gt;\r\n	&lt;li&gt;\r\n		Удобная и быстрая зарядка&lt;/li&gt;\r\n&lt;/ul&gt;\r\n&lt;ul&gt;\r\n&lt;/ul&gt;\r\n&lt;ul&gt;\r\n&lt;/ul&gt;\r\n', 'Идею игрушки, работающей на воде, воплотила в жизнь компания-производитель водородного топлива. Сделанная как демонстрация энергии водорода Horizon FCT H-Racer способна принести радость и пробудить интерес к физике.', 'h racer, horizon fct h-racer, машинка на водороде', 'Купить игрушечную машинку Horizon FCT H-Racer', 'Игрушечная машинка Horizon FCT H-Racer', ''),
(107, 1, 'Конструктор LEGO Mindstorms NXT 2.0', '&lt;p&gt;\r\n	Конструкторы «Лего» - всемирно известная игрушка для детей и взрослых любого возраста. Производитель предлагает самые разные тематические наборы, которые отличаются великолепной состыковкой деталей и вариативностью элементов.&lt;/p&gt;\r\n&lt;p&gt;\r\n	Набор &lt;strong&gt;Mindstorms NXT 2.0&lt;/strong&gt; – венец творческой мысли датчан. Это не просто статический конструктор, а полноценный робот, умеющий двигаться и выполнять заданные команды.&lt;/p&gt;\r\n&lt;p&gt;\r\n	Мозг робота – программируемый блок NXT. К нему по USB подсоединяются сенсоры. В наборе идут 4 сенсора: ультразвуковой, служащий для определения расстояния до объектов, цветовой, отвечающий за восприятия цветов и выполняющий роль лампы, и 2 сенсора нажатия. В остальные разъёмы можно подключить сервомоторы, которые могут приводить&amp;nbsp; в движение элементы и определять угол поворота колёс.&lt;/p&gt;\r\n&lt;p&gt;\r\n	В коробке покупатель найдёт инструкцию по сборке стандартных моделей, которая поможет разобраться в принципах конструирования и работы &lt;strong&gt;Mindstorms NXT 2.0. &lt;/strong&gt;В частности за каких-то полчаса, в точности следуя инструкции, собирается робот, стреляющий шариками, робот-крокодил и «Альфа Рекс».&lt;/p&gt;\r\n&lt;p&gt;\r\n	После поочередной сборки и испытаний разных моделей по инструкции веселье только начинается, ведь возможности создания собственного интеллектуального творения из набора &lt;strong&gt;Mindstorms NXT 2.0 &lt;/strong&gt;просто безграничны.&lt;/p&gt;\r\n&lt;p&gt;\r\n	На диск записано программное обеспечение, через которое осуществляется программирование робота. Среда программирования предельно проста и разобраться в ней труда не составляет. Задачи создаются с помощью графических элементов. Например, чтобы воспроизвести звук после столкновения с препятствием, надо последовательно перетащить в поле соответствующие пентаграммы. &amp;nbsp;&lt;/p&gt;\r\n&lt;p&gt;\r\n	Для продвинутых владельцев &lt;strong&gt;Mindstorms NXT 2.0 &lt;/strong&gt;сторонними производителями написано дополнительное ПО.&lt;/p&gt;\r\n&lt;p&gt;\r\n	Так же как и остальные наборы, &lt;strong&gt;Mindstorms &lt;/strong&gt;полностью совместим с другими кубиками, что ещё больше расширяет горизонт возможностей, которые ограничиваются только фантазией владельца конструктора.&lt;/p&gt;\r\n&lt;h2&gt;\r\n	&lt;strong&gt;Комплектация конструктора Mindstorms NXT 2.0:&lt;/strong&gt;&lt;/h2&gt;\r\n&lt;ul&gt;\r\n	&lt;li&gt;\r\n		Блок управления NXT – 1шт.&lt;/li&gt;\r\n	&lt;li&gt;\r\n		Сенсоры – 4шт.&lt;/li&gt;\r\n	&lt;li&gt;\r\n		Сервомоторы – 3шт.&lt;/li&gt;\r\n	&lt;li&gt;\r\n		USB кабель для подключения блока к ПК – 1шт.&lt;/li&gt;\r\n	&lt;li&gt;\r\n		Соединительные кабели – 7шт&lt;/li&gt;\r\n	&lt;li&gt;\r\n		Инструкция – 1шт.&lt;/li&gt;\r\n	&lt;li&gt;\r\n		Диск с ПО – 1шт.&lt;/li&gt;\r\n	&lt;li&gt;\r\n		Тестовое поле – 1шт.&lt;/li&gt;\r\n	&lt;li&gt;\r\n		Кубики LEGO – 612 шт.&lt;/li&gt;\r\n&lt;/ul&gt;\r\n&lt;h2&gt;\r\n	&lt;strong&gt;Достоинства конструктора Mindstorms NXT 2.0:&lt;/strong&gt;&lt;/h2&gt;\r\n&lt;ul&gt;\r\n	&lt;li&gt;\r\n		Инструкции для конструирования стандартных роботов&lt;/li&gt;\r\n	&lt;li&gt;\r\n		Программируемый блок управления&lt;/li&gt;\r\n	&lt;li&gt;\r\n		Сенсоры и моторы в наборе&lt;/li&gt;\r\n	&lt;li&gt;\r\n		Неограниченные возможности создания собственных моделей&lt;/li&gt;\r\n	&lt;li&gt;\r\n		Совместимость с другой продукцией «Лего»&lt;/li&gt;\r\n	&lt;li&gt;\r\n		Возможность покупки дополнительных механизмов&lt;/li&gt;\r\n	&lt;li&gt;\r\n		Поле для тестирования созданной программы&lt;/li&gt;\r\n	&lt;li&gt;\r\n		Управление с телефона при помощи Bluetooth&lt;/li&gt;\r\n&lt;/ul&gt;\r\n&lt;ul&gt;\r\n&lt;/ul&gt;\r\n', 'Конструкторы «Лего» в представлении не нуждаются. Mindstorms NXT 2.0 - самый совершенный набор в ассортименте производителя, в котором помимо кубиков находится множество механизмов.', 'mindstorms nxt, mindstorms nxt 2.0, lego mindstorms nxt, lego mindstorms nxt 2.0, mindstorms nxt 2.0 купить, lego mindstorms nxt купить, 8547 mindstorms nxt, mindstorms nxt 2', 'Купить конструктор LEGO Mindstorms NXT 2.0', 'Конструктор LEGO Mindstorms NXT 2.0', '');
INSERT INTO `product_description` (`product_id`, `language_id`, `name`, `description`, `meta_description`, `meta_keyword`, `seo_title`, `seo_h1`, `meta_title`) VALUES
(109, 1, 'Робот-тамагочи U.bo', '&lt;p&gt;\r\n	Тамагочи нового поколения значительно подросли по сравнению со своими предшественниками. Вместо существа на маленьком экранчике перед вами миниатюрный шестиногий робот &lt;strong&gt;U.bo, &lt;/strong&gt;все эмоции которого отображаются на 121-пиксельном дисплее.&lt;/p&gt;\r\n&lt;p&gt;\r\n	Производитель даже придумал интересную историю, рассказывающую, как непохожее ни на одно известное животное существо попало на землю. &lt;strong&gt;U.bo – &lt;/strong&gt;космический странник, исследующий новые планеты на миниатюрном космическом корабле.&lt;/p&gt;\r\n&lt;p&gt;\r\n	Функций в &lt;strong&gt;U.bo &lt;/strong&gt;достаточно много. Он ходит, растёт, питается, издаёт звуки, реагирует на прикосновения и даже вступает во взаимодействие с другими &lt;strong&gt;U.bo&lt;/strong&gt;.&lt;/p&gt;\r\n&lt;p&gt;\r\n	Для роста роботу необходимо питаться. Он не признаёт никакой другой еды, кроме круглых печенек. Достаточно поднести лакомство к дисплею, и на нём отобразится процесс поедания печенья. Как и живому существу, &lt;strong&gt;U.bo &lt;/strong&gt;необходимо иногда справлять естественные потребности. Для уборки за ним достаточно встряхнуть корпус.&lt;/p&gt;\r\n&lt;p&gt;\r\n	&lt;strong&gt;U.bo &lt;/strong&gt;любит, когда ему оказывают внимание, гладят, играют с ним. В то же время его настроение резко портится, если хозяин долго игнорирует его. Не нравится ему и резкая тряска, от которой у робота кружится голова.&lt;/p&gt;\r\n&lt;p&gt;\r\n	Все действия хозяина запоминаются в памяти &lt;strong&gt;U.bo, &lt;/strong&gt;формируя его личность. Это заставляет ребёнка бережно обращаться с игрушкой и воспитывает чувство ответственности.&lt;/p&gt;\r\n&lt;p&gt;\r\n	Тамагочи можно управлять вручную с компьютера или телефона. Источником питания служат обычные батарейки AA.&lt;/p&gt;\r\n&lt;h2&gt;\r\n	&lt;strong&gt;Комплектация U.bo:&lt;/strong&gt;&lt;/h2&gt;\r\n&lt;ul&gt;\r\n	&lt;li&gt;\r\n		Робот &lt;strong&gt;U.bo&lt;/strong&gt; – 1шт.&lt;/li&gt;\r\n	&lt;li&gt;\r\n		Круглое печение – 1шт.&lt;/li&gt;\r\n	&lt;li&gt;\r\n		Руководство пользователя – 1шт.&lt;/li&gt;\r\n	&lt;li&gt;\r\n		Батарейки AA – 2шт.&lt;/li&gt;\r\n	&lt;li&gt;\r\n		CD диск – 1шт.&lt;/li&gt;\r\n&lt;/ul&gt;\r\n&lt;h2&gt;\r\n	&lt;strong&gt;Достоинства U.bo:&lt;/strong&gt;&lt;/h2&gt;\r\n&lt;ul&gt;\r\n	&lt;li&gt;\r\n		Реакция на действия хозяина отображается на дисплее&lt;/li&gt;\r\n	&lt;li&gt;\r\n		Просит кушать&lt;/li&gt;\r\n	&lt;li&gt;\r\n		Издаёт звуки&lt;/li&gt;\r\n	&lt;li&gt;\r\n		Двигается&lt;/li&gt;\r\n	&lt;li&gt;\r\n		Взаимодействует с другими &lt;strong&gt;U.bo&lt;/strong&gt;&lt;/li&gt;\r\n	&lt;li&gt;\r\n		Программное обеспечение для игры с роботом на компьютере&lt;/li&gt;\r\n	&lt;li&gt;\r\n		Разные цвета корпуса&lt;/li&gt;\r\n&lt;/ul&gt;\r\n&lt;br /&gt;\r\n&lt;ul&gt;\r\n&lt;/ul&gt;\r\n', 'Популярные в 90-х годах тамагочи вернулись. Теперь они не просто пиксели на экране, а полноценная игрушка, которая может передвигаться и реагировать на прикосновения.', 'u bo, робот u bo, u bo купить, тамагочи u bo, робот u bo купить', 'Купить робот-тамагочи U.bo', 'Робот-тамагочи U.bo', ''),
(108, 1, 'Микроробот HexBug Nano', '&lt;p&gt;\r\n	Копирующие поведение маленьких жучков микророботы &lt;strong&gt;HexBug Nano&lt;/strong&gt; умеют бегать, резко меняя направление. Их поведение непредсказуемо и наблюдать за ними невероятно интересно.&lt;/p&gt;\r\n&lt;p&gt;\r\n	Конструкция роботов очень проста: питающийся от одной батарейки крохотный двигатель приводит в движение резиновые «ножки», которые колеблются с высокой частотой. Это и приводит к стремительному движению «жуков».&amp;nbsp;&lt;/p&gt;\r\n&lt;p&gt;\r\n	Сфера применения этой, казалось бы, примитивной игрушки, обширна. &lt;strong&gt;HexBug Nano &lt;/strong&gt;можно пустить бегать по полу или в замкнутом пространстве. Очень любят играть с ними кошки. Но самое интересное занятие – забеги в лабиринте, в которых соревнуются сразу несколько «жуков». Построить лабиринт можно как самому, так и купить готовый.&lt;/p&gt;\r\n&lt;p&gt;\r\n	Роботы имеют низкий центр тяжести, что позволяет им держаться на ногах достаточно уверенно, но даже если произойдёт опрокидывание, &lt;strong&gt;HexBug Nano &lt;/strong&gt;быстро перевернётся со спины на ноги.&lt;/p&gt;\r\n&lt;p&gt;\r\n	Чтобы игроки не перепутали своего «жука» с чужим, предлагается 10 вариантов расцветки.&amp;nbsp;&lt;/p&gt;\r\n&lt;h2&gt;\r\n	&lt;strong&gt;Комплектация&lt;/strong&gt; &lt;strong&gt;HexBug Nano:&lt;/strong&gt;&lt;/h2&gt;\r\n&lt;ul&gt;\r\n	&lt;li&gt;\r\n		Микроробот &lt;strong&gt;HexBug Nano &lt;/strong&gt;– 1шт.&lt;/li&gt;\r\n	&lt;li&gt;\r\n		Батарейка типа AG13 – 1шт.&lt;/li&gt;\r\n&lt;/ul&gt;\r\n&lt;h2&gt;\r\n	&lt;strong&gt;Достоинства&lt;/strong&gt; &lt;strong&gt;HexBug Nano:&lt;/strong&gt;&lt;/h2&gt;\r\n&lt;ul&gt;\r\n	&lt;li&gt;\r\n		Быстрые непредсказуемые движения&lt;/li&gt;\r\n	&lt;li&gt;\r\n		Длительное время работы на одной батарее&lt;/li&gt;\r\n	&lt;li&gt;\r\n		Прочный пластик корпуса&lt;/li&gt;\r\n	&lt;li&gt;\r\n		Множество расцветок и узоров&lt;/li&gt;\r\n	&lt;li&gt;\r\n		Способность обходить препятствия&lt;/li&gt;\r\n&lt;/ul&gt;\r\n&lt;ul&gt;\r\n&lt;/ul&gt;\r\n', 'Быстрые и юркие микророботы HexBug Nano ведут себя как настоящие насекомые: бегают, отталкиваются от препятствий и переворачиваются со спины после падений.', 'hexbug nano, hexbug nano купить, hexbug nano набор, микроробот hexbug nano', 'Купит микроробот HexBug Nano', 'Микроробот HexBug Nano', ''),
(110, 1, 'Робот Tomy I-sobot', '&lt;p&gt;\r\n	Несмотря на небольшой размер, всего 16 см в высоту, &lt;strong&gt;Tomy I-sobot&lt;/strong&gt; является достаточно функциональным антропоморфным роботом, который мало в чём уступает своим более габаритным и дорогим собратьям.&lt;/p&gt;\r\n&lt;p&gt;\r\n	Главная отличительная черта этого андроида – невероятная пластичность движения, которая достигается применением 17 сервомоторов. Благодаря такому решению буквально каждый кусочек &lt;strong&gt;I-sobot&lt;/strong&gt; двигается отдельно, что создает поразительную иллюзию человеческих движений. Встроенный гироскоп позволяет держать равновесие и сигнализирует о падении.&lt;/p&gt;\r\n&lt;p&gt;\r\n	Исходя из выдающихся гимнастических способностей робота, были разработаны 4 режима работы.&lt;/p&gt;\r\n&lt;p&gt;\r\n	Роботом можно управлять вручную, используя кнопки на пульте ДУ, оснащённом ЖК-дисплеем. Причём контроль не ограничивается нажатием кнопки, после которого &lt;strong&gt;I-sobot&lt;/strong&gt; сделает простое движение. В памяти игрушки заложены команды, которые вызываются нажатием комбинации клавиш. Для одного движения используется до 3 кнопок.&lt;/p&gt;\r\n&lt;p&gt;\r\n	И всё же режим удалённого контроля достаточно прост. Куда совершеннее режим программирования, при котором можно самому создать комбинацию действий. Всего &lt;strong&gt;I-sobot&lt;/strong&gt; умеет выполнять 150 движений, т.е. потенциал создания интересных комбинаций безграничен. Например, можно запрограммировать последовательные кувырок, удар рукой и толчок ногой.&lt;/p&gt;\r\n&lt;p&gt;\r\n	В роботе заложено также 18 специальных действий, таких как игра на воображаемой гитаре, показ летящего орла или стрельба в стиле вестернов.&lt;/p&gt;\r\n&lt;p&gt;\r\n	&lt;strong&gt;Tomy I-sobot&lt;/strong&gt; имеет микрофон, через который ему можно задать одну из 10 голосовых команд, правда на английском языке. Так, у робота можно узнать, как у него дела, на что последует один из нескольких вариантов ответа.&lt;/p&gt;\r\n&lt;p&gt;\r\n	Чтобы играть с роботом было ещё интереснее, &amp;nbsp;каждое своё движение он сопровождает звуками или фразами, которых у него записано около 200.&lt;/p&gt;\r\n&lt;h2&gt;\r\n	&lt;strong&gt;Комплектация робота Tomy I-sobot:&lt;/strong&gt;&lt;/h2&gt;\r\n&lt;ul&gt;\r\n	&lt;li&gt;\r\n		Робот-андроид &lt;strong&gt;Tomy I-sobot &lt;/strong&gt;–1 шт.&lt;/li&gt;\r\n	&lt;li&gt;\r\n		Аккумуляторные батареи – 3шт.&lt;/li&gt;\r\n	&lt;li&gt;\r\n		Пульт ДУ с дисплеем – 1шт.&lt;/li&gt;\r\n	&lt;li&gt;\r\n		Руководство пользователя – 1шт.&lt;/li&gt;\r\n&lt;/ul&gt;\r\n&lt;h2&gt;\r\n	&lt;strong&gt;Достоинства робота Tomy I-sobot:&lt;/strong&gt;&lt;/h2&gt;\r\n&lt;ul&gt;\r\n	&lt;li&gt;\r\n		Пластичные движения со звуковым сопровождением&lt;/li&gt;\r\n	&lt;li&gt;\r\n		Гироскоп для равновесия&lt;/li&gt;\r\n	&lt;li&gt;\r\n		4 режима работы&lt;/li&gt;\r\n	&lt;li&gt;\r\n		200 фраз в памяти андроида&lt;/li&gt;\r\n	&lt;li&gt;\r\n		Более 150 уникальных движений&lt;/li&gt;\r\n	&lt;li&gt;\r\n		Знает голосовые команды&lt;/li&gt;\r\n	&lt;li&gt;\r\n		Возможность программирования собственной комбинации действий&lt;/li&gt;\r\n	&lt;li&gt;\r\n		Перезаряжаемые аккумуляторы&lt;/li&gt;\r\n&lt;/ul&gt;\r\n&lt;ul&gt;\r\n&lt;/ul&gt;\r\n', 'I-sobot, самый миниатюрный робот в мире, поражает грацией и естественностью движений. 4 режима работы и множество заложенных команд не дадут соскучиться с ним.', 'i sobot tomy, Tomy I-sobot, робот +i sobot, +i sobot tomy, +i sobot цена, +i sobot купить', 'Купить робот Tomy I-sobot', 'Робот Tomy I-sobot', ''),
(111, 1, 'Робот RoboBuilder 5710K', '&lt;p&gt;\r\n	&lt;strong&gt;RoboBuilder 5710K&lt;/strong&gt; не просто готовый робот, умеющий выполнять команды, а полноценный конструктор. Он состоит из 16 взаимозаменяемых модулей, из которых, помимо 3 стандартных моделей, могут быть собраны и уникальные устройства, разработанные владельцем. Соединение и разъединение робота проходит очень легко и с ними справится даже ребёнок.&lt;/p&gt;\r\n&lt;p&gt;\r\n	Чтобы вдохнуть жизнь в придуманное существо или машину, необходимо скачать с официального сайта программу Actionbuilder, с помощью которой можно осуществлять программирование модулей. &amp;nbsp;Программа достаточно проста, и благодаря доступному руководству пользователя разобраться с ней труда не составит.&lt;/p&gt;\r\n&lt;p&gt;\r\n	Но даже если вы пока не готовы к созданию собственного робота – не расстраивайтесь. Стандартные модели &lt;strong&gt;RoboBuilder 5710K&lt;/strong&gt; способны надолго завлечь ребёнка.&lt;/p&gt;\r\n&lt;p&gt;\r\n	Основной вид конструктора – робот-андроид. Он умеет приседать, бегать трусцой, ложиться на пол. Дополнительно через компьютер ему можно записать танцевальную программу или научить боевым искусствам.&lt;/p&gt;\r\n&lt;p&gt;\r\n	Робот-динозавр ходит на двух ногах, а держать равновесие ему помогает хвост. Доисторическая рептилия умеет очень быстро бегать, бить хвостом и выполнять другие действия, свойственные прототипу.&lt;/p&gt;\r\n&lt;p&gt;\r\n	Последняя стандартная модификация – робопёс. Он умеет сидеть, лежать, бегать, переворачиваться и т.д.&lt;/p&gt;\r\n&lt;p&gt;\r\n	Управлять &lt;strong&gt;RoboBuilder 5710K&lt;/strong&gt; можно разными способами: с помощью смартфона, компьютера или идущего в комплекте пульта ДУ.&lt;/p&gt;\r\n&lt;p&gt;\r\n	&lt;strong&gt;Комплектация RoboBuilder 5710K:&lt;/strong&gt;&lt;/p&gt;\r\n&lt;ul&gt;\r\n	&lt;li&gt;\r\n		Управляющий контроллер – 1шт.&lt;/li&gt;\r\n	&lt;li&gt;\r\n		Модули – 16 шт.&lt;/li&gt;\r\n	&lt;li&gt;\r\n		Части корпуса – 11 шт.&lt;/li&gt;\r\n	&lt;li&gt;\r\n		Соединительные элементы – 71 шт.&lt;/li&gt;\r\n	&lt;li&gt;\r\n		Кабели для соединения модулей – 20 шт.&lt;/li&gt;\r\n	&lt;li&gt;\r\n		Компьютерный кабель – 1шт.&lt;/li&gt;\r\n	&lt;li&gt;\r\n		Зарядное устройство – 1шт.&lt;/li&gt;\r\n	&lt;li&gt;\r\n		Пульт ДУ – 1шт.&lt;/li&gt;\r\n	&lt;li&gt;\r\n		Руководство пользователя – 1шт.&lt;/li&gt;\r\n	&lt;li&gt;\r\n		Диск с ПО – 1шт.&lt;/li&gt;\r\n&lt;/ul&gt;\r\n&lt;p&gt;\r\n	&lt;strong&gt;Достоинства RoboBuilder 5710K:&lt;/strong&gt;&lt;/p&gt;\r\n&lt;ul&gt;\r\n	&lt;li&gt;\r\n		Лёгкая сборка и разборка модулей&lt;/li&gt;\r\n	&lt;li&gt;\r\n		3 стандартные модели робота&lt;/li&gt;\r\n	&lt;li&gt;\r\n		Возможность создания собственного устройства из 16 модулей&lt;/li&gt;\r\n	&lt;li&gt;\r\n		Простота программирования движений&lt;/li&gt;\r\n&lt;/ul&gt;\r\n&lt;ul&gt;\r\n&lt;/ul&gt;\r\n', 'Приобретая RoboBuilder 5710K, вы получаете целый набор роботов, с которыми с удовольствием будет играть ребёнок. Даже используя только стандартную инструкцию, можно сделать 3 непохожие друг на друга игрушки.', 'robobuilder 5710k, конструктор robobuilder, robobuilder', 'Купить робота RoboBuilder 5710K', 'Робот RoboBuilder 5710K', ''),
(112, 1, 'Плеер Sony Rolly', '&lt;p&gt;\r\n	Японская разработка – скорее демонстрация современного уровня развития техники, чем практичное устройство. Не имеющий аналогов в мире &lt;strong&gt;Sony Rolly&lt;/strong&gt; показывает, как будут выглядеть плееры через 5-10 лет.&lt;/p&gt;\r\n&lt;p&gt;\r\n	Первое, на что обращаешь внимание при взгляде на этот гаджет – отсутствие привычных кнопок управления. Нет, две кнопки у него есть. Они отвечают за включение устройства и модуля Bluetooth. Остальные же команды задаются непосредственно движением корпуса &lt;strong&gt;Sony Rolly&lt;/strong&gt;.&lt;/p&gt;\r\n&lt;p&gt;\r\n	Для переключения трека в плейлисте необходимо катнуть круглый гаджет, причём лёгкий толчок приведёт к переходу к следующей композиции, а сильный – сразу на несколько файлов вперёд или назад. &amp;nbsp;Громкость регулируется поворотом робота по или против часовой стрелки. Чтобы привыкнуть к такому управлению, понадобится время, но покупатели сего девайса – продвинутые люди, и освоить его им будет несложно.&lt;/p&gt;\r\n&lt;p&gt;\r\n	Не только управление отличает &lt;strong&gt;Sony Rolly&lt;/strong&gt; от других плееров. Он умеет двигаться в такт музыке, переливаясь при этом одним из 700 оттенков. После начала воспроизведения композиции робот раскроет свои «руки» и, проанализировав темп и стиль мелодии, начнёт танцевать. Особенно по душе ему современная электронная музыка. Тогда он наиболее ярко проявляет свои танцевальные способности.&lt;/p&gt;\r\n&lt;p&gt;\r\n	Ещё точнее характер движения &lt;strong&gt;Sony Rolly&lt;/strong&gt; &amp;nbsp;будет соответствовать проигрываемому треку, если заранее обработать мелодию в поставляемом в комплекте ПО. Подключение к компьютеру осуществляется посредством USB-кабеля.&lt;/p&gt;\r\n&lt;p&gt;\r\n	Также в программе можно самому задавать роботу движения под ту или иную музыку. В интернете даже существуют сообщества, в которых владельцы гаджета делятся полученными сочетаниями.&lt;/p&gt;\r\n&lt;p&gt;\r\n	Возможно использовать &lt;strong&gt;Sony Rolly&lt;/strong&gt; и как динамики, воспроизводя через него музыку с компьютера или телефона с помощью Bluetooth. &amp;nbsp;Надо сказать, что качество звука для такого небольшого устройства на высоком уровне, а форма динамиков позволяет одинаково хорошо проигрывать звук на все 360 градусов.&lt;/p&gt;\r\n&lt;h2&gt;\r\n	&lt;strong&gt;Комплектация&lt;/strong&gt;&lt;strong&gt; Sony Rolly:&lt;/strong&gt;&lt;/h2&gt;\r\n&lt;ul&gt;\r\n	&lt;li&gt;\r\n		Плеер Sony Rolly – 1шт.&lt;/li&gt;\r\n	&lt;li&gt;\r\n		Подставка – 1шт.&lt;/li&gt;\r\n	&lt;li&gt;\r\n		Кабель miniUSB – 1шт.&lt;/li&gt;\r\n	&lt;li&gt;\r\n		Инструкция – 1шт.&lt;/li&gt;\r\n	&lt;li&gt;\r\n		Диск с ПО – 1шт.&lt;/li&gt;\r\n&lt;/ul&gt;\r\n&lt;h2&gt;\r\n	&lt;strong&gt;Достоинства &lt;/strong&gt;&lt;strong&gt;Sony &lt;/strong&gt;&lt;strong&gt;Rolly:&lt;/strong&gt;&lt;/h2&gt;\r\n&lt;ul&gt;\r\n	&lt;li&gt;\r\n		Не имеет аналогов&lt;/li&gt;\r\n	&lt;li&gt;\r\n		Высокое качество воспроизводимого звука&lt;/li&gt;\r\n	&lt;li&gt;\r\n		Двигается в такт музыки&lt;/li&gt;\r\n	&lt;li&gt;\r\n		Управление без кнопок&lt;/li&gt;\r\n	&lt;li&gt;\r\n		Bluetooth-модуль для связи с другими мобильными устройствами&lt;/li&gt;\r\n	&lt;li&gt;\r\n		Создание собственных движений через фирменное ПО&lt;/li&gt;\r\n&lt;/ul&gt;\r\n', 'Sony Rolly – больше чем просто плеер. Помимо отличного звука, распространяющегося на 360 градусов, этот гаджет имеет интерактивную танцевальную систему, которая позволяет ему двигаться в такт музыки.', 'sony rolly, sony rolly купить, sony rolly цена, плеер rolly sony, mp3 плеер sony rolly', 'Купить плеер Sony Rolly', 'Плеер Sony Rolly', ''),
(113, 1, 'Робот Bioloid Beginner Kit', '&lt;p&gt;\r\n	&lt;strong&gt;Bioloid Beginner Kit&lt;/strong&gt; – ваш билет в мир роботостроения. Этот набор научит основам робототехники и подготовит почву для конструирования более сложных механизмов. Наборы &lt;strong&gt;Bioloid&lt;/strong&gt; являются одним из столбов, на которых держится не только любительская, но и профессиональная робототехника. Если вы увлекаетесь просмотром соревнований роботов, то должны были заметить, что роботы на этой платформе создают многие успешные участники.&lt;/p&gt;\r\n&lt;p&gt;\r\n	От более дорогих наборов &lt;strong&gt;Beginner Kit&lt;/strong&gt; отличается наличием меньшего количества сенсоров и сервоприводов, которые позволяют построить устройство с 4 степенями свободы.&lt;/p&gt;\r\n&lt;p&gt;\r\n	Самое простое, что можно сконструировать из набора – поднимающийся и опускающийся шлагбаум. Более сложные модели, такие как черепаха, динозавр, экскаватор или андроид, умеют выполнять большее количество действий.&lt;/p&gt;\r\n&lt;p&gt;\r\n	Центр управления &lt;strong&gt;Bioloid &lt;/strong&gt;&lt;strong&gt;Beginner &lt;/strong&gt;&lt;strong&gt;Kit&lt;/strong&gt; – контроллер Atmel ATMega128, оснащённый 128 Кб флэш-памятью и 2 портами. Снаружи на управляющем контроллере находятся 6 кнопок и LED-индикаторы состояния робота.&lt;/p&gt;\r\n&lt;p&gt;\r\n	Ушами и глазами устройства служит модуль Dynamixel AX-S1, умеющий находить источник шума и определять расстояние до преград.&lt;/p&gt;\r\n&lt;p&gt;\r\n	Суставы робота – 4 сервопривода Dynamixel AX-12+, которые зарекомендовали себя как крайне надёжные и простые в обслуживании механизмы.&lt;/p&gt;\r\n&lt;p&gt;\r\n	Процесс создания робота не ограничивается сборкой из имеющихся деталей цельного устройства. После соединения элементов, для чего, кстати, понадобится лишь отвертка, необходимо запрограммировать &lt;strong&gt;Bioloid &lt;/strong&gt;&lt;strong&gt;Beginner &lt;/strong&gt;&lt;strong&gt;Kit &lt;/strong&gt;с помощью фирменного ПО и откалибровать сенсоры.&lt;/p&gt;\r\n&lt;p&gt;\r\n	Стартовый набор в любое время можно расширить, докупив отдельно сервоприводы и сенсоры.&lt;/p&gt;\r\n&lt;h2&gt;\r\n	&lt;strong&gt;Комплектация Bioloid Beginner Kit:&lt;/strong&gt;&lt;/h2&gt;\r\n&lt;ul&gt;\r\n	&lt;li&gt;\r\n		Управляющий контроллер – 1шт.&lt;/li&gt;\r\n	&lt;li&gt;\r\n		Сервоприводы – 4шт.&lt;/li&gt;\r\n	&lt;li&gt;\r\n		Сенсор – 1шт.&lt;/li&gt;\r\n	&lt;li&gt;\r\n		Аккумуляторная батарея – 1шт.&lt;/li&gt;\r\n	&lt;li&gt;\r\n		Кабель для подключения к компьютеру – 1шт.&lt;/li&gt;\r\n	&lt;li&gt;\r\n		Диск с ПО – 1шт.&lt;/li&gt;\r\n	&lt;li&gt;\r\n		Руководство пользователя – 1шт.&lt;/li&gt;\r\n&lt;/ul&gt;\r\n&lt;h2&gt;\r\n	&lt;strong&gt;Достоинства Bioloid Beginner Kit:&lt;/strong&gt;&lt;/h2&gt;\r\n&lt;ul&gt;\r\n	&lt;li&gt;\r\n		Сервоприводы и сенсоры, как в профессиональных устройствах&lt;/li&gt;\r\n	&lt;li&gt;\r\n		14 видов роботов для сборки&lt;/li&gt;\r\n	&lt;li&gt;\r\n		Программирование функций&lt;/li&gt;\r\n	&lt;li&gt;\r\n		Просмотр созданных движений в трёхмерном виде&lt;/li&gt;\r\n	&lt;li&gt;\r\n		Лёгкая сборка роботов&lt;/li&gt;\r\n	&lt;li&gt;\r\n		Возможность расширения набора&lt;/li&gt;\r\n&lt;/ul&gt;\r\n', 'Набор для создания роботов Bioloid Beginner Kit позволяет конструировать до 14 различных устройств, как простых с одной функцией, так и сложных, которые умеют выполнять до 4 действий.', 'robotis bioloid, купить bioloid, bioloid beginner kit', 'Купить робота Bioloid Beginner Kit', 'Робот Bioloid Beginner Kit', ''),
(114, 1, 'Радиоуправляемый вертолет Func HGR-44', '&lt;p&gt;\r\n	Небольшой радиоуправляемый вертолёт &lt;strong&gt;Func HGR-44&lt;/strong&gt; – отличное устройство для освоения принципов управления летательными аппаратами и развлечение для подростков. Производителю удалось воплотить в этой недорогой игрушке преимущества профессиональных моделей.&lt;/p&gt;\r\n&lt;p&gt;\r\n	Самый главный плюс &lt;strong&gt;Func HGR-44&lt;/strong&gt; – 4-канальное управление. Кроме трёх стандартных каналов, отвечающих за набор скорости, набор высоты и повороты, в нём присутствует четвёртый, через который можно управлять боковыми кренами.&lt;/p&gt;\r\n&lt;p&gt;\r\n	Благодаря встроенному гироскопу, вертолёт автоматически выравнивает своё положение, поэтому управлять им намного легче, чем безгироскопными моделями. &amp;nbsp;&lt;/p&gt;\r\n&lt;p&gt;\r\n	Корпус &lt;strong&gt;Func HGR-44&lt;/strong&gt; выполнен из легкого металла, который выдерживает неоднократные удары и падения. Мягкий пластик лопастей уберегает их от поломки, если вы случайно не рассчитаете траекторию и заденете дерево или стену. Чтобы не потерять вертолёт в темноте, в корпус вмонтирован фонарик.&lt;/p&gt;\r\n&lt;p&gt;\r\n	Несмотря на небольшие размеры, вертолёт запускать в помещении меньше 20 кв.м. не рекомендуется. Скорость набора высоты и полёта у него достаточно высока, поэтому возможны повреждения мебели или потолка.&lt;/p&gt;\r\n&lt;p&gt;\r\n	Отдельно стоит обратить внимание на пульт ДУ &lt;strong&gt;Func HGR-44. &lt;/strong&gt;По бокам в нём расположены джойстики, которыми регулируется высота (левый) и скорость и направление полёта (правый). &amp;nbsp;Другими кнопками выбирается канал, регулируется тангаж. Посередине размещён ЖК-дисплей. На нём отображается скорость, высота, уровень заряда батареи и мощность сигнала. &amp;nbsp;&lt;/p&gt;\r\n&lt;p&gt;\r\n	Время полёта на одной зарядке – около 7 минут. Заряжать вертолёт можно от USB-кабеля или от пульта. В пульте есть отсек для дополнительного аккумулятора, который позволит реже прерывать полёты.&lt;/p&gt;\r\n&lt;h2&gt;\r\n	&lt;strong&gt;Комплектация радиоуправляемого вертолета Func HGR-44:&lt;/strong&gt;&lt;/h2&gt;\r\n&lt;ul&gt;\r\n	&lt;li&gt;\r\n		Вертолёт &lt;strong&gt;Func HGR-44&lt;/strong&gt; – 1шт.&lt;/li&gt;\r\n	&lt;li&gt;\r\n		Пульт ДУ – 1шт.&lt;/li&gt;\r\n	&lt;li&gt;\r\n		Антенна для пульта – 1шт.&lt;/li&gt;\r\n	&lt;li&gt;\r\n		USB-кабель для зарядки от компьютера – 1шт.&lt;/li&gt;\r\n	&lt;li&gt;\r\n		Адаптер питания – 1шт.&lt;/li&gt;\r\n	&lt;li&gt;\r\n		Аккумуляторная батарея – 1шт.&lt;/li&gt;\r\n	&lt;li&gt;\r\n		Инструкция – 1шт.&lt;/li&gt;\r\n&lt;/ul&gt;\r\n&lt;h2&gt;\r\n	&lt;strong&gt;Достоинства&lt;/strong&gt; &lt;strong&gt;радиоуправляемого вертолета Func HGR-44:&lt;/strong&gt;&lt;/h2&gt;\r\n&lt;ul&gt;\r\n	&lt;li&gt;\r\n		Низкая цена&lt;/li&gt;\r\n	&lt;li&gt;\r\n		Прочный корпус и лопасти&lt;/li&gt;\r\n	&lt;li&gt;\r\n		4-канальное дистанционное управление&lt;/li&gt;\r\n	&lt;li&gt;\r\n		ЖК-дисплей на пульте&lt;/li&gt;\r\n	&lt;li&gt;\r\n		Встроенный гироскоп и фонарик&lt;/li&gt;\r\n	&lt;li&gt;\r\n		Мощная батарея&lt;/li&gt;\r\n&lt;/ul&gt;\r\n&lt;br /&gt;\r\n&lt;ul&gt;\r\n&lt;/ul&gt;\r\n', 'Любительский радиоуправляемый вертолет Func HGR-44 – прекрасное сочетание низкой стоимости и отменного управления. Несмотря на непрофессиональный статус, этот летательный аппарат имеет 4 канала управления и гироскоп. ', 'func hgr 44, вертолет func hgr 44, радиоуправляемый вертолет func hgr 44', 'Купить радиоуправляемый вертолет Func HGR-44', 'Радиоуправляемый вертолет Func HGR-44', ''),
(115, 1, 'Радиоуправляемый вертолет GYRO-PRO', '&lt;p&gt;\r\n	Полуметровый вертолёт на радиоуправлении &lt;strong&gt;GYRO-PRO&lt;/strong&gt; уже нельзя назвать просто игрушкой для детей. В нём заложены многие функции, характерные для куда более дорогих аппаратов.&lt;/p&gt;\r\n&lt;p&gt;\r\n	Во-первых, хотелось бы отметить качество исполнения корпуса вертолёта. Каркас выполнен из алюминия, обеспечивающего прочность. Остальные элементы корпуса изготовлены из лёгкого ударопрочного пластика, выдерживающего столкновение с препятствием на полной скорости. Рассчитаны на удары и лопасти пропеллера, которые покрыты слоем резины. Дополнительная защита – отключаемый при запутывании мотор.&lt;/p&gt;\r\n&lt;p&gt;\r\n	Если же винт всё-таки поломается – не беда. В комплекте идут запасные основные и хвостовые лопасти.&lt;/p&gt;\r\n&lt;p&gt;\r\n	Так как размеры &lt;strong&gt;GYRO-PRO&lt;/strong&gt; достаточно велики, его лучше использовать на открытой местности. Из-за этого дальность дистанционного управления увеличена до 50 м, внизу корпуса были установлены разноцветные яркие светодиоды, включаемые с пульта, а спереди расположен прожектор.&lt;/p&gt;\r\n&lt;p&gt;\r\n	Для того чтобы владелец вертолёта смог продемонстрировать всё свое пилотажное мастерство, создатели &lt;strong&gt;GYRO-PRO&lt;/strong&gt; использовали японский гироскоп, улучшающий балансировку в полёте.&lt;/p&gt;\r\n&lt;p&gt;\r\n	Вертолёт имеет «взрослую» 4-канальную систему управления, при которой с пульта регулируется не только скорость полёта, набора высоты и направление движения, но и боковые крены. Такая схема значительно расширяет возможности пилотирования.&lt;/p&gt;\r\n&lt;p&gt;\r\n	Состояние вертолёта передаётся на пульт и отображается на ЖК-дисплее.&lt;/p&gt;\r\n&lt;h2&gt;\r\n	&lt;strong&gt;Комплектация вертолёта GYRO-PRO:&lt;/strong&gt;&lt;/h2&gt;\r\n&lt;ul&gt;\r\n	&lt;li&gt;\r\n		Вертолёт GYRO-PRO – 1шт.&lt;/li&gt;\r\n	&lt;li&gt;\r\n		Пульт ДУ – 1шт.&lt;/li&gt;\r\n	&lt;li&gt;\r\n		Запасной задний винт – 1шт.&lt;/li&gt;\r\n	&lt;li&gt;\r\n		Запасные лопасти – 2шт.&lt;/li&gt;\r\n	&lt;li&gt;\r\n		Зарядное устройство – 1шт.&lt;/li&gt;\r\n&lt;/ul&gt;\r\n&lt;h2&gt;\r\n	&lt;strong&gt;Достоинства вертолёта GYRO-PRO:&lt;/strong&gt;&lt;/h2&gt;\r\n&lt;ul&gt;\r\n	&lt;li&gt;\r\n		Маневренность&lt;/li&gt;\r\n	&lt;li&gt;\r\n		Высококачественный компактный гироскоп&lt;/li&gt;\r\n	&lt;li&gt;\r\n		4-канальное управление&lt;/li&gt;\r\n	&lt;li&gt;\r\n		Система защиты лопастей при столкновении&lt;/li&gt;\r\n	&lt;li&gt;\r\n		Прочный корпус&lt;/li&gt;\r\n	&lt;li&gt;\r\n		Большой радиус действия дистанционного управления&lt;/li&gt;\r\n	&lt;li&gt;\r\n		Запасные винты&lt;/li&gt;\r\n&lt;/ul&gt;\r\n&lt;br /&gt;\r\n&lt;ul&gt;\r\n&lt;/ul&gt;\r\n', 'Радиоуправляемый вертолет GYRO- PRO –следующий шаг на пути к покорению воздуха. Лёгкий, маневренный и недорогой аппарат, оснащённый к тому же гироскопом – идеальная игрушка для полётов на природе.', 'gyro pro, вертолет gyro pro, купить gyro pro', 'Купить радиоуправляемый вертолет GYRO-PRO', 'Радиоуправляемый вертолет GYRO-PRO', ''),
(116, 1, 'Робот POB-Bot Golden Pack II', '&lt;p&gt;\r\n	Основное предназначение мобильной платформы &lt;strong&gt;POB-Bot Golden Pack II&lt;/strong&gt; – обучение учеников школ и институтов принципам программирования роботов. Но подойдёт она и для домашнего использования, ведь создание программы осуществляется через перемещение пиктограмм.&lt;/p&gt;\r\n&lt;p&gt;\r\n	Технически платформа представляет собой микропроцессор и плату, установленную на колёсное шасси. Сверху на &lt;strong&gt;POB-Bot Golden Pack II&lt;/strong&gt; установлен ЖК-дисплей, на который выводится информация об устройстве. Спереди вверху размещается камера для визуального определения цветов и форм. Основная действующая часть робота – клещи, приводимые в движение двумя сервомоторами. Они двигаются по вертикали и умеют захватывать предметы.&lt;/p&gt;\r\n&lt;p&gt;\r\n	Соединяются между собой все механизмы по высокоскоростной шине POB-Bus. Эта шина поддерживает также присоединение устройств сторонних производителей, которыми можно модернизировать &lt;strong&gt;POB-Bot Golden Pack II&lt;/strong&gt;.&lt;/p&gt;\r\n&lt;p&gt;\r\n	Особенность мобильной платформы – невероятно простой в изучении новичками графический редактор, программирование задач в котором осуществляется комбинацией иконок. Если же хозяин – продвинутый пользователь, то он вполне может программировать и на традиционных языках C++, Basic и Java. Приложения доступны для скачивания на официальном сайте производителя.&lt;/p&gt;\r\n&lt;p&gt;\r\n	Задачи &lt;strong&gt;POB-Bot Golden Pack II&lt;/strong&gt; выполняет самые разные. Его можно запрограммировать на объезд препятствия, подъём и перенос грузов определённого цвета, следование за объектом установленной формы, проезд лабиринта.&lt;/p&gt;\r\n&lt;h2&gt;\r\n	&lt;strong&gt;Комплектация&lt;/strong&gt;&lt;strong&gt; POB-Bot Golden Pack II:&lt;/strong&gt;&lt;/h2&gt;\r\n&lt;ul&gt;\r\n	&lt;li&gt;\r\n		Контролирующий модуль POB-Proto – 1шт.&lt;/li&gt;\r\n	&lt;li&gt;\r\n		Колёсная платформа – 1шт.&lt;/li&gt;\r\n	&lt;li&gt;\r\n		Модуль-дисплей POB-LCD – 1шт.&lt;/li&gt;\r\n	&lt;li&gt;\r\n		Модуль камеры POB-eye – 1шт.&lt;/li&gt;\r\n	&lt;li&gt;\r\n		Модуль захвата POB-Grip – 1шт.&lt;/li&gt;\r\n	&lt;li&gt;\r\n		USB-кабель для подключения к компьютеру – 1шт.&lt;/li&gt;\r\n&lt;/ul&gt;\r\n&lt;h2&gt;\r\n	&lt;strong&gt;Достоинства&lt;/strong&gt;&lt;strong&gt; POB-Bot Golden Pack II:&lt;/strong&gt;&lt;/h2&gt;\r\n&lt;ul&gt;\r\n	&lt;li&gt;\r\n		Возможность программирования на нескольких языках&lt;/li&gt;\r\n	&lt;li&gt;\r\n		Фронтальная видеокамера&lt;/li&gt;\r\n	&lt;li&gt;\r\n		Прочное устройство захвата&lt;/li&gt;\r\n	&lt;li&gt;\r\n		Большой ЖК-дисплей&lt;/li&gt;\r\n	&lt;li&gt;\r\n		Возможность подключения дополнительных модулей&lt;/li&gt;\r\n&lt;/ul&gt;\r\n&lt;ul&gt;\r\n&lt;/ul&gt;\r\n', 'Научиться программированию роботизированных устройств легко можно с помощью мобильной платформы POB-Bot Golden Pack II. Программы к ней пишутся как в графическом редакторе, так и на традиционных языках программирования.', 'pob-bot, купить мобильную платформу', 'Купить робота POB-Bot Golden Pack II', 'Робот POB-Bot Golden Pack II', '');
INSERT INTO `product_description` (`product_id`, `language_id`, `name`, `description`, `meta_description`, `meta_keyword`, `seo_title`, `seo_h1`, `meta_title`) VALUES
(118, 1, 'Интерактивный мобильный робот', '&lt;p&gt;\r\n	&lt;strong&gt;Интерактивный мобильный&lt;/strong&gt; &lt;strong&gt;робот&lt;/strong&gt; предоставляет большие возможности вывода на экраны видео, проигрывания звуковых дорожек и привлечения внимания посетителей торговых центров и выставочных залов.&lt;/p&gt;\r\n&lt;p&gt;\r\n	Устройство может работать в нескольких режимах: ручном, сценарном и логическом.&lt;/p&gt;\r\n&lt;p&gt;\r\n	В ручном режиме управление осуществляется через Wi-Fi устройство, по которому робот подключается к Интернету. Доступ к нему пользователь получает, зайдя на специальный сайт и введя пароль.&lt;/p&gt;\r\n&lt;p&gt;\r\n	Сценарный режим наиболее часто используется в рекламных целях. В нём робот движется согласно заданному маршруту и выполняет заложенные в программу действия: выводит на экраны видео или играет музыку. Внимание клиентов привлекает также светодиодная подсветка по бокам &lt;strong&gt;Интерактивного мобильного робота.&lt;/strong&gt;&lt;/p&gt;\r\n&lt;p&gt;\r\n	Логический режим подходит больше для соревнований. Его включение сопровождается программированием условий, при которых будет совершаться то или иное действие.&lt;/p&gt;\r\n&lt;p&gt;\r\n	Для навигации &lt;strong&gt;Интерактивный мобильный робот &lt;/strong&gt;использует одометрический датчик, который определяет его координаты. Для повышения точности перемещения используется ультразвуковой датчик.&lt;/p&gt;\r\n&lt;p&gt;\r\n	Робот поддерживает установку дополнительных устройств: видеокамеру, мышь и т.д. - через подключение к свободному порту USB.&lt;/p&gt;\r\n&lt;p&gt;\r\n	Ежедневное управление роботом очень просто и не требует специального обучения – достаточно лишь выбрать нужный сценарий на панели оператора.&lt;/p&gt;\r\n&lt;p&gt;\r\n	После зарядки робот будет двигаться в течение 2-5 часов. Такой разброс времени работы происходит из-за того, что при включении дополнительных функций значительно возрастает энергопотребление.&lt;/p&gt;\r\n&lt;p&gt;\r\n	Заказывать производство &lt;strong&gt;Интерактивного мобильного робота &lt;/strong&gt;необходимо за 1-2 месяца до желаемой даты получения устройства. При этом на заводе возможна установка дополнительных модулей, например, улучшенной системы навигации в помещении SLAM.&lt;/p&gt;\r\n&lt;h2&gt;\r\n	&lt;strong&gt;Достоинства Интерактивного мобильного робота:&lt;/strong&gt;&lt;/h2&gt;\r\n&lt;ul&gt;\r\n	&lt;li&gt;\r\n		Несколько режимов работы&lt;/li&gt;\r\n	&lt;li&gt;\r\n		Создание собственных сценариев&lt;/li&gt;\r\n	&lt;li&gt;\r\n		Лёгкость управления&lt;/li&gt;\r\n	&lt;li&gt;\r\n		Два дисплея: спереди и сзади&lt;/li&gt;\r\n	&lt;li&gt;\r\n		RGB подсветка корпуса&lt;/li&gt;\r\n	&lt;li&gt;\r\n		Воспроизведение видео- и аудиофайлов&lt;/li&gt;\r\n	&lt;li&gt;\r\n		Навигационная система&lt;/li&gt;\r\n	&lt;li&gt;\r\n		Возможность модификации на заводе&lt;/li&gt;\r\n	&lt;li&gt;\r\n		Порты USB для подключения дополнительных устройств&lt;/li&gt;\r\n&lt;/ul&gt;\r\n', 'Интерактивный мобильный робот предоставляет большие возможности вывода на экраны видео, проигрывания звуковых дорожек и привлечения внимания посетителей торговых центров и выставочных залов. ', 'интерактивный мобильный робот, купить интерактивный мобильный робот', 'Купить интерактивный мобильный робот', 'Интерактивный мобильный робот', ''),
(119, 1, 'Ni-Mh аккумуляторная батарея для Roomba 3000 mAh', '&lt;p&gt;\r\n	&lt;strong&gt;Аккумуляторная батарея&lt;/strong&gt; подходит для всех роботов-пылесосов модельного ряда &lt;strong&gt;Roomba&lt;/strong&gt;: от недорогих Roomba 3XX и 4XX до самых продвинутых роботов 700 серии. Мощность её стандартная – 3000 mAh. Рекомендуется менять батарею при падении времени работы на 30-50%.&lt;/p&gt;\r\n', '', 'батарея для Roomba, аккумулятор для roomba', 'Купить Ni-Mh аккумуляторную батарею для Roomba 3000 mAh', 'Ni-Mh аккумуляторная батарея для Roomba 3000 mAh', ''),
(120, 1, 'Ni-Mh аккумуляторная батарея для Scooba 4100 mAh', '&lt;p&gt;\r\n	Моющий робот-пылесос &lt;strong&gt;Scooba&lt;/strong&gt; имеет элемент питания, отличный от батарей сухих пылесосов от iRobots. Функция мытья полов значительно увеличивает энергопотребление, поэтому её ёмкость составляет целых 4100 mAh . Защитный кожух защищает аккумулятор от попадания влаги.&lt;/p&gt;\r\n', '', 'батарея для scooba, аккумулятор для scooba', 'Купить Ni-Mh аккумуляторную батарею для Scooba 4100 mAh', 'Ni-Mh аккумуляторная батарея для Scooba 4100 mAh', ''),
(121, 1, 'Li-Pol аккумуляторная батарея для пылесосов iClebo 2200 mAh', '&lt;p&gt;\r\n	Запасной &lt;strong&gt;Li-Pol аккумулятор для iClebo&lt;/strong&gt; отличается компактными размерами. За счёт использования энергосберегающих технологий для длительной работы хватает аккумулятора мощностью всего 2200 mAh. Li-Pol батареи отличаются повышенным сроком эксплуатации.&lt;/p&gt;\r\n&lt;p&gt;\r\n	Подходит для &lt;a href=&quot;http://roboti.grishinmikhail.com/vacuum-cleaner/iclebo-arte.html&quot;&gt;роботов пылесосов iClebo Arte&lt;/a&gt;, iClebo Home, iClebo Smart.&lt;/p&gt;\r\n', '', 'батарея для iclebo, аккумулятор для iclebo', 'Купить Li-Pol аккумуляторную батарею для пылесосов iClebo 2200 mAh', 'Li-Pol аккумуляторная батарея для пылесосов iClebo 2200 mAh', ''),
(122, 1, 'Ограничитель движения «виртуальная стена» для Roomba', '&lt;p&gt;\r\n	&lt;strong&gt;Ограничитель движения «виртуальная стена»&lt;/strong&gt; подходит для всех роботов пылесосов &lt;strong&gt;Roomba 500 серии&lt;/strong&gt;. Он создаёт невидимый инфракрасный луч, за который пылесосу не проехать. Ограничитель может быть использован как замена потерянному или поломанному, а также как дополнительный аксессуар, который используется одновременно со штатными&amp;nbsp; ограничителями. Работает «виртуальная стена» от 2-х батареек типа «C».&lt;/p&gt;\r\n', '', 'ограничитель движения, виртуальная стена', 'Купить ограничитель движения «виртуальная стена» для Roomba', 'Ограничитель движения «виртуальная стена» для Roomba', ''),
(123, 1, 'Координатор движения «виртуальный маяк» для Roomba', '&lt;p&gt;\r\n	Координатор движения – это улучшенная версия ограничителя для пылесосов Roomba старших моделей. &amp;nbsp;Он работает в двух режимах: «виртуальная стена», при котором устройство создаёт непроходимый для робота инфракрасный барьер, и «виртуальный маяк», в котором робот не может покинуть комнату до тех пор, пока полностью не приберётся в ней. Источник питания – 2 батарейки типа «С».&lt;/p&gt;\r\n', '', 'ограничитель движения, виртуальная стена, виртуальный маяк, координатор движения', 'Купить координатор движения «виртуальный маяк» для Roomba', 'Координатор движения «виртуальный маяк» для Roomba', ''),
(124, 1, 'Ограничитель движения для Scooba', '&lt;p&gt;\r\n	С помощью &lt;strong&gt;ограничителя движения для Scooba&lt;/strong&gt; можно обезопасить поверхности, не являющиеся влагостойкими и водонепроницаемыми, от порчи в результате влажной уборки. Принцип работы ограничителя основан на создании невидимого инфракрасного луча, выехать за пределы которого робот-пылесос не в состоянии. Тип питания – 2 батарейки «D».&lt;/p&gt;\r\n&lt;p&gt;\r\n	&amp;nbsp;&lt;/p&gt;\r\n', '', 'ограничитель движения, виртуальная стена', 'Купить ограничитель движения для Scooba', 'Ограничитель движения для Scooba', ''),
(125, 1, 'Радиочастотный пульт ДУ для Roomba', '&lt;p&gt;\r\n	Данный пульт подходит для моделей роботов-пылесосов Roomba, поддерживающих дистанционное программирование (581, 780 и др.). На нём размещены кнопки, дублирующие панель управления на корпусе пылесоса. С пульта ДУ можно выбирать программу, задавать график уборки, вручную управлять пылесосом. &lt;strong&gt;Радиочастотный пульт&lt;/strong&gt; не требует нахождения в прямом поле видимости робота. Источник питания – 4 батарейки «АА».&lt;/p&gt;\r\n', '', 'пульт ДУ, радиочастотный пульт', 'Купить радиочастотный пульт ДУ для Roomba', 'Радиочастотный пульт ДУ для Roomba', ''),
(126, 1, 'Инфракрасный пульт ДУ для Roomba и Scooba', '&lt;p&gt;\r\n	IR-пульт подходит для большинства моделей роботов-пылесосов Roomba и Scooba 385. С пульта осуществляется ручное управление и выбирается программа уборки. Для контроля с помощью инфракрасного пульта робот должен находиться в поле видимости. Источник питания – 2 батарейки AA.&lt;/p&gt;\r\n', '', 'пульт ДУ, инфракрасный пульт', 'Купить инфракрасный пульт ДУ для Roomba и Scooba', 'Инфракрасный пульт ДУ для Roomba и Scooba', ''),
(127, 1, 'Контейнер для мусора белый для Roomba	', '&lt;p&gt;\r\n	Простой &lt;strong&gt;пылесборник белого цвета&lt;/strong&gt; для младших моделей &lt;strong&gt;500 серии роботов Roomba&lt;/strong&gt; (505, 520, 530). В комплекте поставки идут фильтры.&lt;/p&gt;\r\n', '', 'пылесборник roomba, контейнер roomba', 'Купить контейнер для мусора белый для Roomba	', 'Контейнер для мусора белый для Roomba	', ''),
(128, 1, 'Контейнер для мусора чёрный для Roomba', '&lt;p&gt;\r\n	&lt;strong&gt;Пылесборник чёрного цвета&lt;/strong&gt; для следующих моделей 500 серии роботов: &lt;strong&gt;Roomba 555, Roomba 560, Roomba 581&lt;/strong&gt;. В пылесборниках уже установлены фильтры.&lt;/p&gt;\r\n', '', 'пылесборник roomba, контейнер roomba', 'Купить контейнер для мусора чёрный для Roomba	', 'Контейнер для мусора чёрный для Roomba	', ''),
(129, 1, 'Контейнер для мусора AeroVac2', '&lt;p&gt;\r\n	Пылесборник новейшего поколения для самых современных пылесосов &lt;strong&gt;Roomba 700 серии&lt;/strong&gt;. HEPA-фильтр тонкой очистки, установленный в контейнере, задерживает частицы пыли размером до 0,3 микрона. Кроме того, мощность всасывания AeroVac2 выше, чем в стандартном пылесборнике, а мусор собирается непосредственно с щёток, что увеличивает эффективность уборки.&lt;/p&gt;\r\n', '', 'пылесборник roomba, контейнер roomba, AeroVac', 'Купить контейнер для мусора AeroVac2 ', 'Контейнер для мусора AeroVac2', ''),
(130, 1, 'Сменный фильтр для Roomba 500 серии', '&lt;p&gt;\r\n	Универсальный фильтр для недорогих моделей. Улавливает мелкие частицы пыли, грязи. Одного фильтра хватает примерно на 2-3 месяца уборки, в зависимости от частоты использования. В наборе идёт 3 фильтра.&lt;/p&gt;\r\n', '', 'фильтр для Roomba, запасной фильтр, сменный фильтр', 'Купить Сменный фильтр для Roomba 500 серии', 'Сменный фильтр для Roomba 500 серии', ''),
(131, 1, 'Сменный фильтр для Roomba 700 серии', '&lt;p&gt;\r\n	Созданный для последнего поколения роботов-пылесосов фильтр отличается улучшенной системой фильтрации. Он не пропускает обратно в комнату не только пыль и грязь, но и мелкодисперсные аллергенные частицы. В комплекте 3 фильтра.&lt;/p&gt;\r\n', '', 'фильтр для Roomba, запасной фильтр, сменный фильтр', 'Купить сменный фильтр для Roomba 700 серии', 'Сменный фильтр для Roomba 700 серии', ''),
(132, 1, 'Набор дополнительных деталей для Roomba 500 серии', '&lt;p&gt;\r\n	С этим набором вы сможете поменять поломавшиеся элементы робота-пылесоса Roomba 500 серии, либо заменить стёршиеся щётки или засорившиеся фильтры. В набор входят щетинистая и резиновая основные щётки, гребёнка для их очистки, одна боковая щётка-вертушка, а также три сменных фильтра.&lt;/p&gt;\r\n', '', 'фильтр для Roomba, запасной фильтр, сменный фильтр, запасная щётка roomba, запасной набор roomba, щётки roomba', 'Купить набор дополнительных деталей для Roomba 500 серии', 'Набор дополнительных деталей для Roomba 500 серии', ''),
(133, 1, 'Набор сменных элементов для Roomba 700 серии', '&lt;p&gt;\r\n	Больше всего подвержены износу в роботе-пылесосе боковые щётки и фильтры. Щётки стираются, и падает эффективность уборки, а забитые фильтры вызывают падение мощности и перегрев двигателя. В сменном наборе содержатся 3 фильтра для пылесосов Roomba 700 серии и 3 боковые щётки.&lt;/p&gt;\r\n', '', 'фильтр для Roomba, запасной фильтр, сменный фильтр, запасная щётка roomba, запасной набор roomba, щётки roomba', 'Купить набор сменных элементов для Roomba 700 серии', 'Набор сменных элементов для Roomba 700 серии', ''),
(134, 1, 'Набор сменных элементов для Roomba 500 серии', '&lt;p&gt;\r\n	Чтобы всегда поддерживать работоспособность пылесоса на высоком уровне, рекомендуется периодически менять фильтры и щётки. Периодичность замены этих элементов, в зависимости от интенсивности эксплуатации – от 2 до 3 месяцев. &lt;strong&gt;Набор сменных элементов для для Roomba 500 серии &lt;/strong&gt;позволит поддерживать продуктивную работу в течение полугода.&lt;/p&gt;\r\n', '', 'фильтр для Roomba, запасной фильтр, сменный фильтр, запасная щётка roomba, запасной набор roomba, щётки roomba', 'Купить набор сменных элементов для Roomba 500 серии', 'Набор сменных элементов для Roomba 500 серии', ''),
(135, 1, 'Антибактериальный фильтр для пылесосов iClebo', '&lt;p&gt;\r\n	&lt;strong&gt;Фильтр тонкой очистки&lt;/strong&gt; робота-пылесоса &lt;strong&gt;iCleb&lt;/strong&gt;&lt;strong&gt;o&lt;/strong&gt; не только задерживает грязь, но и уничтожает болезнетворные бактерии, вызывающие аллергические реакции. В наборе поставляется два антибактериальных фильтра.&lt;/p&gt;\r\n', '', 'фильтр для iclebo, запасной фильтр, сменный фильтр, антибактериальный фильтр', 'Купить антибактериальный фильтр для пылесосов iClebo', 'Антибактериальный фильтр для пылесосов iClebo', ''),
(136, 1, 'Антибактериальный фильтр для пылесосов Neato', '&lt;p&gt;\r\n	&lt;strong&gt;Антибактериальные фильтры тонкой очистки&lt;/strong&gt; забиваются достаточно быстро, особенно при ежедневной уборке. Эти фильтры рекомендуется менять каждые 2 месяца, чтобы аллергены по-прежнему задерживались в пылесосе. В комплекте поставки 4 фильтра.&lt;/p&gt;\r\n', '', 'фильтр для neato, запасной фильтр, сменный фильтр, антибактериальный фильтр', 'Купить антибактериальный фильтр для пылесосов Neato', 'Антибактериальный фильтр для пылесосов Neato', ''),
(137, 1, 'Боковая щетка для Roomba', '&lt;p&gt;\r\n	&lt;strong&gt;Боковая щетка для Roomba&lt;/strong&gt; предназначена для уборки стен и плинтусов. Также она заметает мусор под всасывающее отверстие пылесборника. Со временем щетинки выпадают, поэтому рекомендуется заменять щётки раз в полгода. В одной упаковке размещается 3 щётки.&lt;/p&gt;\r\n', '', 'боковая щётка roomba, сменная щётка roomba, ремонт roomba', 'Купить боковую щётку для Roomba', 'Боковая щетка для Roomba', ''),
(138, 1, 'Чистящий блок для Roomba', '&lt;p&gt;\r\n	Замена &lt;strong&gt;чистящего блока &lt;/strong&gt;&lt;strong&gt;Roomba&lt;/strong&gt; фактически приводит состояние пылесоса и качество уборки к первозданному виду. Он подходит для всех современных пылесосов &lt;strong&gt;Roomba&lt;/strong&gt; 500 и 700 серии. Блок состоит из ворсистой и резиновой щётки в пластиковом корпусе, на котором находятся крепления для установки в пылесос.&lt;/p&gt;\r\n', '', 'модуль roomba, чистящий блок roomba', 'Купить чистящий блок для Roomba', 'Чистящий блок для Roomba', ''),
(139, 1, 'Щётки для Roomba 500 серии', '&lt;p&gt;\r\n	Купив набор щёток для робота-пылесоса Roomba 500 серии, состоящий из 2 ворсистых, 2 резиновых и 2 боковых щёток, вы сможете в течение длительного периода времени не беспокоиться о чистоте вашего дома. При ухудшении результатов уборки достаточно установить новые щётки.&lt;/p&gt;\r\n', '', 'боковая щётка roomba, сменная щётка roomba, ремонт roomba, резиновая щётка roomba, щетинистая щётка roomba', 'Купить щётки для Roomba 500 серии', 'Щётки для Roomba 500 серии', ''),
(140, 1, 'Щетка ворсяная для Roomba 700 серии', '&lt;p&gt;\r\n	Жёсткие щетинки &lt;strong&gt;ворсяной щётки&lt;/strong&gt; достают грязь даже в труднодоступных местах, вычищая её из щелей и волокон ткани. Поднятый &lt;strong&gt;ворсяной щёткой&lt;/strong&gt; мусор за счёт вращения вокруг оси поступает к всасывающему отверстию и попадает в контейнер.&lt;/p&gt;\r\n', '', 'сменная щётка roomba, ворсяная щётка roomba, щетинистая щётка roomba, ремонт roomba', 'Купить щетку ворсяную для Roomba 700 серии', 'Щетка ворсяная для Roomba 700 серии', ''),
(141, 1, 'Щетка резиновая для Roomba 700 серии', '&lt;p&gt;\r\n	&lt;strong&gt;Резиновая щётка&lt;/strong&gt; действует как совок, на который ворсистая щётка заметает основную часть мусора. Резиновая поверхность не даёт частицам грязи и пыли упасть, и они засасываются в контейнер.&lt;/p&gt;\r\n', '', 'сменная щётка roomba, резиновая щётка roomba, ремонт roomba', 'Купить щетку резиновую для Roomba 700 серии', 'Щетка резиновая для Roomba 700 серии', ''),
(142, 1, 'Чистящий модуль с щеткой для iRobot Scooba', '&lt;p&gt;\r\n	Блок моющего пылесоса iRobot Scooba следует менять тогда, когда валик потерял первоначальную форму, а отверстия для впрыска чистящей жидкости забиты. &lt;strong&gt;Чистящий модуль &lt;/strong&gt;состоит из нового валика и пластикового бокса.&lt;/p&gt;\r\n', '', 'чистящий модуль scooba, моющий блок scooba, ремонт scooba', 'Купить чистящий модуль с щеткой для iRobot Scooba', 'Чистящий модуль с щеткой для iRobot Scooba', ''),
(143, 1, 'Коврик для iRobot Scooba', '&lt;p&gt;\r\n	&lt;strong&gt;Коврик-полотёр&lt;/strong&gt; &lt;strong&gt;для iRobot Scooba &lt;/strong&gt;удаляет загрязнения с гладких поверхностей, которые предварительно смачиваются водой или моющей жидкостью.&lt;/p&gt;\r\n', '', 'коврик scooba, полотёр scooba', 'Купить коврик для iRobot Scooba', 'Коврик для iRobot Scooba', ''),
(144, 1, 'Подставка iRobot Scooba', '&lt;p&gt;\r\n	Подставка iRobot Scooba 385&lt;/p&gt;\r\n', '', 'подставка scooba', 'Купить подставку iRobot Scooba', 'Подставка iRobot Scooba', ''),
(145, 1, 'Защитный передний бампер для пылесосов iClebo', '&lt;p&gt;\r\n	Защитный бампер для &lt;a href=&quot;http://roboti.grishinmikhail.com/vacuum-cleaner/iclebo-arte.html&quot;&gt;пылесосов iClebo&lt;/a&gt; смягчает соприкосновения робота с предметами интерьера.&lt;/p&gt;\r\n', '', 'бампер iclebo', 'Купить защитный передний бампер для пылесосов iClebo', 'Защитный передний бампер для пылесосов iClebo', ''),
(146, 1, 'База для подзарядки роботов-пылесосов iClebo', '&lt;p&gt;\r\n	При разрядке аккумулятора &lt;a href=&quot;http://roboti.grishinmikhail.com/vacuum-cleaner/iclebo-arte.html&quot;&gt;робот &lt;strong&gt;iClebo&lt;/strong&gt;&lt;/a&gt; возвращается на базу для восполнения энергии. Напольная база нуждается в замене, если была по неосторожности повреждена или вышел из строя элемент питания.&lt;/p&gt;\r\n', '', 'база для подзарядки iclebo', 'Купить базу для подзарядки роботов-пылесосов iClebo', 'База для подзарядки роботов-пылесосов iClebo', ''),
(147, 1, 'Колесо для пылесоса iClebo', '&lt;p&gt;\r\n	Колесо для роботов пылесосов корейского производителя &lt;a href=&quot;http://roboti.grishinmikhail.com/vacuum-cleaner/iclebo-arte.html&quot;&gt;Yujin Robot для марки iClebo&lt;/a&gt;.&lt;/p&gt;\r\n', '', 'колесо iclebo', 'Купить колесо для пылесоса iClebo', 'Колесо для пылесоса iClebo', ''),
(153, 1, 'WowWee Alive Leopard', '&lt;p&gt;\r\n	Детские игрушки &lt;strong&gt;WowWee Alive&lt;/strong&gt; – это возможность дать детям то, о чём их родители в детстве могли только мечтать.&lt;/p&gt;\r\n&lt;p&gt;\r\n	&lt;strong&gt;WowWee Alive &lt;/strong&gt;&lt;strong&gt;Leopard &lt;/strong&gt;&lt;strong&gt;Cub&lt;/strong&gt; &amp;nbsp;представляет собой невероятно реалистичную копию детёныша леопарда.&lt;/p&gt;\r\n&lt;p&gt;\r\n	Игрушка сделана из приятного на ощупь и безопасного материала. Родители могут быть уверены, что ребёнок не оторвёт деталь и не проглотит кусок меха, как это может произойти с дешёвыми изделиями с рынка.&lt;/p&gt;\r\n&lt;p&gt;\r\n	&lt;strong&gt;WowWee Alive &lt;/strong&gt;&lt;strong&gt;Leopard &lt;/strong&gt;– не просто мягкая игрушка. Она отлично умеет притворяться живой. Если ребёнок начинает гладить её или покачивать, то она издаёт звуки, свойственные настоящему детёнышу леопарда: утробное мурлыканье, мяуканье, урчание. Также игрушка умеет открывать и закрывать глаза и рот.&lt;/p&gt;\r\n&lt;p&gt;\r\n	С «живым» леопардом можно не только играть днём, но и брать его с собой в кровать ночью. Причём через 5 минут после того, как ребёнок не будет прикасаться к нему, он начнёт издавать сонные звуки, а ещё через 5 минут полностью «уснёт».&lt;/p&gt;\r\n&lt;p&gt;\r\n	При получении игрушки по умолчанию стоит режим «Попробуй меня», в котором леопард продемонстрирует поочерёдно все свои способности.&lt;/p&gt;\r\n&lt;p&gt;\r\n	В комплекте с &lt;strong&gt;WowWee Alive &lt;/strong&gt;&lt;strong&gt;Leopard &lt;/strong&gt;идут 4 батарейки стандарта «АА» и паспорт усыновления, в который ребёнок заносит имя питомца.&lt;/p&gt;\r\n&lt;p&gt;\r\n	С такой игрушкой ребёнок почувствует себя владельцем настоящего домашнего любимца, научится любить живую природу и ухаживать за ней.&amp;nbsp;&lt;/p&gt;\r\n&lt;h2&gt;\r\n	&lt;strong&gt;Комплектация игрушки&amp;nbsp;&lt;/strong&gt;&lt;strong&gt;WowWee Alive&amp;nbsp;&lt;/strong&gt;&lt;strong&gt;Leopard&lt;/strong&gt;&lt;strong&gt;:&lt;/strong&gt;&lt;/h2&gt;\r\n&lt;ul&gt;\r\n	&lt;li&gt;\r\n		WowWee Alive Leopard -1шт.&lt;/li&gt;\r\n	&lt;li&gt;\r\n		Сертификат об усыновлении и семейный портрет – по 1шт.&lt;/li&gt;\r\n	&lt;li&gt;\r\n		Инструкция – 1шт.&lt;/li&gt;\r\n&lt;/ul&gt;\r\n&lt;h2&gt;\r\n	&lt;strong&gt;Особенности&amp;nbsp;&lt;/strong&gt;&lt;strong&gt;игрушки&amp;nbsp;&lt;/strong&gt;&lt;strong&gt;WowWee Alive&amp;nbsp;&lt;/strong&gt;&lt;strong&gt;Leopard&lt;/strong&gt;&lt;strong&gt;:&lt;/strong&gt;&lt;/h2&gt;\r\n&lt;ul&gt;\r\n	&lt;li&gt;\r\n		Реагирует на прикосновения&lt;/li&gt;\r\n	&lt;li&gt;\r\n		Открывает рот и глаза&lt;/li&gt;\r\n	&lt;li&gt;\r\n		Издаёт натуральные звуки&lt;/li&gt;\r\n	&lt;li&gt;\r\n		Мягкий и безопасный материал изготовления&lt;/li&gt;\r\n	&lt;li&gt;\r\n		Засыпает через 5 минут бездействия&lt;/li&gt;\r\n&lt;/ul&gt;\r\n', '', 'WowWee Alive Leopard, игрушка леопард, мягкая игрушка леопард', 'Купить WowWee Alive Leopard ', 'WowWee Alive Leopard', ''),
(148, 1, 'Левое колесо для пылесосов iRobot', '&lt;p&gt;\r\n	Колесо устанавливается при износе или поломке старого.&lt;/p&gt;\r\n', '', 'колесо irobot', 'Купить левое колесо для пылесосов iRobot', 'Левое колесо для пылесосов iRobot', ''),
(149, 1, 'Робот для мытья полов iRobot Scooba 230', '&lt;p&gt;\r\n	Разработчики компании «iRobot» порадовали нас новым полезным творением – моделью&lt;strong&gt; моющего робота пылесоса Scooba 230&lt;/strong&gt;.&lt;/p&gt;\r\n&lt;p&gt;\r\n	Как и его предшественники, этот пылесос предназначен для влажной уборки помещений. Однако по размерам эта модель вдвое меньше своих собратьев: достигает всего лишь 16 сантиметров в диаметре.&amp;nbsp; Эта особенность делает&lt;strong&gt; Scooba 230&lt;/strong&gt; отличным вариантом для жителей компактных квартир в мегаполисах. Робот-пылесос не займет много места, он легко уместится в кладовку или «спрячется» за шкафом.&lt;/p&gt;\r\n&lt;p&gt;\r\n	Дизайн модели, как всегда, радует глаз. Стильный гаджет отлично впишется в интерьер в стиле «модерн» и станет настоящей «изюминкой» вашего жилища.&lt;/p&gt;\r\n&lt;p&gt;\r\n	Используя&lt;strong&gt; робот-пылесос Scooba 230&lt;/strong&gt;, вы можете быть уверены в том, что 98% вредных бактерий и микробов погибнет во время уборки. Это особенно важно семьям, в которых подрастают маленькие дети, любящие играть на полу и просто ползать по нему.&lt;/p&gt;\r\n&lt;p&gt;\r\n	В этой модели робота-пылесоса используется трехступенчатая система очистки. Сначала вода подается в резервуар, затем с помощью щеток пылесос чистит пол, а затем втягивает грязную воду обратно. Благодаря такой организации процесса, после уборки на полу не остается разводов.&lt;/p&gt;\r\n&lt;p&gt;\r\n	Для того чтобы у пылесоса была возможность выбирать из множества режимов мытья и способов передвижения, разработчики использовали технологию&lt;strong&gt; iAdapt&lt;/strong&gt;. Таким образом, вы можете рассчитывать на максимальный результат влажной уборки. Робот-пылесос доберется до самых труднодоступных участков в квартире или доме.&lt;/p&gt;\r\n&lt;p&gt;\r\n	С помощью технологии виртуальных стен вы сможете задать прибору необходимую для уборки площадь. А что это будет, целая квартира или только одна комната, решать вам.&lt;/p&gt;\r\n&lt;p&gt;\r\n	Кроме других преимуществ, робот-пылесос Scooba 230 еще и прост в применении. Его легко мыть после использования: нужно просто ополоснуть. Такой прибор заметно облегчит вам жизнь, взяв на себя часть домашней работы,&amp;nbsp; и обеспечит чистоту вашей квартиры.&lt;/p&gt;\r\n&lt;p&gt;\r\n	Все модели робота-пылесоса Scooba производятся в Китае и имеют гарантию сроком в один год.&lt;/p&gt;\r\n&lt;h2&gt;\r\n	&lt;strong&gt;Комплектация &amp;nbsp;&lt;/strong&gt;&lt;strong&gt;iRobot &lt;/strong&gt;&lt;strong&gt;Scooba 230&lt;/strong&gt;&lt;/h2&gt;\r\n&lt;ul&gt;\r\n	&lt;li&gt;\r\n		Робот-пылесос&lt;strong&gt; iRobot Scooba 230&lt;/strong&gt; – 1шт.&lt;/li&gt;\r\n	&lt;li&gt;\r\n		Аккумуляторная батарея – 1шт.&lt;/li&gt;\r\n	&lt;li&gt;\r\n		Зарядное устройство – 1шт.&lt;/li&gt;\r\n	&lt;li&gt;\r\n		Средство для уборки – 4 пакетика.&lt;/li&gt;\r\n	&lt;li&gt;\r\n		Инструкция по применению – 1шт.&lt;/li&gt;\r\n	&lt;li&gt;\r\n		Гарантийный талон – 1шт.&lt;/li&gt;\r\n&lt;/ul&gt;\r\n&lt;h2&gt;\r\n	&lt;strong&gt;Достоинства &lt;/strong&gt;&lt;strong&gt;iRobot &lt;/strong&gt;&lt;strong&gt;Scooba 230&lt;/strong&gt;&lt;/h2&gt;\r\n&lt;ul&gt;\r\n	&lt;li&gt;\r\n		Трехступенчатая система очистки&lt;/li&gt;\r\n	&lt;li&gt;\r\n		При уборке убивает вредные микробы и бактерии&lt;/li&gt;\r\n	&lt;li&gt;\r\n		Простота в применении&lt;/li&gt;\r\n	&lt;li&gt;\r\n		Автоматическая система расчета обрабатываемой площади&lt;/li&gt;\r\n&lt;/ul&gt;\r\n', '', 'scooba 230, irobot scooba 230, scooba, робот для мытья полов', 'Купить робот для мытья полов iRobot Scooba 230', 'Робот для мытья полов iRobot Scooba 230', ''),
(150, 1, 'РОБОТ-ПЫЛЕСОС RYDIS R750', '&lt;p&gt;\r\n	Робот-пылесос RYDIS R750 – отличная инновационная модель для сухой и влажной уборки.&lt;/p&gt;\r\n&lt;p&gt;\r\n	RYDIS R750 вошел в топ продаж 2012 года, поскольку это первый в мире пылесос, оснащенный гироскопом и акселерометром. Гироскоп способствует легкому управлению прибором, а акселерометр регулирует скорость уборки в зависимости от степени загрязненности поверхности.&lt;/p&gt;\r\n&lt;p&gt;\r\n	Корпус высотой всего &lt;strong&gt;8 см&lt;/strong&gt;, специально разработанный для уборки труднодоступных мест, имеет стильный дизайн. Пылесос легко передвигается под мебелью, а боковые щетки отлично удаляют пыль вдоль плинтуса и по углам. Кроме расположенных на днище двух боковых щеток он снабжен съемными увлажняющимися микрофибровыми насадками. При переключении в режим влажной уборки интеллектуальная система пылесоса не дает ему заезжать на ковры и другие мягкие покрытия.&lt;/p&gt;\r\n&lt;p&gt;\r\n	Трехступенчатая вакуумная система всасывания делает уборку дома максимально эффективной. Робот-пылесос имеет два уровня мощности. На полную мощность при уровне шума &lt;strong&gt;60 децибелл&lt;/strong&gt; его можно включать днем, а ночью он работает почти бесшумно, в тихом режиме.&lt;/p&gt;\r\n&lt;p&gt;\r\n	Система датчиков, которых у RYDIS R750 &lt;strong&gt;35 штук,&lt;/strong&gt;&amp;nbsp;позволяет осуществлять уборку в шести режимах: точечная уборка в конкретном месте, ускоренная уборка отдельных площадей,&amp;nbsp; уборка вдоль плинтуса и по углам, уборка по периметру, автоматическая уборка и полная&amp;nbsp; уборка помещения с использованием всех датчиков.&lt;/p&gt;\r\n&lt;p&gt;\r\n	Инфракрасные датчики позволяют пылесосу свободно передвигаться в пределах помещения, не наталкиваясь на предметы, и даже убирать в затемненных местах, например, под мебелью.&lt;/p&gt;\r\n&lt;p&gt;\r\n	Имеющийся&amp;nbsp; индикатор заполнения фильтра для сбора мусора подаст сигнал о том, что настало время почистить пылесос. Фильтр емкостью &lt;strong&gt;800 мл&lt;/strong&gt; легко снимается и хорошо чистится.&lt;/p&gt;\r\n&lt;p&gt;\r\n	Встроенный таймер позволяет распределять время уборки по дням недели. УФ лампа уничтожает различные микроорганизмы в обслуживаемой зоне, а система ароматизации наполняет воздух в помещении приятным запахом.&lt;/p&gt;\r\n&lt;h2&gt;\r\n	&lt;strong&gt;Комплектация пылесоса&amp;nbsp;&lt;/strong&gt;&lt;strong&gt;RYDIS&lt;/strong&gt; &lt;strong&gt;R&lt;/strong&gt;&lt;strong&gt;750:&lt;/strong&gt;&lt;/h2&gt;\r\n&lt;ul&gt;\r\n	&lt;li&gt;\r\n		Робот-пылесос – 1 шт.&lt;/li&gt;\r\n	&lt;li&gt;\r\n		Система распознавания Virtual Wall – 2 шт.&lt;/li&gt;\r\n	&lt;li&gt;\r\n		Инфракрасный пульт для управления на расстоянии – 1 шт.&lt;/li&gt;\r\n	&lt;li&gt;\r\n		Устройство для зарядки – 1 шт.&lt;/li&gt;\r\n	&lt;li&gt;\r\n		Аккумулятор литий-ионный – 1 шт.&lt;/li&gt;\r\n	&lt;li&gt;\r\n		Микрофибровые насадки для влажной уборки – 2 шт.&lt;/li&gt;\r\n	&lt;li&gt;\r\n		Фильтр для мусора – 1 шт.&lt;/li&gt;\r\n	&lt;li&gt;\r\n		Боковые щетки – 2 шт.&lt;/li&gt;\r\n	&lt;li&gt;\r\n		Инструкция – 1 шт.&lt;/li&gt;\r\n	&lt;li&gt;\r\n		Гарантийный талон – 1 шт.&lt;/li&gt;\r\n&lt;/ul&gt;\r\n&lt;h2&gt;\r\n	Достоинства &amp;nbsp;Neorobot RYDIS R750:&lt;/h2&gt;\r\n&lt;ul&gt;\r\n	&lt;li&gt;\r\n		трехступенчатая система вакуумного всасывания;&lt;/li&gt;\r\n	&lt;li&gt;\r\n		наличие режима работы с низким уровнем шума для уборки в ночное время;&lt;/li&gt;\r\n	&lt;li&gt;\r\n		система распознавания Virtual Wall для ограничения обслуживаемой территории;&lt;/li&gt;\r\n	&lt;li&gt;\r\n		6 режимов уборки;&lt;/li&gt;\r\n	&lt;li&gt;\r\n		сенсорные датчики, предотвращающие столкновение с предметами и падение с высоты;&lt;/li&gt;\r\n	&lt;li&gt;\r\n		русскоязычное голосовое оповещение;&lt;/li&gt;\r\n	&lt;li&gt;\r\n		обработка поверхности ультрафиолетом;&lt;/li&gt;\r\n	&lt;li&gt;\r\n		легкое управление на расстоянии при помощи пульта.&lt;/li&gt;\r\n&lt;/ul&gt;\r\n&lt;p&gt;\r\n	&amp;nbsp;&lt;/p&gt;\r\n', '', 'rydis, rydis r750, пылесос rydis r750 ', 'Купить робот-пылесос Rydis R750', 'РОБОТ-ПЫЛЕСОС RYDIS R750', '');
INSERT INTO `product_description` (`product_id`, `language_id`, `name`, `description`, `meta_description`, `meta_keyword`, `seo_title`, `seo_h1`, `meta_title`) VALUES
(151, 1, 'Робот-пылесос NeoRobot R1', '&lt;p&gt;\r\n	Робот-пылесос&lt;strong&gt; NeoRobot R1&lt;/strong&gt; является&amp;nbsp; одной из наиболее популярных моделей американской компании &lt;strong&gt;Eintec Electronics&lt;/strong&gt;.&lt;/p&gt;\r\n&lt;p&gt;\r\n	При сравнительно небольшой цене эта модель обладает несомненными преимуществами в сравнении с аналогами. Высокая функциональность обеспечивается продолжительностью работы прибора – он убирает без подзарядки до &lt;strong&gt;100 м²&lt;/strong&gt;.&lt;/p&gt;\r\n&lt;p&gt;\r\n	Пылесос осуществляет не только сухую, но и влажную уборку, одновременно дезинфицируя пол при помощи ультрафиолетовой лампы. Силиконовый скребок позволяет деликатно удалять въевшуюся грязь. Имеющийся в роботе датчик обнаружения мусора и особо загрязненных мест дает гарантию тщательной уборки.&lt;/p&gt;\r\n&lt;p&gt;\r\n	При помощи &lt;strong&gt;НеоРобота &lt;/strong&gt;можно очищать практически любые поверхности:&amp;nbsp; ламинат, паркет, плитку, линолеум. Уникальная вращающаяся основная щетка эффективно удаляет мусор из ковровых покрытий. Боковые щетки аккуратно собирают пыль вдоль стен и плинтусов, а также вокруг ножек мебели.&lt;/p&gt;\r\n&lt;p&gt;\r\n	Этот высокотехнологичный прибор имеет уникальное программное обеспечение, что позволяет ему осуществлять &amp;nbsp;&lt;strong&gt;8 режимов работы&lt;/strong&gt;. Все режимы различаются по времени уборки и зависят от степени загрязненности конкретного места. Например, для очень грязной поверхности на небольшом участке применяют программы&amp;nbsp; &lt;strong&gt;SPOT 1&lt;/strong&gt; или &lt;strong&gt;SPOT 2&lt;/strong&gt;. Время работы соответственно 2 и 1 минуты. В интенсивном режиме работы пылесос убирает большие помещения в течение &lt;strong&gt;40-80 минут&lt;/strong&gt;. Для ограниченных пространств существуют короткие программы на 15 и 30 минут.&lt;/p&gt;\r\n&lt;p&gt;\r\n	Высокую автономность прибора обеспечивает встроенный таймер для включения в работу в нужное время, а также способность самостоятельно находить базу для подзарядки аккумуляторной батареи.&lt;/p&gt;\r\n&lt;h2&gt;\r\n	Комплектация NeoRobot R1:&lt;/h2&gt;\r\n&lt;ul&gt;\r\n	&lt;li&gt;\r\n		Пылесос – 1 шт.&lt;/li&gt;\r\n	&lt;li&gt;\r\n		Система распознавания Virtual Wall – 1 шт.&lt;/li&gt;\r\n	&lt;li&gt;\r\n		Адаптер для сети – 1 шт.&lt;/li&gt;\r\n	&lt;li&gt;\r\n		База для подзарядки – 1 шт.&lt;/li&gt;\r\n	&lt;li&gt;\r\n		Микрофибровая салфетка – 2 шт.&lt;/li&gt;\r\n	&lt;li&gt;\r\n		Боковые щетки – 2 шт.&lt;/li&gt;\r\n	&lt;li&gt;\r\n		Накладки на бампер – 6шт.&lt;/li&gt;\r\n	&lt;li&gt;\r\n		Инфракрасный ДУ пульт – 1 шт.&lt;/li&gt;\r\n	&lt;li&gt;\r\n		Инструкция – 1 шт.&lt;/li&gt;\r\n	&lt;li&gt;\r\n		Инструкция – 1 шт.&lt;/li&gt;\r\n&lt;/ul&gt;\r\n&lt;h2&gt;\r\n	Достоинства NeoRobot R1&lt;/h2&gt;\r\n&lt;ul&gt;\r\n	&lt;li&gt;\r\n		мощная вакуумная система всасывания;&lt;/li&gt;\r\n	&lt;li&gt;\r\n		удобный большой контейнер для сбора мусора;&lt;/li&gt;\r\n	&lt;li&gt;\r\n		система распознавания Virtual Wall для ограничения зоны уборки;&lt;/li&gt;\r\n	&lt;li&gt;\r\n		8 режимов работы;&lt;/li&gt;\r\n	&lt;li&gt;\r\n		силиконовый скребок для удаления прилипшей грязи;&lt;/li&gt;\r\n	&lt;li&gt;\r\n		S-фильтр для очистки всасываемого воздуха;&lt;/li&gt;\r\n	&lt;li&gt;\r\n		дисплей для отображения информации;&lt;/li&gt;\r\n	&lt;li&gt;\r\n		система предотвращения падения;&lt;/li&gt;\r\n	&lt;li&gt;\r\n		антибактериальная обработка поверхности УФ лампой;&lt;/li&gt;\r\n	&lt;li&gt;\r\n		невысокий уровень шума;&lt;/li&gt;\r\n	&lt;li&gt;\r\n		легкое управление на любом расстоянии при помощи пульта ДУ.&lt;/li&gt;\r\n&lt;/ul&gt;\r\n', '', 'neorobot, neorobot r1, пылесос neorobot, робот пылесос neorobot, робот пылесос neorobot r1', 'Купить робот-пылесос NeoRobot R1', 'Робот-пылесос NeoRobot R1', ''),
(152, 1, 'Робот-пылесос iRobot Roomba 760', '&lt;p&gt;\r\n	&lt;strong&gt;Roomba 760&lt;/strong&gt; является одним из наиболее совершенных роботов-пылесосов известной фирмы&amp;nbsp; &lt;strong&gt;iRobot&lt;/strong&gt;, в нём сконцентрированы все инновационные изобретения в данной области. Данная модель также сохранила все достоинства аппаратов прежнего поколения.&amp;nbsp;&amp;nbsp; &lt;strong&gt;Roomba 760&lt;/strong&gt; является&amp;nbsp; одной из наиболее оптимальных моделей робототехники, выполняющей уборку помещений.&amp;nbsp;&lt;/p&gt;\r\n&lt;p&gt;\r\n	Робот самостоятельно оценивает степень загрязнённости поверхности, уделяя наибольшее внимание особенно сложным участкам. Система &lt;strong&gt;Spot Clean&lt;/strong&gt; предназначена для очистки локально загрязнённых зон.&lt;/p&gt;\r\n&lt;p&gt;\r\n	Интеллектуальная система распознавания препятствий позволяет деликатно обходить различные предметы, встречающиеся на пути робота, и предотвращает его падение, например, с&amp;nbsp; лестниц или с края подиумов.&lt;/p&gt;\r\n&lt;p&gt;\r\n	По окончании цикла уборки&lt;strong&gt; Roomba 760&lt;/strong&gt;&amp;nbsp; автоматически&amp;nbsp; возвращается&amp;nbsp; на «парковку» - напольную базу.&lt;/p&gt;\r\n&lt;p&gt;\r\n	Входящие в комплект поставки две виртуальные стены удерживают машину в пределах необходимой зоны работы.&lt;/p&gt;\r\n&lt;p&gt;\r\n	Имеется возможность программирования активности&amp;nbsp; робота-пылесоса на неделю вперёд. То есть, уборка будет производиться автоматически, строго в заданное время.&amp;nbsp;&lt;/p&gt;\r\n&lt;p&gt;\r\n	Данная модель имеет гораздо больше&amp;nbsp; возможностей по сравнению с предшественниками. Обновлённый блок щёток собирает мусора на &lt;strong&gt;20%&lt;/strong&gt; больше, чем прежде. Появилась более эффективная боковая щётка для уборки углов. Во время работы устройство совершает возвратно-поступательные движения, помогая работе щёток.&lt;/p&gt;\r\n&lt;p&gt;\r\n	Технология антизапутывания не даёт устройству застрять в проводах и коврах. Новые аккумуляторы стали долговечнее в полтора раза.&lt;/p&gt;\r\n&lt;p&gt;\r\n	Мягкий полиуретановый бампер устройства&amp;nbsp; исключает повреждение стен комнаты и интерьера.&lt;/p&gt;\r\n&lt;p&gt;\r\n	Стала удобней ручка для транспортировки.&lt;/p&gt;\r\n&lt;h2&gt;\r\n	Комплектация &amp;nbsp;робота пылесоса iRobot Roomba 760:&lt;/h2&gt;\r\n&lt;ul&gt;\r\n	&lt;li&gt;\r\n		Робот пылесос iRobot Roomba 760 – 1шт.&lt;/li&gt;\r\n	&lt;li&gt;\r\n		Аккумулятор – 1 шт.&lt;/li&gt;\r\n	&lt;li&gt;\r\n		Устройство зарядки аккумулятора- 1 шт.&lt;/li&gt;\r\n	&lt;li&gt;\r\n		Напольная база с устройством зарядки – 1 шт.&lt;/li&gt;\r\n	&lt;li&gt;\r\n		Виртуальная&amp;nbsp; стена (без батарей) - 2 шт.&lt;/li&gt;\r\n	&lt;li&gt;\r\n		Добавочный фильтр -1 шт.&lt;/li&gt;\r\n	&lt;li&gt;\r\n		Устройство&amp;nbsp; для очистки щёток – 2 шт.&lt;/li&gt;\r\n	&lt;li&gt;\r\n		Дистанционный пульт управления – 1 шт.&lt;/li&gt;\r\n	&lt;li&gt;\r\n		Обучающий DVD – 1 шт.&lt;/li&gt;\r\n	&lt;li&gt;\r\n		Руководство&amp;nbsp; по эксплуатации – 1 шт.&lt;/li&gt;\r\n	&lt;li&gt;\r\n		Гарантийный талон – 1 шт.&lt;/li&gt;\r\n&lt;/ul&gt;\r\n&lt;h2&gt;\r\n	Достоинства модели &amp;nbsp;Roomba 760:&lt;/h2&gt;\r\n&lt;ul&gt;\r\n	&lt;li&gt;\r\n		Усовершенствованная система энергоснабжения&lt;/li&gt;\r\n	&lt;li&gt;\r\n		Система обнаружения загрязнённых участков&amp;nbsp; Dirt Detect Series 2&lt;/li&gt;\r\n	&lt;li&gt;\r\n		Функция мягкого соприкосновения&lt;/li&gt;\r\n	&lt;li&gt;\r\n		Дистанционный RF-пульт&amp;nbsp; управления&amp;nbsp; и программирования времени работы&lt;/li&gt;\r\n	&lt;li&gt;\r\n		Система двойной НЕРА-фильтрации&lt;/li&gt;\r\n	&lt;li&gt;\r\n		Наличие сенсоров перепада высоты&lt;/li&gt;\r\n	&lt;li&gt;\r\n		Расширенная комплектация&lt;/li&gt;\r\n	&lt;li&gt;\r\n		Обновлённый дизайн&lt;/li&gt;\r\n&lt;/ul&gt;\r\n', '', 'irobot roomba 760, roomba 760 ', 'Купить робот-пылесос iRobot Roomba 760', 'Робот-пылесос iRobot Roomba 760', ''),
(155, 1, 'Робот пылесос iRobot Roomba 630', '&lt;p&gt;\r\n	Инновационная новинка от компании «iRobot», в которой применена ультрасовременная технология «Aerovac Bin».&lt;/p&gt;\r\n&lt;p&gt;\r\n	Многие покупатели роботов-пылесосов, особенно те у которых в доме есть домашние животные, жаловались на то, что на щетках быстро скапливается &amp;nbsp;большое количество шерсти и несмотря на то, что контейнер под мусор еще не заполнен и на половину, пылесос просто отказывался работать. Приходилось вскрывать контейнер и прочищать уборочные щетки. Благодаря инновационной технологии «Aerovac Bin» вся шерсть и грязь попадает непосредственно в мусоросборник, не успевая скапливаться на щетках. Еще одним преимуществом этой системы является более тихий режим работы пылесоса.&lt;/p&gt;\r\n&lt;p&gt;\r\n	Пылесос сам автоматически определяет тип напольного покрытия и приспосабливается к нему. С одинаковым качеством робот убирает и паркет, и ковер и кафельную плитку. Вы можете запрограммировать робота для уборки в нужные вам часы, благодаря встроенной системе уборки по расписанию.&lt;/p&gt;\r\n&lt;h2&gt;\r\n	Комплектация робота-пылесоса:&lt;/h2&gt;\r\n&lt;ul&gt;\r\n	&lt;li&gt;\r\n		Никель-металлогидридный аккумулятор, емкостью в 3 ампер-часа.&lt;/li&gt;\r\n	&lt;li&gt;\r\n		Зарядное устройство для сети 220 Вольт.&lt;/li&gt;\r\n	&lt;li&gt;\r\n		«Виртуальная» стена (ограничитель движения робота).&lt;/li&gt;\r\n	&lt;li&gt;\r\n		Зарядная база для напольного размещения.&lt;/li&gt;\r\n	&lt;li&gt;\r\n		Пластиковый нож в виде гребенки для очистки щеток после работы.&lt;/li&gt;\r\n	&lt;li&gt;\r\n		Руководство пользователя&lt;/li&gt;\r\n	&lt;li&gt;\r\n		Два дополнительных фильтра очистки «Aerovac»&lt;/li&gt;\r\n	&lt;li&gt;\r\n		Гарантийный талон&lt;/li&gt;\r\n&lt;/ul&gt;\r\n&lt;h2&gt;\r\n	Достоинства пылесоса Roomba 630:&lt;/h2&gt;\r\n&lt;ul&gt;\r\n	&lt;li&gt;\r\n		Ультрасовременная технология «Aerovac», уменьшающая периодичность очистки робота.&lt;/li&gt;\r\n	&lt;li&gt;\r\n		Система автоматического определения типа напольного покрытия для лучшего качества уборки.&lt;/li&gt;\r\n	&lt;li&gt;\r\n		Возможность дистанционного управления при помощи специального пульта, который можно приобрести в качестве дополнительной опции.&lt;/li&gt;\r\n	&lt;li&gt;\r\n		Возможность уборки до 60 кв. метров на одной зарядке аккумулятора, в зависимости от степени загрязнения.&lt;/li&gt;\r\n	&lt;li&gt;\r\n		При достижении минимального уровня заряда, робот автоматически отправляется на напольную базу для подзарядки.&lt;/li&gt;\r\n	&lt;li&gt;\r\n		Робот оснащен сенсорами контроля высоты, благодаря чему робот никогда не упадет с лестницы.&lt;/li&gt;\r\n	&lt;li&gt;\r\n		Система уборки по расписанию, теперь робот может убирать помещение, даже когда вас нет дома.&lt;/li&gt;\r\n&lt;/ul&gt;\r\n', '', 'roomba 630, irobot roomba 630, пылесос roomba 630, робот пылесос irobot roomba 630', 'Робот пылесос iRobot Roomba 630. Купить по ультранизкой цене.', 'Робот пылесос Roomba 630', ''),
(158, 1, 'Робот для бассейна Zodiac Vortex 1', '', '', '', 'Робот для бассейна Zodiac Vortex 1: купите робот для чистки бассейна по низкой цене.', 'Робот для бассейна Zodiac Vortex 1', ''),
(159, 1, 'Робот для бассейна Dolphin Dana 1', '', '', '', 'Робот для бассейна Dolphin Dana 1', 'Робот для бассейна Dolphin Dana 1', ''),
(160, 1, 'Робот пылесос iClebo Pop Phantom', '&lt;p&gt;\r\n	iClebo Pop Phantom – бюджетная модель робота пылесоса корейской компании iClebo. Модель выполнена в строгом классическом дизайне. Текстурированная верхняя панель темно-серого цвета с встроенным жидкокристаллическим индикатором придает роботу пылесосу строгий и законченный облик. Небольшая, всего 89 миллиметров высота пылесоса позволяет осуществлять уборку в таких труднодоступных местах под мебелью. На индикатор с красной подсветкой выводятся в виде пиктограмм режимы работы пылесоса, время уборки и индикатор заряда батарей.&lt;/p&gt;\r\n&lt;p&gt;\r\n	В передней части пылесоса расположен бампер со встроенными датчиками расстояния, которые позволяют объезжать препятствия во время уборки. При обнаружении помехи пылесос останавливается и самостоятельно меняет траекторию движения для продолжения уборки. Для предотвращения возможного повреждения мебели во время уборки на бампере расположена смягчающая удары резиновая полоска. Расположенные в нижней части корпуса датчики высоты предназначены для предотвращения падения робота пылесоса с лестничных проемов во время работы.&lt;/p&gt;\r\n&lt;p&gt;\r\n	Еще одной особенностью робота пылесоса является возможность преодолевать препятствия высотой до 18 миллиметров.&lt;/p&gt;\r\n&lt;p&gt;\r\n	Уборка осуществляется с помощью вращающейся спиральной щетки расположенной снизу по центру корпуса пылесоса. Щетка захватывает пыль и мусор, направляя их в легкосъемный пылесборник. Для захваты мусора и пыли, скапливающихся в углах помещений и вдоль стен предназначена дополнительная боковая вращающаяся щетка, которая перемещает пыль в рабочую зону основной щетки. Легкосъемный пылесборник имеет объем 0,6 л, оборудован антибактериальным фильтром для очистки воздуха и может промываться под проточной водой.&lt;/p&gt;\r\n&lt;p&gt;\r\n	Для уборки различных по площади помещений робот пылесос позволяет устанавливать различную продолжительность времени работы. Предусмотрены значения в пятнадцать минут, половину и полтора часа, а также режим максимальной продолжительности определяющийся временем разряда аккумуляторной батареи. Благодаря низкому энергопотреблению и емкому литий-ионному аккумулятору iClebo Pop Phantom позволяет убирать помещения площадью до девяносто квадратных метров на одном цикле заряда батареи.&lt;/p&gt;\r\n&lt;p&gt;\r\n	При необходимости на заднюю нижнюю часть пылесоса можно установить кассету для влажной уборки с салфеткой из микрофибры. Будучи смоченной водой она позволит собрать мельчайшую пыль и протереть полы.&lt;/p&gt;\r\n&lt;p&gt;\r\n	Для своевременной подзарядки аккумулятора пылесоса предназначена напольная зарядная станция. По окончании уборки робот пылесос самостоятельно находит базу и подсоединяется к ней для перезарядки.&lt;/p&gt;\r\n&lt;h2&gt;\r\n	В стандартную комплектация iClebo Pop Phantom входят:&lt;/h2&gt;\r\n&lt;ul&gt;\r\n	&lt;li&gt;\r\n		Робот пылесос iClebo&amp;nbsp;Pop&amp;nbsp;Phantom&lt;/li&gt;\r\n	&lt;li&gt;\r\n		Зарядная база&lt;/li&gt;\r\n	&lt;li&gt;\r\n		Блок питания&lt;/li&gt;\r\n	&lt;li&gt;\r\n		Щетка для ухода за пылесосом&lt;/li&gt;\r\n	&lt;li&gt;\r\n		Литий-ионный аккумулятор&lt;/li&gt;\r\n	&lt;li&gt;\r\n		Антибактериальный фильтр;&lt;/li&gt;\r\n	&lt;li&gt;\r\n		Пульт дистанционного управления пылесосом&lt;/li&gt;\r\n	&lt;li&gt;\r\n		Две батарейки типоразмера ААА для пульта ДУ&lt;/li&gt;\r\n	&lt;li&gt;\r\n		Основания блока для салфеток из микрофибры&lt;/li&gt;\r\n	&lt;li&gt;\r\n		Две салфетки из микрофибры&lt;/li&gt;\r\n	&lt;li&gt;\r\n		Руководство по эксплуатации на русском языке.&lt;/li&gt;\r\n&lt;/ul&gt;\r\n&lt;h3&gt;\r\n	Основные преимущества iClebo Pop Phantom&lt;/h3&gt;\r\n&lt;ul&gt;\r\n	&lt;li&gt;\r\n		Невысокая стоимость.&lt;/li&gt;\r\n	&lt;li&gt;\r\n		Высокое качество уборки.&lt;/li&gt;\r\n	&lt;li&gt;\r\n		Возможность преодолевать препятствия высотой до 18 мм.&lt;/li&gt;\r\n	&lt;li&gt;\r\n		Стильный внешний вид.&lt;/li&gt;\r\n	&lt;li&gt;\r\n		Низкое энергопотребление&lt;/li&gt;\r\n	&lt;li&gt;\r\n		Длительное время работы от одного заряда аккумулятора.&lt;/li&gt;\r\n	&lt;li&gt;\r\n		Антибактериальный фильтр для воздуха&lt;/li&gt;\r\n	&lt;li&gt;\r\n		Удобный дисплей и пульт ДУ.&lt;/li&gt;\r\n	&lt;li&gt;\r\n		Малый вес и компактные размеры.&lt;/li&gt;\r\n&lt;/ul&gt;\r\n', 'Робот пылесос iClebo Pop Phantom по низкой цене! Картинки, отзывы и видео от пользователей. Бесплатная доставка по России. Успейте купить!', 'iClebo Pop, iClebo Pop Phantom, робот пылесос iClebo Pop, iClebp Pop цена, купить iClebo Pop', 'Робот пылесос iClebo Pop Phantom: цена, картинки, отзывы, видео. Купите iClebo Pop дешево!', 'Робот пылесос iClebo Pop Phantom', ''),
(162, 1, 'Робот пылесос iClebo Pop Magic', '&lt;p&gt;\r\n	iClebo pop&amp;nbsp;Magic&amp;nbsp;– робот пылесос компании iClebo бюджетной категории. Эту модель выгодно отличает яркий современный дизайн. Верхняя панель украшена стильным абстрактным рисунком яркой расцветки. Благодаря высоте 89 миллиметров робот пылесос может проникать для уборки в самые труднодоступные места под мебелью. Режимы функционирования робота пылесоса, индикатор зарядки и время уборки отображаются на стильном дисплее с подсветкой красного цвета.&lt;/p&gt;\r\n&lt;p&gt;\r\n	Встроенные в бампер инфракрасные датчики расстояния помогают обминать препятствия, оказавшиеся на пути пылесоса во время уборки. При обнаружении такого препятствия пылесос меняет траекторию движения для продолжения уборки. На пластиковом бампере предусмотрена резиновая полоска для защиты мебели. В нижней части пылесоса находятся датчики высоты, которые не позволяют пылесоса упасть с лестницы во время уборки.&lt;/p&gt;\r\n&lt;p&gt;\r\n	Робот пылесос&amp;nbsp;iClebo&amp;nbsp;Pop&amp;nbsp;Magic&amp;nbsp;способен преодолевать пороги и препятствия высотой вплоть до 18 миллиметров.&lt;/p&gt;\r\n&lt;p&gt;\r\n	Уборка производиться с помощью спиралевидной вращающейся щетки размещенной в нижней части корпуса. Щетка захватывает и направляет пыль и мусор в съемный пылесборник. Для уборки мусора и пыли, которые накапливаются по углам помещений и вдоль плинтусов предусмотрена боковая вращающаяся щетка, перемещающая мусор в зону действия основной щетки&lt;/p&gt;\r\n&lt;p&gt;\r\n	Возможны установка различного времени работы для уборки помещений разных размеров. Можно установить значения в пятнадцать минут, половину и полтора часа, а также режим максимальной продолжительности. Благодаря емкому литий-ионному аккумулятору и высокой экономичности iClebo Pop&amp;nbsp;Magic&amp;nbsp;обладает временем непрерывной работы до 160 минут.&lt;/p&gt;\r\n&lt;p&gt;\r\n	&amp;nbsp;&lt;/p&gt;\r\n', 'Робот пылесос iClebo Pop Magic по низкой цене. Фото, видео, отзывы от владельцев. Купите iClebo Pop Magic дешево! Официальный дилер.', 'iclebo pop magic, робот пылесос iclebo pop magic, купить iclebo pop magic, цена iclebo pop magic, отзывы iclebo pop magic', 'Робот пылесос iClebo Pop Magic: цена, отзывы, фото, видео. Купите iClebo Pop Magic дешево!', 'Робот пылесос iClebo Pop Magic', ''),
(163, 1, 'Robotis Bioloid Beginner', '&lt;p&gt;\r\n	Robotis Bioloid Beginner – стартовый набор для конструирования собственных роботов. С помощью входящих в него сервоприводов, датчиков и множества прочих конструктивных элементов вы сможете собрать четырнадцать различных роботов, таких как «Пасть крокодила», «Музыкальный автомобиль», «Машина-детектор препятствий», «Атакующая утка», «Парковочные ворота», «Измеритель уровня звука», «Приветливый пингвин», «Хлопающий пингвин», «Универсальный калибровщик», «Шлагбаум», «Шарнир с двумя степенями свободы», «Робот-рука» и «Шагающий дроид». Также можно создавать и любые другие модели роботов, подсказанные вашей фантазией.&lt;/p&gt;\r\n&lt;p&gt;\r\n	Подключив робота Bioloid к компьютеру посредством порта USB, можно запрограммировать реакцию на внешние события, распознаваемые датчиками и выполнение различных действий с помощью входящего в комплект программного обеспечения. Подчиняясь заданной программе роботы могут передвигаться, реагировать и взаимодействовать с внешними объектами.&lt;/p&gt;\r\n&lt;p&gt;\r\n	Центром управления робота является модуль, оснащенный контроллером Atmel ATMega128 со 128 килобайтами флеш памяти. На управляющем модуле размещены шесть кнопок для управления роботом и индикаторы его состояния. С конструкторе применяются сервоприводы Dynamixel AX-12+ с обратной связью, применяющиеся в профессиональных устройствах и позволяющие контролировать положение отдельных элементов робота.&lt;/p&gt;\r\n&lt;p&gt;\r\n	Конструктор производится корейской компанией Robotis. Эти наборы устройства успешно применяются в качестве тренировочного оборудования на курсе машиностроения Военно-морской академии США. Также они снискали популярность в широко известных международных соревнованиях по робототехнике RoboCup.&lt;/p&gt;\r\n&lt;p&gt;\r\n	В набор для построения роботов Robotis Bioloid Beginner Kit входит:&lt;/p&gt;\r\n&lt;ul&gt;\r\n	&lt;li&gt;\r\n		Управляющий контроллер на основе ATMega128 – 1шт.&lt;/li&gt;\r\n	&lt;li&gt;\r\n		Сервоприводы Dynamixel AX-12 – 4шт.&lt;/li&gt;\r\n	&lt;li&gt;\r\n		Сенсор AX-S1 – 1шт.&lt;/li&gt;\r\n	&lt;li&gt;\r\n		Аккумуляторная батарея 9.6V, 2300mAh, Ni-MH– 1шт.&lt;/li&gt;\r\n	&lt;li&gt;\r\n		Кабель для подключения к компьютеру – 1шт.&lt;/li&gt;\r\n	&lt;li&gt;\r\n		Диск с программным обеспечением – 1шт.&lt;/li&gt;\r\n	&lt;li&gt;\r\n		Руководство пользователя с примерами построения роботов– 1шт.&lt;/li&gt;\r\n&lt;/ul&gt;\r\n&lt;p&gt;\r\n	&amp;nbsp;&lt;/p&gt;\r\n&lt;p&gt;\r\n	&amp;nbsp;&lt;/p&gt;\r\n', 'Робот андройд Bioloid Beginner', 'Робот андройд Bioloid Beginner', 'Робот андройд Bioloid Beginner', 'Робот андройд Bioloid Beginner', ''),
(166, 1, 'Robotis Bioloid Premium', '&lt;p&gt;\r\n	Robotis Bioloid Premium – флагман линейки конструкторов роботов корейской компании Robotis. Модели этой фирмы заслуженно получили широкую популярность благодаря своему техническому совершенству и модульной конструкции, позволяющей создавать самых разнообразных роботов на их основе. Эти роботы представлены в престижных международных соревнованиях по роботостроению RoboCup и используются&amp;nbsp; в Военно-морской академии США в качестве учебного пособия на курсе прикладного машиностроения.&lt;/p&gt;\r\n&lt;p&gt;\r\n	С помощью набора Robotis Bioloid Premium можно построить двадцать шесть описанных в инструкции моделей роботов, включая гуманоидного робота, робота-паука, собаку, скорпиона, динозавра и др. Унифицированная модульная конструкция конструктора позволяет также строить собственные нестандартные модели роботов.&lt;/p&gt;\r\n&lt;p&gt;\r\n	Роботами управляет центральный модуль CM-530 основанный на процессоре ARM Cortex M3 STM32F103RE что позволяет создавать довольно сложные управляющие программы.&lt;/p&gt;\r\n&lt;p&gt;\r\n	Данный набор включает в себя такие премиум опции как обшивка корпуса гуманоидного робота и инфракрасный пульт дистанционного управления. В стандартную программу управления гуманоидным роботом входят шестнадцать предустановленных действий, таких как стойка на руках, отжимания, поклоны, приветствия, действия для игры в футбол и боев с аналогичными роботами.&lt;/p&gt;\r\n&lt;p&gt;\r\n	Программирование роботов осуществляется с помощью программной среды разработки RoboPlus, состоящей из компонент RoboPlus Task, RoboPlus Motion, RoboPlus Terminal и RoboPlus Manager. Удобство разработки, программирование робота на популярном языке C и возможность немедленно увидеть результат своего труда делают процесс программирования робота несложным и увлекательным.&lt;/p&gt;\r\n&lt;p&gt;\r\n	&lt;em&gt;В комплект поставки конструктора входят:&lt;/em&gt;&lt;/p&gt;\r\n&lt;ul&gt;\r\n	&lt;li&gt;\r\n		Центральный управляющий блок CM-530 на основе ARM Cortex M3 STM32F103RE&lt;/li&gt;\r\n	&lt;li&gt;\r\n		18 сервоприводов с обратной связью Dynamixel AX-12A&lt;/li&gt;\r\n	&lt;li&gt;\r\n		Двухосевой гироскоп&lt;/li&gt;\r\n	&lt;li&gt;\r\n		Инфракрасный дальномер&lt;/li&gt;\r\n	&lt;li&gt;\r\n		Два инфракрасных сенсора&lt;/li&gt;\r\n	&lt;li&gt;\r\n		Пульт дистанционного управления&lt;/li&gt;\r\n	&lt;li&gt;\r\n		Набор деталей обшивки гуманоидного робота&lt;/li&gt;\r\n	&lt;li&gt;\r\n		Литий-полимерная аккумуляторная батарея (11.1V)&lt;/li&gt;\r\n	&lt;li&gt;\r\n		Импульсный блок питания для перезарядки батареи&lt;/li&gt;\r\n	&lt;li&gt;\r\n		Кабель для подключения робота к компьютеру,&lt;/li&gt;\r\n	&lt;li&gt;\r\n		26 шлейфов для соединения модулей&lt;/li&gt;\r\n	&lt;li&gt;\r\n		Более ста пластиковых рамок для сборки роботов&lt;/li&gt;\r\n	&lt;li&gt;\r\n		Болты, гайки&lt;/li&gt;\r\n	&lt;li&gt;\r\n		Диск с программным обеспечением RoboPlus&lt;/li&gt;\r\n	&lt;li&gt;\r\n		Инструкция для сборки&lt;/li&gt;\r\n&lt;/ul&gt;\r\n', 'Robotis Bioloid Premium', 'Robotis Bioloid Premium', 'Robotis Bioloid Premium', 'Robotis Bioloid Premium', ''),
(167, 1, 'Robotis OLLO Inventor Kit', '&lt;p&gt;\r\n	Robotis OLLO Inventor Kit – наиболее продвинутая версия из серии образовательных конструкторов OLLO корейской компании Robotis.&lt;/p&gt;\r\n&lt;p&gt;\r\n	Линейка конструкторов OLLO воплощает концепцию «Обучайся играя». Конструкторы OLLO позволяют детям постичь в процессе игры&amp;nbsp; основы построения и программирования роботов, собирая разнообразные модели из деталей, входящих в набор. Из них ребенок сможет собрать действующие модели животных, автомобилей, конструкций и на практике освоить принципы функционирования роботов и работы таких электронных компонентов как микроконтроллеры, электродвигатели, сенсоры прикосновения, сервоприводы, инфракрасные сенсоры и светодиоды.&lt;/p&gt;\r\n&lt;p&gt;\r\n	В инструкцию, прилагаемую к конструктору уже включены двадцать четыре наиболее популярные модели роботов которые можно собрать с помощью конструктора. Также возможно построение роботов и механизмов собственной конструкции – благодаря большому количеству элементов конструктора ребенок будет ограничен только собственной фантазией.&lt;/p&gt;\r\n&lt;p&gt;\r\n	Входящий в комплект программируемый микроконтроллер CM-100A программируется с помощью программной среды RoboPlus, включающей в себя пакеты RoboPlus Task, RoboPlus Motion, RoboPlus Terminal и RoboPlus Manager. В процессе программирования собранных конструкций ребенок сможет получить необходимые знания в сфере программирования микроконтроллеров и изучить язык программирования Си.&lt;/p&gt;\r\n&lt;p&gt;\r\n	Собранными моделями можно управлять как с помощью инфракрасного пульта дистанционного управления, выполненного в виде геймпада с джойстиком, так и посредством реакции сенсоров конструктора на внешние события, такие ка приближение объектов и касания.&lt;/p&gt;\r\n&lt;p&gt;\r\n	Инструкция, прилагаемая состоит из двух томов формата А4 с иллюстрациями. В них описывается процесс сборки моделей, даются теоретические знания об используемых физических эффектах и описываются особенности применяемых электронных компонентов.&lt;/p&gt;\r\n&lt;p&gt;\r\n	&lt;em&gt;В комплект поставки конструктора входят:&lt;/em&gt;&lt;/p&gt;\r\n&lt;ul&gt;\r\n	&lt;li&gt;\r\n		Программируемый микроконтроллер СМ-100А.&lt;/li&gt;\r\n	&lt;li&gt;\r\n		Два сервопривода.&lt;/li&gt;\r\n	&lt;li&gt;\r\n		Два электродвигателя.&lt;/li&gt;\r\n	&lt;li&gt;\r\n		Два слота для батареек.&lt;/li&gt;\r\n	&lt;li&gt;\r\n		Два 5-ти проводных шлейфа.&lt;/li&gt;\r\n	&lt;li&gt;\r\n		Кабель для программирования микроконтроллера.&lt;/li&gt;\r\n	&lt;li&gt;\r\n		USB адаптер LN-101.&lt;/li&gt;\r\n	&lt;li&gt;\r\n		Два инфракрасных сенсора.&lt;/li&gt;\r\n	&lt;li&gt;\r\n		Светодиодный модуль.&lt;/li&gt;\r\n	&lt;li&gt;\r\n		Инфракрасный приемник.&lt;/li&gt;\r\n	&lt;li&gt;\r\n		Два датчика прикосновения.&lt;/li&gt;\r\n	&lt;li&gt;\r\n		Светодиод.&lt;/li&gt;\r\n	&lt;li&gt;\r\n		Пульт дистанционного управления с джойстиком.&lt;/li&gt;\r\n	&lt;li&gt;\r\n		653 разноцветных пластиковых элемента для сборки моделей.&lt;/li&gt;\r\n	&lt;li&gt;\r\n		Инструмент для сборки и разборки моделей.&lt;/li&gt;\r\n	&lt;li&gt;\r\n		Диск с программным обеспечением RoboPlus&lt;/li&gt;\r\n	&lt;li&gt;\r\n		Инструкция по сборке моделей.&lt;/li&gt;\r\n&lt;/ul&gt;\r\n&lt;p&gt;\r\n	&amp;nbsp;&lt;/p&gt;\r\n&lt;p&gt;\r\n	&amp;nbsp;&lt;/p&gt;\r\n&lt;p&gt;\r\n	&amp;nbsp;&lt;/p&gt;\r\n&lt;p&gt;\r\n	&amp;nbsp;&lt;/p&gt;\r\n&lt;p&gt;\r\n	&amp;nbsp;&lt;/p&gt;\r\n&lt;p&gt;\r\n	&amp;nbsp;&lt;/p&gt;\r\n&lt;p&gt;\r\n	&amp;nbsp;&lt;/p&gt;\r\n', 'Robotis OLLO Inventor Kit', 'Robotis OLLO Inventor Kit', 'Robotis OLLO Inventor Kit', 'Robotis OLLO Inventor Kit', ''),
(168, 1, 'Robotis Bioloid GP', '&lt;p&gt;\r\n	Конструкторы для построения роботов корейской фирмы Robotis получили заслуженную популярность среди энтузиастов и профессионалов в роботостроении. Роботы собранные из этих конструкторов регулярно успешно принимают участие в престижных международных состязаниях по робототехнике RoboCup и применяются в Военно-морской академии США в качестве учебного пособия на курсе прикладного машиностроения.&lt;/p&gt;\r\n&lt;p&gt;\r\n	Модель Robotis Bioloid GP занимает особенное место в линейке конструкторов роботов корейской компании Robotis. Этот конструктор рассчитан на построение единственной модели гуманоидного робота. Эта модель предназначена для участия в соревнованиях и отличается особенно прочной конструкцией.&lt;/p&gt;\r\n&lt;p&gt;\r\n	Детали конструктора Robotis Bioloid GP выполнены из алюминия, что придает роботу прочность и предотвращает возможные повреждения в ходе соревнований. Такой выбор материала для построения робота также способствует его возможностям поднимать и переносить более тяжелые грузы.&lt;/p&gt;\r\n&lt;p&gt;\r\n	Робот комплектуется сервоприводами Dynamixel AX-18A, отличающиеся большим крутящим моментом.&lt;/p&gt;\r\n&lt;p&gt;\r\n	Робот работает под управлением центрального модуля CM-530, построенного на основе микроконтроллера ARM Cortex M3 STM32F103RE отличающегося высокой производительностью и большим объемом памяти, что позволяет создавать более сложные и быстродействующие управляющие программы.&lt;/p&gt;\r\n&lt;p&gt;\r\n	Данный набор включает инфракрасный пульт дистанционного управления.&lt;/p&gt;\r\n&lt;p&gt;\r\n	Программирование логики работы робота производиться с помощью программного комплекса RoboPlus, включающего в себя приложения RoboPlus Task, RoboPlus Motion, RoboPlus Terminal и RoboPlus Manager. Программирование осуществляется на популярном и мощном языке программирования Си.&lt;/p&gt;\r\n&lt;p&gt;\r\n	&lt;em&gt;В комплект поставки конструктора входят:&lt;/em&gt;&lt;/p&gt;\r\n&lt;ul&gt;\r\n	&lt;li&gt;\r\n		Центральный управляющий блок CM-530 на основе ARM Cortex M3 STM32F103RE&lt;/li&gt;\r\n	&lt;li&gt;\r\n		Восемь сервоприводов с обратной связью Dynamixel AX-12A&lt;/li&gt;\r\n	&lt;li&gt;\r\n		Десять сервоприводов с обратной связью Dynamixel AX-18A&lt;/li&gt;\r\n	&lt;li&gt;\r\n		Двухосевой гироскоп&lt;/li&gt;\r\n	&lt;li&gt;\r\n		Инфракрасный дальномер&lt;/li&gt;\r\n	&lt;li&gt;\r\n		Пульт дистанционного управления&lt;/li&gt;\r\n	&lt;li&gt;\r\n		Литий-полимерная аккумуляторная батарея (11.1V)&lt;/li&gt;\r\n	&lt;li&gt;\r\n		Импульсный блок питания для перезарядки батареи&lt;/li&gt;\r\n	&lt;li&gt;\r\n		Кабель для подключения робота к компьютеру,&lt;/li&gt;\r\n	&lt;li&gt;\r\n		Шлейфы для соединения модулей&lt;/li&gt;\r\n	&lt;li&gt;\r\n		Полный комплект алюминиевых деталей для построения рамы робота. Болты, гайки&lt;/li&gt;\r\n	&lt;li&gt;\r\n		Ключ, отвертка, ключ для болтов, держатель кабеля&lt;/li&gt;\r\n	&lt;li&gt;\r\n		Диск с программным обеспечением RoboPlus&lt;/li&gt;\r\n	&lt;li&gt;\r\n		Инструкция для сборки&lt;/li&gt;\r\n&lt;/ul&gt;\r\n&lt;p&gt;\r\n	&amp;nbsp;&lt;/p&gt;\r\n', 'Робот андройд Bioloid GP', 'Robotis Bioloid GP', 'Robotis Bioloid GP', 'Robotis Bioloid GP', '');
INSERT INTO `product_description` (`product_id`, `language_id`, `name`, `description`, `meta_description`, `meta_keyword`, `seo_title`, `seo_h1`, `meta_title`) VALUES
(169, 1, 'Робот пылесос Clever&amp;Clean Z10', '&lt;p&gt;\r\n	Робот пылесос Clever&amp;amp;Clean Z10 – новейшая модель линейки Z-SERIES компании Clever&amp;amp;Clean специализирующейся на производстве высококачественной современной бытовой техники на основе инновационных технологических решений. Продукция компании Clever&amp;amp;Clean наряду с высоким качеством и использованием современных технологий выгодно отличается демократичным ценообразованием.&lt;/p&gt;\r\n&lt;p&gt;\r\n	Робот пылесос Clever&amp;amp;Clean Z10 может выполнять как сухую уборку различных покрытий, таких как плитка, паркет, ковры, ламинированные и ковровые покрытия, так и влажную протирку твердых поверхностей пола.&lt;/p&gt;\r\n&lt;p&gt;\r\n	Корпус робота пылесоса выполнен из высококачественного черного матового пластика. Разнообразить внешний вид можно с помощью трех разноцветных накладок, входящих в комплект поставки. На верхней панели расположены клавиши управления режимами работы пылесоса, индикатор с красной подсветкой и хромированная ручка для переноски пылесоса. Клавиши управления снабжены надписями, подсвечивающимися синим цветом при выборе соответствующего режима.&lt;/p&gt;\r\n&lt;p&gt;\r\n	На передней части пылесоса расположен резиновый бампер с двумя рядами круглых резиновых выступов и пятью прозрачными окошками из темного пластика овальной формы. Резиновые выступы прикрывают собой контактные сенсоры столкновения и предотвращают повреждение мебели и стен в результате столкновения. За прозрачными окошками расположены инфракрасные сенсоры расстояния, помогающие роботу пылесосу ориентироваться в пространстве.&lt;/p&gt;\r\n&lt;p&gt;\r\n	На нижней поверхности пылесоса расположены вращающийся резиновый скребок и основная вращающаяся спиралевидная щетка. Ближе к передней части пылесоса расположены боковая щетка и ультрафиолетовая лампа.&lt;/p&gt;\r\n&lt;p&gt;\r\n	Робот пылесос Clever&amp;amp;Clean Z10 комплектуется пультом дистанционного управления с большим дисплеем, отображающим текущее время, день недели и время запуска и режим работы робота пылесоса.&lt;/p&gt;\r\n&lt;p&gt;\r\n	Робот пылесос Clever&amp;amp;Clean Z10 может работать в трех основных режимах. Режим автоматической уборки предусматривает уборку всей доступной поверхности до разряда аккумулятора. Режим «Spot» предназначен для тщательной уборки определенного учатка поверхности. Также возможно ручное управление работой пылесоса с помощью пульта дистанционного управления.&lt;/p&gt;\r\n&lt;ul&gt;\r\n	&lt;li&gt;\r\n		&lt;em&gt;В комплект поставки робота пылесоса Clever&amp;amp;Clean Z10 входят:&lt;/em&gt;&lt;/li&gt;\r\n	&lt;li&gt;\r\n		Робот-пылесос Clever&amp;amp;Clean Z10.&lt;/li&gt;\r\n	&lt;li&gt;\r\n		Фильтры и боковые щетки.&lt;/li&gt;\r\n	&lt;li&gt;\r\n		Пульт дистанционного управления.&lt;/li&gt;\r\n	&lt;li&gt;\r\n		Виртуальная стена.&lt;/li&gt;\r\n	&lt;li&gt;\r\n		Блок питания.&lt;/li&gt;\r\n	&lt;li&gt;\r\n		Зарядная база.&lt;/li&gt;\r\n	&lt;li&gt;\r\n		Панель для влажной уборки.&lt;/li&gt;\r\n	&lt;li&gt;\r\n		Инструкция по использованию.&lt;/li&gt;\r\n&lt;/ul&gt;\r\n', '', '', '', '', ''),
(170, 1, 'Робот пылесос Clever&amp;Clean Z10A', '&lt;p align=&quot;left&quot;&gt;\r\n	Робот пылесос Clever&amp;amp;Clean Z10А – одна из самых современных моделей линейки Z-SERIES 2013 года компании Clever&amp;amp;Clean выпускающей бытовую технику высочайшего качества на основе современных инновационных высокотехнологичных решений. Продукция компании Clever&amp;amp;Clean выгодно отличается демократичным ценообразованием при сохранении высокого качества продукции и использовании современных технологий.&lt;/p&gt;\r\n&lt;p&gt;\r\n	Робот пылесос Clever&amp;amp;Clean Z10А предназначен для как сухой так и для влажной уборки. Сухая уборка может производиться на любых типах покрытий.&lt;/p&gt;\r\n&lt;p&gt;\r\n	Робот отличается ярким и неповторимым дизайном в современном стиле. Его корпус может быть одного из трех цветов, а именно: красный, оранжевый или зеленый. Корпус робота пылесоса выполнен из высококачественного. На верхней панели расположены клавиша управления пылесосом и два индикатора работы пылесоса. Клавиша управления снабжены надписью, просвечивающимися различными цветами в зависимости от режима работы.&lt;/p&gt;\r\n&lt;p&gt;\r\n	Два ряда круглых резиновых выступов, находящихся на бампере, расположенном в передней части пылесоса предохраняют мебель и стены от повреждения в результате столкновения. Помимо этого, они служат контактными сенсорами касания препятствий. Также на бампере расположены пять темных прозрачных окошек, скрывающих за собой инфракрасные датчики расстояния помогающими роботу ориентироваться в пространстве.&lt;/p&gt;\r\n&lt;p&gt;\r\n	Уборка производиться с помощью расположенных снизу пылесоса вращающегося резинового скребка и основной вращающейся спиралевидной щетки. Для уборки в углах помещения и вдоль стен предусмотрена боковая щетка.&lt;/p&gt;\r\n&lt;p&gt;\r\n	Навигационная система робота пылесоса позволяет производить эффективную уборку помещения. При этом робот проходит от одного до семи раз через каждую точку помещения в зависимости от выбранного режима.&lt;/p&gt;\r\n&lt;p&gt;\r\n	Робот пылесос Clever&amp;amp;Clean Z10A комплектуется пультом дистанционного управления с большим дисплеем, отображающим текущее время, день недели и время запуска и режим работы робота пылесоса. Пульт управления позволяет задавать режимы работы пылесоса и программировать уборку определенное время на протяжении недели.&lt;/p&gt;\r\n&lt;p&gt;\r\n	&lt;em&gt;В комплект поставки робота пылесоса Clever&amp;amp;Clean Z10&lt;/em&gt;&lt;em&gt;A входят:&lt;/em&gt;&lt;/p&gt;\r\n&lt;ul&gt;\r\n	&lt;li&gt;\r\n		Робот-пылесос Clever&amp;amp;Clean Z10A.&lt;/li&gt;\r\n	&lt;li&gt;\r\n		Фильтры и боковые щетки.&lt;/li&gt;\r\n	&lt;li&gt;\r\n		Пульт дистанционного управления.&lt;/li&gt;\r\n	&lt;li&gt;\r\n		Виртуальная стена.&lt;/li&gt;\r\n	&lt;li&gt;\r\n		Блок питания.&lt;/li&gt;\r\n	&lt;li&gt;\r\n		Зарядная база.&lt;/li&gt;\r\n	&lt;li&gt;\r\n		Панель для влажной уборки.&lt;/li&gt;\r\n	&lt;li&gt;\r\n		Инструкция по использованию.&lt;/li&gt;\r\n&lt;/ul&gt;\r\n', '', '', '', '', ''),
(180, 1, 'Робот-газонокосилка Robomow RC302', '&lt;p&gt;\r\n	Согласитесь, что ухоженный и ровно подстриженный газон способен придать помещению особый шарм и стиль. Все, что нужно для полноценного обслуживания &amp;nbsp;лужайки на вашем приусадебном участке&amp;nbsp; – это всего лишь качественная и умная техника, которой и славится израильская компания Robomow.&lt;/p&gt;\r\n&lt;p&gt;\r\n	Газонокосилки серии RC разработаны для тех людей, кто содержит небольшие участки. Если общая площадь вашей территории не превышает двух соток, то данная серия предназначена именно для вас. Широкие возможности управления газонокосилками (в том числе и с помощью сотового телефона) и отличная функциональность – это то, что выгодно отличает модели серии RC от производителя Robomow.&lt;/p&gt;\r\n&lt;p&gt;\r\n	Особое внимание ценителям высоких технологий стоит обратить на Robomow RC302. Эта газонокосилка способна возвращаться на базу по окончании работы и самостоятельно вставать на подзарядку. База докупается дополнительно и не входит в стандартный комплект, прилагаемый изготовителем к роботу.&lt;/p&gt;\r\n&lt;p&gt;\r\n	Косилка оснащена датчиком дождя, который блокирует работу аппарата и направляет его в сухое место, где обычно располагается база. Это сделано из соображений безопасности, так как сырая трава создает некоторые трудности для скашивания.&lt;/p&gt;\r\n&lt;p&gt;\r\n	Помимо всего прочего, Robomow RC302 может работать не только на ровных поверхностях, но и в местах, где максимальный уклон составляет до 3%.&lt;/p&gt;\r\n&lt;p&gt;\r\n	Запустить устройство может только владелец благодаря наличию системы пин-кода. Вы можете спокойно оставить&amp;nbsp; RC302 даже наедине с детьми, ведь при случайном перевороте корпуса ножи останавливаются. Удаленное управление с использованием технологии Bluetooth делает эту газонокосилку незаменимым помощником для тех, кто ценит свое время и комфорт. Практически бесшумная, косилка может работать в любое время суток, и даже тогда, когда вы спите.&lt;/p&gt;\r\n&lt;p&gt;\r\n	Используя Robomow RC302, вы можете изменять высоту стрижки газона, форму и площадь обрабатываемой поверхности.&lt;/p&gt;\r\n&lt;p&gt;\r\n	&lt;strong style=&quot;color: rgb(0, 0, 0); font-family: Arial, Helvetica, sans-serif;&quot;&gt;Комплектация&amp;nbsp;&lt;/strong&gt;&lt;strong style=&quot;color: rgb(0, 0, 0); font-family: Arial, Helvetica, sans-serif;&quot;&gt;робота-газонокосильщика&amp;nbsp;Robomow RС302&lt;/strong&gt;&lt;span style=&quot;color: rgb(0, 0, 0); font-family: Arial, Helvetica, sans-serif;&quot;&gt;:&lt;/span&gt;&lt;/p&gt;\r\n&lt;ul style=&quot;color: rgb(0, 0, 0); font-family: Arial, Helvetica, sans-serif;&quot;&gt;\r\n	&lt;li&gt;\r\n		робот-косилка Robomow RС302;&lt;/li&gt;\r\n	&lt;li&gt;\r\n		адаптер зоны кошения (используется вместо зарядной базы);&lt;/li&gt;\r\n	&lt;li&gt;\r\n		провод ограничения периметра - 100 м;&lt;/li&gt;\r\n	&lt;li&gt;\r\n		комплект колышков - 150 шт.;&lt;/li&gt;\r\n	&lt;li&gt;\r\n		коннекторы участка&amp;nbsp;&lt;/li&gt;\r\n	&lt;li&gt;\r\n		гарантийный талон.&lt;/li&gt;\r\n&lt;/ul&gt;\r\n', 'Робот-газонокосилка Robomow RC302', 'Робот-газонокосилка Robomow RC302', 'Робот-газонокосилка Robomow RC302', 'Робот-газонокосилка Robomow RC302', ''),
(171, 1, 'Комплект расходных аксессуаров для iClebo Arte и IClebo Pop', '&lt;p&gt;\r\n	&lt;span style=&quot;color: rgb(0, 0, 0); font-family: Arial, Helvetica, sans-serif; font-size: 12px;&quot;&gt;Две салфетки из микрофибры, комплект боковых щеток и два антибактериальных фильтра для пылесосов&amp;nbsp;&lt;/span&gt;&lt;a href=&quot;http://roboti.grishinmikhail.com/vacuum-cleaner/cat-iclebo/&quot;&gt;&lt;font color=&quot;#00961c&quot; face=&quot;Arial, Helvetica, sans-serif&quot;&gt;&lt;span style=&quot;font-size: 12px; cursor: pointer; line-height: 20px;&quot;&gt;Yujin Robot &lt;/span&gt;&lt;/font&gt;&lt;font color=&quot;#00961c&quot; face=&quot;Arial, Helvetica, sans-serif&quot;&gt;&lt;span style=&quot;font-size: 12px; cursor: pointer; line-height: 20px;&quot;&gt;iClebo&lt;/span&gt;&lt;/font&gt;&lt;/a&gt;&lt;/p&gt;\r\n', 'Набор расходных аксессуаров для iClebo Arte и Iclebo Pop', 'расходных аксессуаров для iClebo Arteи Iclebo Pop', 'расходных аксессуаров для iClebo Arte и Iclebo Pop', 'расходных аксессуаров для iClebo Arteи Iclebo Pop', ''),
(161, 1, 'Робот пылесос iClebo Pop Lemon', '&lt;p&gt;\r\n	&lt;strong style=&quot;font-family: Arial, Helvetica, sans-serif; text-align: justify; color: rgb(178, 34, 34);&quot;&gt;Внимание! Покупайте официальные и сертифицированные iClebo с российскими наклейками на корпусе пылесоса, гарантийным листом и инструкцией на русском языке. Не берите подделки с корейскими и английскими надписями на пылесосе и сомнительной гарантией.&amp;nbsp;&lt;/strong&gt;&lt;/p&gt;\r\n&lt;p&gt;\r\n	&lt;span style=&quot;font-size: medium; font-family: ''Times New Roman'', serif; line-height: 100%;&quot;&gt;Корейское качество – не пустые слова для современной электронной техники. Использование современных технологий, высокая степень надежности и при этом невысокая цена – вот три правила, которыми руководствуется компания iClebo. Выпускаемые ими роботы-пылесосы максимально экономят ваше личное время, наводя порядок в помещении без необходимости контроля над процессом уборки.&lt;/span&gt;&lt;/p&gt;\r\n&lt;p&gt;\r\n	&lt;span style=&quot;font-size: medium; font-family: ''Times New Roman'', serif; line-height: 100%;&quot;&gt;iClebo Pop&amp;nbsp;Lemon – одна из наиболее доступных и в то же время функциональных моделей нижней ценовой категории. Современный дизайн устройства и небольшие габариты (высота робота чуть меньше сантиметра) выгодно выделяют iClebo Pop&amp;nbsp;Lemon среди множества подобной техники. Продуманные до мелочей детали и «умная» система уборки делают этот пылесос просто незаменимым в повседневном использовании.&lt;/span&gt;&lt;/p&gt;\r\n&lt;p&gt;\r\n	&lt;span style=&quot;font-size: medium; font-family: ''Times New Roman'', serif; line-height: 100%;&quot;&gt;Мощная вращающаяся щетка собирает весь мусор в легкий моющийся пылесборник. Уборку пыли из углов и других труднодоступных мест обеспечивают дополнительные боковые щетки.&lt;/span&gt;&lt;/p&gt;\r\n&lt;p&gt;\r\n	&lt;span style=&quot;font-size: medium; font-family: ''Times New Roman'', serif; line-height: 100%;&quot;&gt;Отдельно стоит сказать о системе навигации Pop&amp;nbsp;Lemon. Благодаря встроенным датчикам и сенсорам робот застрахован от падений с лестниц и от ударов о предметы интерьера. Специальная резиновая накладка, расположенная в передней части пылесоса, смягчает соприкосновение с встречающимися на пути препятствиями.&lt;/span&gt;&lt;/p&gt;\r\n&lt;p style=&quot;margin-top: 0.49cm; margin-bottom: 0.49cm; line-height: 100%&quot;&gt;\r\n	&lt;font face=&quot;Times New Roman, serif&quot;&gt;&lt;font size=&quot;3&quot;&gt;Встроенный литий-ионный аккумулятор позволяет единовременно убрать до 90 квадратных метров помещения.&lt;/font&gt;&lt;/font&gt;&lt;/p&gt;\r\n&lt;p&gt;\r\n	&lt;strong style=&quot;font-family: Arial, Helvetica, sans-serif; font-size: 12px; color: rgb(178, 34, 34);&quot;&gt;Рекомендуем сразу приобрести&amp;nbsp;&lt;a href=&quot;http://roboti.grishinmikhail.com/vacuum-cleaner/accessories/nabor_iclebo.html&quot;&gt;&lt;font color=&quot;#00961c&quot;&gt;&lt;span style=&quot;font-size: 12px; cursor: pointer;&quot;&gt;набор расходных аксессуаров&lt;/span&gt;&lt;/font&gt;&lt;/a&gt;&amp;nbsp;по низкой цене.&lt;/strong&gt;&lt;/p&gt;\r\n&lt;p&gt;\r\n	&lt;strong style=&quot;color: rgb(0, 0, 0); font-family: Arial, Helvetica, sans-serif; font-size: 12px;&quot;&gt;Гарантия&lt;/strong&gt;&lt;span style=&quot;color: rgb(0, 0, 0); font-family: Arial, Helvetica, sans-serif; font-size: 12px;&quot;&gt;: 1 год&lt;/span&gt;&lt;/p&gt;\r\n&lt;p&gt;\r\n	&lt;strong style=&quot;color: rgb(0, 0, 0); font-family: Arial, Helvetica, sans-serif; font-size: 12px;&quot;&gt;Производство&lt;/strong&gt;&lt;span style=&quot;color: rgb(0, 0, 0); font-family: Arial, Helvetica, sans-serif; font-size: 12px;&quot;&gt;: Корея&lt;/span&gt;&lt;/p&gt;\r\n', 'Робот пылесос iClebo Pop Lemon по низкой цене. Отзывы, видео, фото от владельцев. Успейте купить iClebo Pop Lemon дешево!', 'iclebo pop lemon', 'Робот пылесос iClebo Pop Lemon: цена, отзывы, фото, видео. Купите iClebo Pop Lemon дешево!', 'Робот пылесос iClebo Pop Lemon', ''),
(156, 1, 'Робот пылесос iClebo Arte Sakura', '&lt;p&gt;\r\n	&lt;span style=&quot;color: rgb(128, 0, 128);&quot;&gt;&lt;strong&gt;Бесплатная доставка&amp;nbsp;по России службой доставки Pony Express курьером до дома&lt;/strong&gt;&lt;span style=&quot;font-family: Arial, Helvetica, sans-serif; font-size: 12px;&quot;&gt;&lt;strong&gt;*!&lt;/strong&gt;&lt;/span&gt;&lt;strong&gt;&amp;nbsp;&amp;nbsp;Покупайте с удовольствием!&lt;/strong&gt;&lt;/span&gt;&lt;/p&gt;\r\n&lt;p&gt;\r\n	&lt;strong style=&quot;font-size: 12px; font-family: Arial, Helvetica, sans-serif; color: rgb(178, 34, 34);&quot;&gt;Последняя версия прошивки: 1.6.3!&lt;/strong&gt;&lt;/p&gt;\r\n&lt;p style=&quot;font-size: 12px; margin-top: 0px; margin-bottom: 0px; color: rgb(0, 0, 0); font-family: Arial, Helvetica, sans-serif;&quot;&gt;\r\n	&amp;nbsp;&lt;/p&gt;\r\n&lt;p style=&quot;font-size: 12px; margin-top: 0px; margin-bottom: 0px; color: rgb(0, 0, 0); font-family: Arial, Helvetica, sans-serif;&quot;&gt;\r\n	&lt;span style=&quot;color: rgb(128, 0, 128);&quot;&gt;&lt;strong style=&quot;color: rgb(178, 34, 34);&quot;&gt;Внимание! Покупайте официальные и сертифицированные iClebo с российскими наклейками на корпусе пылесоса, гарантийным листом и инструкцией на русском языке. Не берите подделки с корейскими и английскими надписями на пылесосе и сомнительной гарантией.&amp;nbsp;&lt;/strong&gt;&lt;/span&gt;&lt;/p&gt;\r\n&lt;p style=&quot;font-size: 12px; margin-top: 0px; margin-bottom: 0px; color: rgb(0, 0, 0); font-family: Arial, Helvetica, sans-serif;&quot;&gt;\r\n	&amp;nbsp;&lt;/p&gt;\r\n&lt;p style=&quot;font-size: 12px; margin-top: 0px; margin-bottom: 0px; color: rgb(0, 0, 0); font-family: Arial, Helvetica, sans-serif;&quot;&gt;\r\n	&amp;nbsp;&lt;/p&gt;\r\n&lt;p&gt;\r\n	iClebo Arte Sakura – робот пылесос премиум класса компании IClebo. Яркий дизайн этой модели выполнен в уникальном японском стиле. На верхней панели нанесен красочный и самобытный рисунок по японским мотивам. Высота пылесоса составляет всего лишь девять сантиметров, что позволяет производить уборку пыли скапливающейся под мебелью пыли.&lt;/p&gt;\r\n&lt;p&gt;\r\n	На нижней поверхности робота пылесоса расположена основная вращающаяся щетка и две вспомогательные боковые щетки, с помощью которых мусор и пыль направляются к основной. При необходимости пылесос может работать в качестве полотера или выполнять влажную уборку. Для этого достаточно заменить основную щетку на блок с салфеткой из микрофибры (по-моему он может и с основной щеткой работать, фибра цепляется сзади щетки).&lt;/p&gt;\r\n&lt;p&gt;\r\n	iClebo Arte Sakura оснащен инновационной системой уборки. Получая изображение со встроенной камеры, размещенной на верхней панели, он рассчитывает карту убираемого помещения и строит оптимальную траекторию движения для проведения уборки. Построенная карта помещения также позволяет возобновить прерванный процесс уборки.&lt;/p&gt;\r\n&lt;p&gt;\r\n	Расположенная на передней части пылесоса iClebo Arte Sakura насадка из плотной резины и встроенные датчики, помогают определять наличие препятствий на пути движения и при необходимости изменять траекторию движения с учетом объезда возникшей помехи.&lt;/p&gt;\r\n&lt;p&gt;\r\n	На подсвеченный красным цветом жидкокристаллический дисплей выводятся текущие параметры работы пылесоса, которые включают режим работы, показатели заряда встроенной батареи, время уборки и ошибки, возникающие во время работы.&lt;/p&gt;\r\n&lt;p&gt;\r\n	Режимами работы можно управлять как с помощью сенсорного дисплея так и с пульта дистанционного управления, входящего в комплект поставки.&lt;/p&gt;\r\n&lt;p&gt;\r\n	Конструкция робота пылесоса позволяет преодолевать порожки и другие препятствия высотой до 20 миллиметров.&lt;/p&gt;\r\n&lt;p&gt;\r\n	Благодаря емкому литий-ионному аккумулятору и малому энергопотреблению iClebo Arte Sakura может работать на одной зарядке до 160 минут, что позволяет убирать помещения до 200 квадратных метров.&lt;/p&gt;\r\n&lt;h2 style=&quot;color: rgb(0, 93, 173); font-size: 16px; margin-top: 0px; margin-bottom: 5px; font-family: Arial, Helvetica, sans-serif; text-align: justify;&quot;&gt;\r\n	&lt;strong&gt;Комплектация робота-пылесоса&amp;nbsp;&lt;/strong&gt;&lt;strong&gt;iClebo&amp;nbsp;&lt;/strong&gt;&lt;strong&gt;Arte Sakura:&lt;/strong&gt;&lt;/h2&gt;\r\n&lt;ul style=&quot;color: rgb(0, 93, 173); font-family: Arial, Helvetica, sans-serif; text-align: justify;&quot;&gt;\r\n	&lt;li&gt;\r\n		Робот-пылесос&amp;nbsp;&lt;strong&gt;iClebo&amp;nbsp;&lt;/strong&gt;&lt;strong&gt;Arte&amp;nbsp;Sakura &lt;/strong&gt;– 1шт.&lt;/li&gt;\r\n	&lt;li&gt;\r\n		Li-Ion аккумулятор – 1шт.&lt;/li&gt;\r\n	&lt;li&gt;\r\n		Базовая станция – 1шт.&lt;/li&gt;\r\n	&lt;li&gt;\r\n		Устройство для подзарядки – 1шт.&lt;/li&gt;\r\n	&lt;li&gt;\r\n		Салфетки из микрофибры – 2шт.&lt;/li&gt;\r\n	&lt;li&gt;\r\n		Основа для салфетки – 1шт.&lt;/li&gt;\r\n	&lt;li&gt;\r\n		Магнитная лента – 1шт.&lt;/li&gt;\r\n	&lt;li&gt;\r\n		Антибактериальные фильтры – 2шт.&lt;/li&gt;\r\n	&lt;li&gt;\r\n		Пульт ДУ -1шт.&lt;/li&gt;\r\n	&lt;li&gt;\r\n		Батарейки для пульта ДУ – 2шт.&lt;/li&gt;\r\n	&lt;li&gt;\r\n		Щёточка-гребешок для очистки основной щётки – 1шт.&lt;/li&gt;\r\n	&lt;li&gt;\r\n		Инструкция – 1шт.&lt;/li&gt;\r\n	&lt;li&gt;\r\n		Гарантийный талон – 1шт.&lt;/li&gt;\r\n&lt;/ul&gt;\r\n&lt;h2 style=&quot;color: rgb(0, 93, 173); font-size: 16px; margin-top: 0px; margin-bottom: 5px; font-family: Arial, Helvetica, sans-serif; text-align: justify;&quot;&gt;\r\n	&lt;strong&gt;Достоинства пылесоса iClebo&amp;nbsp;&lt;/strong&gt;&lt;strong&gt;Arte Sakura:&lt;/strong&gt;&lt;/h2&gt;\r\n&lt;ul style=&quot;color: rgb(0, 93, 173); font-family: Arial, Helvetica, sans-serif; text-align: justify;&quot;&gt;\r\n	&lt;li&gt;\r\n		Стильный корпус в различном цветовом исполнении&lt;/li&gt;\r\n	&lt;li&gt;\r\n		Уборка влажной салфеткой&lt;/li&gt;\r\n	&lt;li&gt;\r\n		Рекордно низкое энергопотребление&lt;/li&gt;\r\n	&lt;li&gt;\r\n		Навигационная система на основе фотокамеры&lt;/li&gt;\r\n	&lt;li&gt;\r\n		4-х ступенчатая фильтрация воздуха&lt;/li&gt;\r\n	&lt;li&gt;\r\n		Удобный в использовании дисплей и пульт ДУ&lt;/li&gt;\r\n	&lt;li&gt;\r\n		Сверхкомпактный размер и малый вес&lt;/li&gt;\r\n	&lt;li&gt;\r\n		Li-Ion аккумулятор без эффекта памяти&lt;/li&gt;\r\n&lt;/ul&gt;\r\n&lt;p&gt;\r\n	&lt;strong style=&quot;font-family: Arial, Helvetica, sans-serif; font-size: 12px; text-align: justify; color: rgb(255, 0, 0);&quot;&gt;&lt;span style=&quot;font-family: Tahoma; font-size: 13px; background-color: rgb(252, 252, 254);&quot;&gt;* Бесплатная доставка в регионы осуществляется при предоплате по счету через банк, либо пластиковой картой на сайте магазина.&amp;nbsp;&lt;em&gt;&lt;u&gt;Внимание:&lt;/u&gt;&amp;nbsp;в личном кабинете стоимость доставки не уменьшается, скидку на сумму доставки менеджер проставляет вручную после подтверждения заказа.&lt;/em&gt;&amp;nbsp;&lt;/span&gt;&lt;/strong&gt;&lt;/p&gt;\r\n&lt;p&gt;\r\n	&amp;nbsp;&lt;/p&gt;\r\n&lt;p&gt;\r\n	&lt;strong style=&quot;font-size: 12px; font-family: Arial, Helvetica, sans-serif; color: rgb(178, 34, 34);&quot;&gt;Рекомендуем сразу приобрести&amp;nbsp;&lt;a href=&quot;http://roboti.grishinmikhail.com/vacuum-cleaner/accessories/nabor_iclebo.html&quot;&gt;&lt;font color=&quot;#00961c&quot;&gt;&lt;span style=&quot;font-size: 12px; cursor: pointer;&quot;&gt;набор расходных аксессуаров&lt;/span&gt;&lt;/font&gt;&lt;/a&gt;&amp;nbsp;по низкой цене.&lt;/strong&gt;&lt;/p&gt;\r\n&lt;p&gt;\r\n	&lt;strong style=&quot;color: rgb(0, 0, 0); font-family: Arial, Helvetica, sans-serif; font-size: 12px;&quot;&gt;Гарантия&lt;/strong&gt;&lt;span style=&quot;color: rgb(0, 0, 0); font-family: Arial, Helvetica, sans-serif; font-size: 12px;&quot;&gt;: 1 год&lt;/span&gt;&lt;/p&gt;\r\n&lt;p&gt;\r\n	&lt;strong style=&quot;color: rgb(0, 0, 0); font-family: Arial, Helvetica, sans-serif; font-size: 12px;&quot;&gt;Производство&lt;/strong&gt;&lt;span style=&quot;color: rgb(0, 0, 0); font-family: Arial, Helvetica, sans-serif; font-size: 12px;&quot;&gt;: Корея&lt;/span&gt;&lt;/p&gt;\r\n', 'Робот пылесос iClebo Arte Sakura', 'Робот пылесос iClebo Arte Sakura', 'Робот пылесос iClebo Arte Sakura', 'Робот пылесос iClebo Arte Sakura', ''),
(92, 1, 'Робот пылесос iClebo Arte', '&lt;p&gt;\r\n	&lt;span style=&quot;color:#800080;&quot;&gt;&lt;strong&gt;Бесплатная доставка&amp;nbsp;по России службой доставки Pony Express курьером до дома&lt;/strong&gt;&lt;span style=&quot;font-family: Arial, Helvetica, sans-serif; font-size: 12px;&quot;&gt;&lt;strong&gt;*!&lt;/strong&gt;&lt;/span&gt;&lt;strong&gt;&amp;nbsp;&amp;nbsp;Покупайте с удовольствием!&lt;/strong&gt;&lt;/span&gt;&lt;/p&gt;\r\n&lt;p&gt;\r\n	&lt;strong style=&quot;font-size: 12px; font-family: Arial, Helvetica, sans-serif; color: rgb(178, 34, 34);&quot;&gt;Последняя версия прошивки: 1.7.4!&lt;/strong&gt;&lt;/p&gt;\r\n&lt;p style=&quot;margin-top: 0px; margin-bottom: 0px; color: rgb(0, 0, 0); font-family: Arial, Helvetica, sans-serif; font-size: 12px;&quot;&gt;\r\n	&amp;nbsp;&lt;/p&gt;\r\n&lt;p style=&quot;margin-top: 0px; margin-bottom: 0px; color: rgb(0, 0, 0); font-family: Arial, Helvetica, sans-serif; font-size: 12px;&quot;&gt;\r\n	&lt;span style=&quot;color:#800080;&quot;&gt;&lt;strong style=&quot;color: rgb(178, 34, 34);&quot;&gt;Внимание! Покупайте официальные и сертифицированные iClebo с российскими наклейками на корпусе пылесоса, гарантийным листом и инструкцией на русском языке. Не берите подделки с корейскими и английскими надписями на пылесосе и сомнительной гарантией.&amp;nbsp;&lt;/strong&gt;&lt;/span&gt;&lt;/p&gt;\r\n&lt;p style=&quot;margin-top: 0px; margin-bottom: 0px; color: rgb(0, 0, 0); font-family: Arial, Helvetica, sans-serif; font-size: 12px;&quot;&gt;\r\n	&amp;nbsp;&lt;/p&gt;\r\n&lt;p style=&quot;margin-top: 0px; margin-bottom: 0px; color: rgb(0, 0, 0); font-family: Arial, Helvetica, sans-serif; font-size: 12px;&quot;&gt;\r\n	&lt;span style=&quot;font-family: ''Times New Roman'', serif; font-size: medium; line-height: 16px;&quot;&gt;iClebo Arte - универсальная модель современного робота-пылесоса. Богатый дизайн поверхности «под карбон» с контрастными оранжевыми вставками и множество функций позволяют отнести iClebo Arte к аппаратам преимум-класса.&lt;/span&gt;&lt;/p&gt;\r\n&lt;p class=&quot;western&quot; style=&quot;margin-bottom: 0.35cm; line-height: 100%&quot;&gt;\r\n	&lt;span style=&quot;font-size: medium; font-family: ''Times New Roman'', serif; line-height: 100%;&quot;&gt;Устройство робота таково, что позволяет производить уборку в самых труднодоступных местах. Высота пылесоса составляет всего 9 сантиметров, поэтому электронный уборщик с легкостью произведет очистку пространства под шкафами, диванами и другими предметами интерьера. Наличие двух дополнительных боковых щеток обеспечивает более качественную уборку по сравнению с другими пылесосами. Вспомогательные щетки собирают с пола мелкий мусор, пыль и шерсть животных, впоследствии направляя все к основной мощной щетке.&lt;/span&gt;&lt;/p&gt;\r\n&lt;p class=&quot;western&quot; style=&quot;margin-bottom: 0.35cm; line-height: 100%&quot;&gt;\r\n	&lt;span style=&quot;font-family: ''Times New Roman'', serif; font-size: medium; line-height: 100%;&quot;&gt;iClebo Arte рассчитан на уборку помещений с разным напольным покрытием. При желании вы можете с легкостью поменять щетки на блок с мягкими салфетками из микрофибры. Таким образом, iClebo Arte «умеет» не только пылесосить, но и производить влажную уборку.&lt;/span&gt;&lt;/p&gt;\r\n&lt;p class=&quot;western&quot; style=&quot;margin-top: 0.49cm; margin-bottom: 0.49cm; line-height: 100%&quot;&gt;\r\n	&lt;span style=&quot;font-family: ''Times New Roman'', serif; font-size: medium; line-height: 100%;&quot;&gt;Благодаря встроенным камерам, робот способен составлять карту помещения и впоследствии безошибочно обходить встречаемые на пути препятствия. Такая высокоинтеллектуальная система уборки позволяет менять заранее выстроенную траекторию прямо по ходу движения или, например, продолжать прерванную работу с нужного места.&lt;/span&gt;&lt;/p&gt;\r\n&lt;p class=&quot;western&quot; style=&quot;margin-top: 0.49cm; margin-bottom: 0.49cm; line-height: 100%&quot;&gt;\r\n	&lt;span style=&quot;font-size: medium; font-family: ''Times New Roman'', serif; line-height: 100%;&quot;&gt;Вся последовательность действий, производимых роботом, отображается на внешнем дисплее с яркой красной подсветкой. Вы всегда сможете отследить, сколько времени требуется на уборку той или иной комнаты, каков уровень заряда батареи пылесоса и какие ошибки возникают в процессе работы.&lt;/span&gt;&lt;/p&gt;\r\n&lt;p class=&quot;western&quot; style=&quot;margin-top: 0.49cm; margin-bottom: 0.49cm; line-height: 100%&quot;&gt;\r\n	&lt;font face=&quot;Times New Roman, serif&quot;&gt;&lt;font size=&quot;3&quot;&gt;iClebo Arte потребляет крайне мало электроэнергии и удобно управляется с помощью пульта ДУ.&amp;nbsp;&lt;/font&gt;&lt;/font&gt;&lt;/p&gt;\r\n&lt;h2&gt;\r\n	&lt;strong&gt;Комплектация робота-пылесоса &lt;/strong&gt;&lt;strong&gt;iClebo &lt;/strong&gt;&lt;strong&gt;Arte:&lt;/strong&gt;&lt;/h2&gt;\r\n&lt;ul&gt;\r\n	&lt;li&gt;\r\n		Робот-пылесос &lt;strong&gt;Yujin Robot iClebo &lt;/strong&gt;&lt;strong&gt;Arte&lt;/strong&gt; – 1шт.&lt;/li&gt;\r\n	&lt;li&gt;\r\n		Li-Ion аккумулятор – 1шт.&lt;/li&gt;\r\n	&lt;li&gt;\r\n		Базовая станция – 1шт.&lt;/li&gt;\r\n	&lt;li&gt;\r\n		Устройство для подзарядки – 1шт.&lt;/li&gt;\r\n	&lt;li&gt;\r\n		Салфетки из микрофибры – 2шт.&lt;/li&gt;\r\n	&lt;li&gt;\r\n		Основа для салфетки – 1шт.&lt;/li&gt;\r\n	&lt;li&gt;\r\n		Магнитная лента – 1шт.&lt;/li&gt;\r\n	&lt;li&gt;\r\n		Антибактериальные фильтры – 2шт.&lt;/li&gt;\r\n	&lt;li&gt;\r\n		Пульт ДУ -1шт.&lt;/li&gt;\r\n	&lt;li&gt;\r\n		Батарейки для пульта ДУ – 2шт.&lt;/li&gt;\r\n	&lt;li&gt;\r\n		Щёточка-гребешок для очистки основной щётки – 1шт.&lt;/li&gt;\r\n	&lt;li&gt;\r\n		Инструкция – 1шт.&lt;/li&gt;\r\n	&lt;li&gt;\r\n		Гарантийный талон – 1шт.&lt;/li&gt;\r\n&lt;/ul&gt;\r\n&lt;h2&gt;\r\n	&lt;strong&gt;Достоинства пылесоса iClebo &lt;/strong&gt;&lt;strong&gt;Arte:&lt;/strong&gt;&lt;/h2&gt;\r\n&lt;ul&gt;\r\n	&lt;li&gt;\r\n		Стильный корпус в различном цветовом исполнении&lt;/li&gt;\r\n	&lt;li&gt;\r\n		Уборка влажной салфеткой&lt;/li&gt;\r\n	&lt;li&gt;\r\n		Рекордно низкое энергопотребление&lt;/li&gt;\r\n	&lt;li&gt;\r\n		Навигационная система на основе фотокамеры&lt;/li&gt;\r\n	&lt;li&gt;\r\n		4-х ступенчатая фильтрация воздуха&lt;/li&gt;\r\n	&lt;li&gt;\r\n		Удобный в использовании дисплей и пульт ДУ&lt;/li&gt;\r\n	&lt;li&gt;\r\n		Сверхкомпактный размер и малый вес&lt;/li&gt;\r\n	&lt;li&gt;\r\n		Li-Ion аккумулятор без эффекта памяти&lt;/li&gt;\r\n&lt;/ul&gt;\r\n&lt;p&gt;\r\n	&lt;strong style=&quot;font-family: Arial, Helvetica, sans-serif; font-size: 12px; color: rgb(255, 0, 0);&quot;&gt;&lt;span style=&quot;font-family: Tahoma; font-size: 13px; background-color: rgb(252, 252, 254);&quot;&gt;* Бесплатная доставка в регионы осуществляется при предоплате по счету через банк, либо пластиковой картой на сайте магазина.&amp;nbsp;&lt;em&gt;&lt;u&gt;Внимание:&lt;/u&gt;&amp;nbsp;в личном кабинете стоимость доставки не уменьшается, скидку на сумму доставки менеджер проставляет вручную после подтверждения заказа.&lt;/em&gt;&amp;nbsp;&lt;/span&gt;&lt;/strong&gt;&lt;/p&gt;\r\n&lt;p&gt;\r\n	&amp;nbsp;&lt;/p&gt;\r\n&lt;p&gt;\r\n	&lt;strong style=&quot;font-size: 12px; font-family: Arial, Helvetica, sans-serif; color: rgb(178, 34, 34);&quot;&gt;Рекомендуем сразу приобрести&amp;nbsp;&lt;a href=&quot;http://roboti.grishinmikhail.com/vacuum-cleaner/accessories/nabor_iclebo.html&quot;&gt;&lt;font color=&quot;#00961c&quot;&gt;&lt;span style=&quot;font-size: 12px; cursor: pointer;&quot;&gt;набор расходных аксессуаров&lt;/span&gt;&lt;/font&gt;&lt;/a&gt;&amp;nbsp;по низкой цене.&lt;/strong&gt;&lt;/p&gt;\r\n&lt;p&gt;\r\n	&lt;strong style=&quot;color: rgb(0, 0, 0); font-family: Arial, Helvetica, sans-serif; font-size: 12px;&quot;&gt;Гарантия&lt;/strong&gt;&lt;span style=&quot;color: rgb(0, 0, 0); font-family: Arial, Helvetica, sans-serif; font-size: 12px;&quot;&gt;: 1 год&lt;/span&gt;&lt;/p&gt;\r\n&lt;p&gt;\r\n	&lt;strong style=&quot;color: rgb(0, 0, 0); font-family: Arial, Helvetica, sans-serif; font-size: 12px;&quot;&gt;Производство&lt;/strong&gt;&lt;span style=&quot;color: rgb(0, 0, 0); font-family: Arial, Helvetica, sans-serif; font-size: 12px;&quot;&gt;: Корея&lt;/span&gt;&lt;/p&gt;\r\n&lt;ul&gt;\r\n&lt;/ul&gt;\r\n&lt;ul&gt;\r\n&lt;/ul&gt;\r\n', 'iClebo Arte - идеальный помощник для уборки дома. Спешите купить робот пылесос iClebo Arte по супер цене. Бесплатная и быстрая доставка по всей России ❤', 'iclebo arte, пылесос iclebo arte, робот пылесос iclebo arte, купить iclebo arte, Yujin Robot iClebo Arte', 'Купить робот пылесос iClebo Arte по супер цене.', 'Купить робот пылесос iClebo Arte', '');
INSERT INTO `product_description` (`product_id`, `language_id`, `name`, `description`, `meta_description`, `meta_keyword`, `seo_title`, `seo_h1`, `meta_title`) VALUES
(164, 1, 'Robotis Bioloid Comprehensive Kit', '&lt;p align=&quot;left&quot;&gt;\r\n	&lt;span style=&quot;color: rgb(255, 0, 0); font-family: Ubuntu, sans; font-size: 14px; line-height: 21px;&quot;&gt;Robotis Bioloid Comprehensive снят с производства в пользу более совершенного&amp;nbsp;&lt;/span&gt;&lt;a href=&quot;http://roboti.grishinmikhail.com/toys/constructor/robotis-bioloid-premium.html&quot;&gt;&lt;font color=&quot;#000000&quot; face=&quot;Ubuntu, sans&quot;&gt;&lt;span style=&quot;font-size: 14px; line-height: 21px;&quot;&gt;Robotis Bioloid Premium&lt;/span&gt;&lt;/font&gt;&lt;/a&gt;&lt;span style=&quot;color: rgb(255, 0, 0); font-family: Ubuntu, sans; font-size: 14px; line-height: 21px;&quot;&gt;. В настоящий момент вы не можете купить Comprehensive.&lt;/span&gt;&lt;/p&gt;\r\n&lt;p align=&quot;left&quot;&gt;\r\n	Наборы для сборки роботов Bioloid корейской компании Robotis известны прежде всего тем, что роботы, созданные на их основе регулярно успешно участвуют в престижных международных соревнованиях по робототехнике RoboCup. Также эти роботы используются Военно-морской академией США в качестве учебного оборудования при обучении машиностроению.&lt;/p&gt;\r\n&lt;p align=&quot;left&quot;&gt;\r\n	Набор Robotis Bioloid Comprehensive Kit – один из самых совершенных в линейке корейской компании. Он построен на основе управляющего модуля на чипе ATMega128 и включает в себя сервоприводы с контуром обратной связи Dynamixel AX-12 и сенсорный модуль Dynamixel AX-S1 которые взаимодействуют между собой посредством фирменной цифровой шины Dynamixel. Набор позволяет построить множество модификаций различных роботов.&lt;/p&gt;\r\n&lt;p align=&quot;left&quot;&gt;\r\n	Центральный управляющий модуль оснащен индикаторами состояния робота и кнопками для управления им. Сервоприводы Dynamixel AX-12 развивают довольно большой крутящий момент и оснащены системой обратной связи, позволяющей контролировать положение отдельных частей робота в реальном времени и создавать более совершенные программы его движения. Сенсорный модуль Dynamixel AX-S1 включает в себя ИК приемник, три инфракрасных датчика расстояния, микрофон и пьезоэлектрический динамик.&lt;/p&gt;\r\n&lt;p align=&quot;left&quot;&gt;\r\n	Программное обеспечение, входящее в комплект, предоставляет широкие возможности для программирования роботов, позволяя задавать различные реакции собранной модели на внешние воздействия и определять их поведение.&lt;/p&gt;\r\n&lt;p align=&quot;left&quot;&gt;\r\n	Подробная инструкция включает рекомендации по сборке и программированию двадцати шести различных вариантов роботов, включая человекообразного робота, робота – собаку, утку, пингвина, паука и другие модификации.&lt;/p&gt;\r\n&lt;p align=&quot;left&quot;&gt;\r\n	Набор Robotis Bioloid Comprehensive Kit может быть использован для обучения основам построения роботов и различных исполнительных механизмов. Входящие в его состав исполнительные механизмы профессионального уровня позволяют строить различные модели роботов с богатыми функциональными возможностями.&lt;/p&gt;\r\n&lt;p align=&quot;left&quot;&gt;\r\n	В состав набора входят:&lt;/p&gt;\r\n&lt;ul&gt;\r\n	&lt;li&gt;\r\n		Центральный управляющий блок CM-5 на основе Atmel ATMega128&lt;/li&gt;\r\n	&lt;li&gt;\r\n		18 сервоприводов с обратной связью Dynamixel AX-12+&lt;/li&gt;\r\n	&lt;li&gt;\r\n		Сенсорный блок Dynamixel AX-S1&lt;/li&gt;\r\n	&lt;li&gt;\r\n		Аккумуляторная батарея (9.6V)&lt;/li&gt;\r\n	&lt;li&gt;\r\n		Диск с программным обуспечением&lt;/li&gt;\r\n	&lt;li&gt;\r\n		Импульсный блок питания для перезарядки батареи&lt;/li&gt;\r\n	&lt;li&gt;\r\n		Кабель для подключения робота к компьютеру,&lt;/li&gt;\r\n	&lt;li&gt;\r\n		26 шлейфов для соединения модулей&lt;/li&gt;\r\n	&lt;li&gt;\r\n		Более ста пластиковых рамок для крепления&lt;/li&gt;\r\n	&lt;li&gt;\r\n		Болты, гайки&lt;/li&gt;\r\n	&lt;li&gt;\r\n		Инструкция&lt;/li&gt;\r\n&lt;/ul&gt;\r\n&lt;p align=&quot;left&quot;&gt;\r\n	&amp;nbsp;&lt;/p&gt;\r\n&lt;p&gt;\r\n	&amp;nbsp;&lt;/p&gt;\r\n', 'Robotis Bioloid Comprehensive Kit', 'Robotis Bioloid Comprehensive Kit', 'Robotis Bioloid Comprehensive Kit', 'Robotis Bioloid Comprehensive Kit', ''),
(165, 1, 'Учебный набор Амперка', '&lt;p&gt;\r\n	&lt;span style=&quot;font-size:14px;&quot;&gt;&lt;span style=&quot;font-family:arial,helvetica,sans-serif;&quot;&gt;Амперка – набор, предназначенный для проведения курса обучения детей основам электроники и программирования. В рамках курса ребенок познакомиться с микроконтроллерами, постигнет основы программирования на современном прикладном языке C++, научиться создавать электронные устройства и сможет на практике закрепить знания, полученные на уроках физики и информатики. Набор построен на основе популярного микроконтроллера Arduino.&lt;br /&gt;\r\n	Курс обучения рассчитан на семнадцать уроков, на каждом из которых объясняются теоретические основы и создается одно или несколько электронных устройств. Увлекательная практика помогает надежно усвоить полученные знания и научиться применять их в жизни. К завершению курса ученик сможет построить собственного робота и провести ряд увлекательных экспериментов с ним. В программу курса включены уроки, посвященные работе и программированию контроллера Arduino, основам электричества, построению электронных схем, работе с такими электронными компонентами, как резисторы, диоды, светодиоды и транзисторы, использованию разнообразных сенсоров, работе с индикаторами и сервоприводами.&amp;nbsp;&lt;/span&gt;&lt;/span&gt;&lt;span style=&quot;color: rgb(33, 31, 33); line-height: 21px; font-family: arial, helvetica, sans-serif; font-size: 14px;&quot;&gt;Курс рассчитан на 17 академических часов, хорошо продуман и выстроен. Любой педагог сможет без особого труда провести интереснейшую серию занятий.&lt;/span&gt;&lt;/p&gt;\r\n&lt;p&gt;\r\n	&lt;span style=&quot;font-size:14px;&quot;&gt;&lt;span style=&quot;font-family:arial,helvetica,sans-serif;&quot;&gt;Центром конструктора является популярная микроконтроллерная плата Arduino Uno. Для проведения разнообразных опытов и построения электронных схем конструктор включает в себя множество электронных компонентов. Благодаря входящей в комплект макетной плате все опыты проводятся без использования паяльника. Компоненты, входящие в состав конструктора работают при напряжении не более девяти вольт, абсолютно безопасны и прошли сертификацию на соответствие ГОСТам.&lt;/span&gt;&lt;/span&gt;&lt;/p&gt;\r\n&lt;p&gt;\r\n	&lt;span style=&quot;font-size:14px;&quot;&gt;&lt;span style=&quot;font-family:arial,helvetica,sans-serif;&quot;&gt;В состав набора входят:&lt;/span&gt;&lt;/span&gt;&lt;/p&gt;\r\n&lt;ul&gt;\r\n	&lt;li&gt;\r\n		&lt;span style=&quot;font-size:14px;&quot;&gt;&lt;span style=&quot;font-family:arial,helvetica,sans-serif;&quot;&gt;Контроллер Arduino Uno.&lt;/span&gt;&lt;/span&gt;&lt;/li&gt;\r\n	&lt;li&gt;\r\n		&lt;span style=&quot;font-size:14px;&quot;&gt;&lt;span style=&quot;font-family:arial,helvetica,sans-serif;&quot;&gt;Два датчика линии.&lt;/span&gt;&lt;/span&gt;&lt;/li&gt;\r\n	&lt;li&gt;\r\n		&lt;span style=&quot;font-size:14px;&quot;&gt;&lt;span style=&quot;font-family:arial,helvetica,sans-serif;&quot;&gt;Датчик наклона.&lt;/span&gt;&lt;/span&gt;&lt;/li&gt;\r\n	&lt;li&gt;\r\n		&lt;span style=&quot;font-size:14px;&quot;&gt;&lt;span style=&quot;font-family:arial,helvetica,sans-serif;&quot;&gt;Два фоторезистора.&lt;/span&gt;&lt;/span&gt;&lt;/li&gt;\r\n	&lt;li&gt;\r\n		&lt;span style=&quot;font-size:14px;&quot;&gt;&lt;span style=&quot;font-family:arial,helvetica,sans-serif;&quot;&gt;Два термистора.&lt;/span&gt;&lt;/span&gt;&lt;/li&gt;\r\n	&lt;li&gt;\r\n		&lt;span style=&quot;font-size:14px;&quot;&gt;&lt;span style=&quot;font-family:arial,helvetica,sans-serif;&quot;&gt;Четыре кнопки.&lt;/span&gt;&lt;/span&gt;&lt;/li&gt;\r\n	&lt;li&gt;\r\n		&lt;span style=&quot;font-size:14px;&quot;&gt;&lt;span style=&quot;font-family:arial,helvetica,sans-serif;&quot;&gt;Макетная доска.&lt;/span&gt;&lt;/span&gt;&lt;/li&gt;\r\n	&lt;li&gt;\r\n		&lt;span style=&quot;font-size:14px;&quot;&gt;&lt;span style=&quot;font-family:arial,helvetica,sans-serif;&quot;&gt;75 проводников для соединения элементов.&lt;/span&gt;&lt;/span&gt;&lt;/li&gt;\r\n	&lt;li&gt;\r\n		&lt;span style=&quot;font-size:14px;&quot;&gt;&lt;span style=&quot;font-family:arial,helvetica,sans-serif;&quot;&gt;USB кабель для подключения к компьютеру.&lt;/span&gt;&lt;/span&gt;&lt;/li&gt;\r\n	&lt;li&gt;\r\n		&lt;span style=&quot;font-size:14px;&quot;&gt;&lt;span style=&quot;font-family:arial,helvetica,sans-serif;&quot;&gt;Батарейный разъем.&lt;/span&gt;&lt;/span&gt;&lt;/li&gt;\r\n	&lt;li&gt;\r\n		&lt;span style=&quot;font-size:14px;&quot;&gt;&lt;span style=&quot;font-family:arial,helvetica,sans-serif;&quot;&gt;Шасси робота.&lt;/span&gt;&lt;/span&gt;&lt;/li&gt;\r\n	&lt;li&gt;\r\n		&lt;span style=&quot;font-size:14px;&quot;&gt;&lt;span style=&quot;font-family:arial,helvetica,sans-serif;&quot;&gt;Сервопривод.&lt;/span&gt;&lt;/span&gt;&lt;/li&gt;\r\n	&lt;li&gt;\r\n		&lt;span style=&quot;font-size:14px;&quot;&gt;&lt;span style=&quot;font-family:arial,helvetica,sans-serif;&quot;&gt;Плата расширения с драйвером моторов.&lt;/span&gt;&lt;/span&gt;&lt;/li&gt;\r\n	&lt;li&gt;\r\n		&lt;span style=&quot;font-size:14px;&quot;&gt;&lt;span style=&quot;font-family:arial,helvetica,sans-serif;&quot;&gt;Плата расширения портов.&lt;/span&gt;&lt;/span&gt;&lt;/li&gt;\r\n	&lt;li&gt;\r\n		&lt;span style=&quot;font-size:14px;&quot;&gt;&lt;span style=&quot;font-family:arial,helvetica,sans-serif;&quot;&gt;Текстовый жидкокристаллический экран.&lt;/span&gt;&lt;/span&gt;&lt;/li&gt;\r\n	&lt;li&gt;\r\n		&lt;span style=&quot;font-size:14px;&quot;&gt;&lt;span style=&quot;font-family:arial,helvetica,sans-serif;&quot;&gt;Два семисегментных индикатора.&lt;/span&gt;&lt;/span&gt;&lt;/li&gt;\r\n	&lt;li&gt;\r\n		&lt;span style=&quot;font-size:14px;&quot;&gt;&lt;span style=&quot;font-family:arial,helvetica,sans-serif;&quot;&gt;12 красных светодиодов.&lt;/span&gt;&lt;/span&gt;&lt;/li&gt;\r\n	&lt;li&gt;\r\n		&lt;span style=&quot;font-size:14px;&quot;&gt;&lt;span style=&quot;font-family:arial,helvetica,sans-serif;&quot;&gt;Четыре желтых светодиода.&lt;/span&gt;&lt;/span&gt;&lt;/li&gt;\r\n	&lt;li&gt;\r\n		&lt;span style=&quot;font-size:14px;&quot;&gt;&lt;span style=&quot;font-family:arial,helvetica,sans-serif;&quot;&gt;Четыре зеленых светодиода.&lt;/span&gt;&lt;/span&gt;&lt;/li&gt;\r\n	&lt;li&gt;\r\n		&lt;span style=&quot;font-size:14px;&quot;&gt;&lt;span style=&quot;font-family:arial,helvetica,sans-serif;&quot;&gt;Два трехветных светодиода.&lt;/span&gt;&lt;/span&gt;&lt;/li&gt;\r\n	&lt;li&gt;\r\n		&lt;span style=&quot;font-size:14px;&quot;&gt;&lt;span style=&quot;font-family:arial,helvetica,sans-serif;&quot;&gt;Два пьезодинамика.&lt;/span&gt;&lt;/span&gt;&lt;/li&gt;\r\n	&lt;li&gt;\r\n		&lt;span style=&quot;font-size:14px;&quot;&gt;&lt;span style=&quot;font-family:arial,helvetica,sans-serif;&quot;&gt;60 резисторов номиналом 220 ом.&lt;/span&gt;&lt;/span&gt;&lt;/li&gt;\r\n	&lt;li&gt;\r\n		&lt;span style=&quot;font-size:14px;&quot;&gt;&lt;span style=&quot;font-family:arial,helvetica,sans-serif;&quot;&gt;20 резисторов номиналом 1 кОм.&lt;/span&gt;&lt;/span&gt;&lt;/li&gt;\r\n	&lt;li&gt;\r\n		&lt;span style=&quot;font-size:14px;&quot;&gt;&lt;span style=&quot;font-family:arial,helvetica,sans-serif;&quot;&gt;20 резисторов номиналом 10 кОм.&lt;/span&gt;&lt;/span&gt;&lt;/li&gt;\r\n	&lt;li&gt;\r\n		&lt;span style=&quot;font-size:14px;&quot;&gt;&lt;span style=&quot;font-family:arial,helvetica,sans-serif;&quot;&gt;20 резисторов номиналом 100 кОм.&lt;/span&gt;&lt;/span&gt;&lt;/li&gt;\r\n	&lt;li&gt;\r\n		&lt;span style=&quot;font-size:14px;&quot;&gt;&lt;span style=&quot;font-family:arial,helvetica,sans-serif;&quot;&gt;10 Биполярных транзисторов.&lt;/span&gt;&lt;/span&gt;&lt;/li&gt;\r\n	&lt;li&gt;\r\n		&lt;span style=&quot;font-size:14px;&quot;&gt;&lt;span style=&quot;font-family:arial,helvetica,sans-serif;&quot;&gt;Четыре транзистора MOSFET.&lt;/span&gt;&lt;/span&gt;&lt;/li&gt;\r\n	&lt;li&gt;\r\n		&lt;span style=&quot;font-size:14px;&quot;&gt;&lt;span style=&quot;font-family:arial,helvetica,sans-serif;&quot;&gt;Две микросхемы CD 4026.&lt;/span&gt;&lt;/span&gt;&lt;/li&gt;\r\n	&lt;li&gt;\r\n		&lt;span style=&quot;font-size:14px;&quot;&gt;&lt;span style=&quot;font-family:arial,helvetica,sans-serif;&quot;&gt;Пять диодов.&lt;/span&gt;&lt;/span&gt;&lt;/li&gt;\r\n	&lt;li&gt;\r\n		&lt;span style=&quot;font-size:14px;&quot;&gt;&lt;span style=&quot;font-family:arial,helvetica,sans-serif;&quot;&gt;Цифровой мультиметр.&lt;/span&gt;&lt;/span&gt;&lt;/li&gt;\r\n	&lt;li&gt;\r\n		&lt;span style=&quot;font-size:14px;&quot;&gt;&lt;span style=&quot;font-family:arial,helvetica,sans-serif;&quot;&gt;Учебное пособие.&lt;/span&gt;&lt;/span&gt;&lt;br /&gt;\r\n		&amp;nbsp;&lt;/li&gt;\r\n&lt;/ul&gt;\r\n', 'Учебный набор Амперка', 'Учебный набор Амперка', 'Учебный набор Амперка', 'Учебный набор Амперка', ''),
(172, 1, 'Robotis OLLO Action ', '&lt;p&gt;\r\n	Не знаете, что подарить ребенку 8-12 лет, чтоб отвлечь его от экранов планшета и компьютера? Вам хочется, чтоб подарок был не только интересным, но и полезным? Детям уже давно наскучило собирать конструкторы, которые потом только и могут, что пылиться на полках. Линия OLLO была создана именно для того, чтоб разрушить представления о скучных и однообразных конструкторах.&lt;/p&gt;\r\n&lt;p&gt;\r\n	Корейская компания Robotis занимается робототехникой всех уровней сложности. Наборы конструкторов OLLO делятся по количеству и типу деталей, сложности сборки. Каждый из них может дополнять друг друга, так как детали и крепежные элементы универсальны. Детские конструкторы Robotis OLLO серии Action являются самыми простыми из них. Эти наборы для юных инженеров – новинка на рынке России. При этом они не стоят огромных денег, что делает их общедоступными. Наборы Robotis OLLO Action состоят из привычных деталей и крепежных элементов. Также в них есть мотор, место для батареек типа АА и кнопка переключателя. &amp;nbsp;В каждом одном наборе содержится множество возможных для построения моделей животных и роботов. С помощью двигателя и батарейки они способны двигаться, крутиться, шагать или ездить. Идея того, что в это творение можно вдохнуть немного жизни, способно привлечь внимание даже самого непоседливого ребенка.&lt;/p&gt;\r\n&lt;p&gt;\r\n	Набор Robotis OLLO Action имеет множество вариантов сборки, это позволяет ребенку делать разных роботов хоть каждый день. В инструкции вы найдете как простые по сборке модели, так и более сложные, которые сможете конструировать вместе. На сайте Robotis можно найти еще больше готовых к сборке моделей роботов, они предоставляются для бесплатного скачивания и распечатки. Robotis OLLO Action – это та игрушка, которая будет радовать ребенка долгое время, а не пылиться на дальней полке.&amp;nbsp;&lt;/p&gt;\r\n', 'Robotis OLLO Action ', 'Robotis OLLO Action ', 'Robotis OLLO Action ', 'Robotis OLLO Action ', ''),
(173, 1, 'Robotis OLLO Figure', '&lt;p&gt;\r\n	&lt;strong&gt;Конструктор Robotis OLLO Figure&lt;/strong&gt; разработан специально для маленьких детей. Любой ребенок в возрасте 7 лет и старше, используя пластиковые панельки и специальные соединяющие заклепки, сможет собрать из них разнообразные статичные модели забавных животных. &lt;strong&gt;Robotis OLLO Figure&lt;/strong&gt; сделан в Корее на современной фабрике из экологически безопасных материалов. Он имеет все необходимые сертификаты и разрешения.&lt;/p&gt;\r\n&lt;p&gt;\r\n	&lt;strong&gt;Конструктор Robotis OLLO Figure - &lt;/strong&gt;это хороший помощник в воспитании и развитии ребенка. Начиная собирать модели различных, хорошо известных героев мультфильмов, дети становятся более терпеливыми, усидчивыми. У них развивается образное, и даже, креативное мышление. Из панелек можно собрать, как минимум, тринадцать забавных фигурок. Самая простая из них - веселый краб. А по прошествии определенного времени, самостоятельно постигнув особенности и возможности &lt;strong&gt;Robotis OLLO Figure, &lt;/strong&gt;ребенок сможет собрать более сложную модель - милого синего попугая.&lt;/p&gt;\r\n&lt;p&gt;\r\n	По мере роста конструкторских способностей, творчество ребенка будет более разнообразным. А когда, способности и мышление маленького конструктора станут шире, чем возможности к&lt;strong&gt;онструктора Robotis OLLO Figure &lt;/strong&gt;можно купить другой, более сложный набор от корейского производителя. Благодаря стандартизации и унификации элементов он станет гармоничным дополнением &lt;strong&gt;Robotis OLLO Figure. &lt;/strong&gt;Это позволяет в дальнейшем поступательно и планомерно развивать творческие способности детей. Задача родителей советовать и подсказывать, остальное ребенок сделает сам. Без посторонней помощи. Конструкторы &lt;strong&gt;Robotis OLLO Figure &lt;/strong&gt;не оставят равнодушными как мальчиков, так и девочек. На этом этапе жизни ребенка, сборка фигурок героев мультфильмов будет увлекательна практически для всех детей, независимо от их пола. Это потом, кто-то предпочтет рисование, а кто-то из них захочет собрать модель робота из топового набора конструкторов Robotis.&lt;/p&gt;\r\n&lt;p&gt;\r\n	&amp;nbsp;&lt;/p&gt;\r\n', 'Robotis OLLO Figure ', 'Robotis OLLO Figure ', 'Купить конструктор Robotis OLLO Figure', 'Robotis OLLO Figure', ''),
(175, 1, 'Robotis OLLO Bug', '&lt;p style=&quot;margin-bottom: 0.35cm&quot;&gt;\r\n	&lt;span style=&quot;font-size: medium;&quot;&gt;Куклы – для девочек, машинки – для мальчиков… Как давно это было! Да, прошло то время, когда для определенного возраста были свои игрушки – в год – кубики, в два – конструктор, в десять – радиоуправляемая машинка…. Современные игрушки сориентированы не на возраст ребенка, а на интересы целых поколений, на склад ума современного ребенка. Они принципиально отличаются от тех, которые мы привыкли видеть на прилавках магазинов еще пять-десять лет назад.&lt;/span&gt;&lt;/p&gt;\r\n&lt;p align=&quot;JUSTIFY&quot; style=&quot;margin-bottom: 0.35cm&quot;&gt;\r\n	&lt;font size=&quot;3&quot;&gt;Одним из самых ярких примеров того, насколько интересными и увлекательными могут быть игрушки нашего времени, является &lt;/font&gt;&lt;font size=&quot;3&quot;&gt;&lt;b&gt;конструктор Robotis OLLO Bug&lt;/b&gt;&lt;/font&gt;&lt;font size=&quot;3&quot;&gt;. &lt;/font&gt;&lt;/p&gt;\r\n&lt;p align=&quot;JUSTIFY&quot; style=&quot;margin-bottom: 0.35cm&quot;&gt;\r\n	&lt;font size=&quot;3&quot;&gt;Конструктор этой серии будет интересен не только детям, не только их родителям, а вообще всем, кто сможет хоть раз подержать это чудо индустрии игрушек в своих руках. Конструкторы &lt;/font&gt;&lt;font size=&quot;3&quot;&gt;&lt;b&gt;&lt;span style=&quot;background: #f7f5f5&quot;&gt;Robotis OLLO Bug&lt;/span&gt;&lt;/b&gt;&lt;/font&gt;&lt;font size=&quot;3&quot;&gt;&lt;span style=&quot;background: #f7f5f5&quot;&gt; в первую очередь интересны тем, что решает сразу несколько задач – позволяет раскрыть инженерные способности ребенка, его стремление к созданию чего-то нового. Детали конструктора позволяют создавать настоящие технические совершенства. Несмотря на то, что большая часть их состоит из различных типов пластмасс, финальное изделие может превзойти многие ожидания. Сам конструктор состоит из панелей, которые соединяются простыми заклепками. Так что создание небольшой правильной фигурки – элементарная задача. Но если немного пофантазировать, объединить старания родителей и детей, то можно добиться очень неожиданного результата. К примеру – модель фантастического межпланетного фрегата с датчиками, сенсорами и двигателями. Для игры в большой компании можно собрать несколько боевых роботов-жуков и ставить перед ними совершенно разные задачи. Роботы могут перемещаться по установленному заранее маршруту, соревноваться в скорости и силе.&lt;/span&gt;&lt;/font&gt;&lt;/p&gt;\r\n&lt;p align=&quot;JUSTIFY&quot; style=&quot;margin-bottom: 0.35cm&quot;&gt;\r\n	&lt;font size=&quot;3&quot;&gt;&lt;b&gt;&lt;span style=&quot;background: #f7f5f5&quot;&gt;Подарок Robotis OLLO Bug&lt;/span&gt;&lt;/b&gt;&lt;/font&gt;&lt;font size=&quot;3&quot;&gt;&lt;span style=&quot;background: #f7f5f5&quot;&gt; – это подарок из сказки, это подарок из будущего. Это подарок мечты.&lt;/span&gt;&lt;/font&gt;&lt;/p&gt;\r\n', 'Robotis OLLO Bug', 'Robotis OLLO Bug', 'Robotis OLLO Bug', 'Robotis OLLO Bug', ''),
(174, 1, 'Robotis OLLO Starter', '&lt;p class=&quot;western&quot; lang=&quot;ru-RU&quot; style=&quot;margin-bottom: 0cm&quot;&gt;\r\n	&lt;span lang=&quot;en-US&quot;&gt;Конструкторы &lt;/span&gt;&lt;span lang=&quot;en-US&quot;&gt;&lt;i&gt;Robotis OLLO&lt;/i&gt;&lt;/span&gt;&lt;span lang=&quot;en-US&quot;&gt; &lt;/span&gt;представляют собой общеобразовательные робототехнические наборы с широким спектром возможностей, предназначенные для начинающих юных исследователей. Главный принцип комплектов &lt;span lang=&quot;en-US&quot;&gt;&lt;i&gt;Robotis&lt;/i&gt;&lt;/span&gt;&lt;span lang=&quot;en-US&quot;&gt; &lt;/span&gt;основывается на использовании разнообразных деталей и заклепок для их совмещения и построения различных моделей. Благодаря этой возможности можно легко соединять наборы между собой и создавать оригинальные конструкции и механизмы.&lt;/p&gt;\r\n&lt;p class=&quot;western&quot; lang=&quot;ru-RU&quot; style=&quot;margin-bottom: 0cm&quot;&gt;\r\n	Для начинающих пользователей прекрасно подойдет универсальный &lt;i&gt;конструктор &lt;/i&gt;&lt;span lang=&quot;en-US&quot;&gt;&lt;i&gt;Robotis OLLO Starter&lt;/i&gt;&lt;/span&gt;. Данный комплект – прекрасный вариант для тех, кто еще ни разу не сталкивался с робототехническими конструкторами.&lt;/p&gt;\r\n&lt;p class=&quot;western&quot; lang=&quot;ru-RU&quot; style=&quot;margin-bottom: 0cm&quot;&gt;\r\n	В набор &lt;span lang=&quot;en-US&quot;&gt;&lt;i&gt;Robotis OLLO Starter&lt;/i&gt;&lt;/span&gt;&lt;span lang=&quot;en-US&quot;&gt; &lt;/span&gt;включено обучающее пособие с множеством инструкций по созданию разнообразных моделей. Так же в инструкции к товару можно ознакомиться с основными советами и полезными комментариями, которые разъясняют все главные законы и принципы физики. Именно с этим конструктором у вашего ребенка появится возможность ознакомиться с основными принципами физики и робототехники.&lt;/p&gt;\r\n&lt;p class=&quot;western&quot; lang=&quot;ru-RU&quot; style=&quot;margin-bottom: 0cm&quot;&gt;\r\n	В состав набора &lt;span lang=&quot;en-US&quot;&gt;&lt;i&gt;Robotis OLLO Starter&lt;/i&gt;&lt;/span&gt;&lt;i&gt; &lt;/i&gt;включены различные по размеру, типу и виду детали, которые и станут основой для создания уникальных моделей.&lt;/p&gt;\r\n&lt;p class=&quot;western&quot; lang=&quot;ru-RU&quot; style=&quot;margin-bottom: 0cm&quot;&gt;\r\n	&lt;i&gt;Конструктор &lt;/i&gt;&lt;span lang=&quot;en-US&quot;&gt;&lt;i&gt;Robotis OLLO Starter&lt;/i&gt;&lt;/span&gt; – оптимальный вариант для внедрения робототехники в образовательный процесс вашего ребенка. Данная модель самая младшая в линейке образовательных конструкторов &lt;span lang=&quot;en-US&quot;&gt;OLLO&lt;/span&gt;,&lt;span lang=&quot;en-US&quot;&gt; &lt;/span&gt;она идеально подходит детям в возрасте от 8 лет. &lt;i&gt;Подарок &lt;/i&gt;&lt;span lang=&quot;en-US&quot;&gt;&lt;i&gt;Robotis OLLO Starter&lt;/i&gt;&lt;/span&gt;&lt;span lang=&quot;en-US&quot;&gt; &lt;/span&gt;порадует самого юного исследователя и принесет пользу. С этим конструктором у вашего ребенка будет активно развиваться мелкая моторика рук, память, внимание, логическое мышление и воображение, что в дальнейшем будет только способствовать учебе в начальной школе. &amp;nbsp;&lt;/p&gt;\r\n', 'Robotis OLLO Starter', 'Robotis OLLO Starter', 'Robotis OLLO Starter', 'Robotis OLLO Starter', ''),
(176, 1, 'Robotis OLLO Explorer', '&lt;p align=&quot;CENTER&quot; style=&quot;margin-top: 0.42cm; margin-bottom: 0.11cm&quot;&gt;\r\n	&lt;font face=&quot;Cambria, serif&quot;&gt;&lt;font style=&quot;font-size: 16pt&quot;&gt;&lt;b&gt;Explorer – изучаем животных правильно&lt;/b&gt;&lt;/font&gt;&lt;/font&gt;&lt;/p&gt;\r\n&lt;p class=&quot;western&quot; style=&quot;margin-bottom: 0.35cm&quot;&gt;\r\n	Хотите сделать незабываемый подарок ребенку? Тогда выбирайте оригинальный конструктор! Но какой предпочесть среди множества вариантов, имеющихся в продаже? Лучший &lt;b&gt;конструктор Robotis OLLO Explorer&lt;/b&gt; – вот идеальное решение!&lt;/p&gt;\r\n&lt;p class=&quot;western&quot; style=&quot;margin-bottom: 0.35cm&quot;&gt;\r\n	Это прекрасный конструктор для детей от 8 лет. С его помощью ребенок сможет построить различные варианты зданий или механизмов. Кроме того, OLLO Explorer позволяет создавать модели животных. А как заставить двигаться построенную конструкцию? Очень просто, ведь в комплекте имеется несколько электродвигателей. При этом Robotis – не просто игрушка, а умный конструктор – собранный механизм никогда не упадет со стола. Встроенные сенсоры позволяют определить, куда идти нельзя, где конец пути.&lt;/p&gt;\r\n&lt;p class=&quot;western&quot; style=&quot;margin-bottom: 0.35cm&quot;&gt;\r\n	В комплекте также имеется книга-учебник, которая ответит детям на множество вопросов. Ребенок узнает о том, что такое центр масс и как передвигается то или иное животное, как оно сохраняет баланс. Т.е. вместе с конструктором вы получаете настоящий учебник. Но не стоит думать, что книжка – это скучный трактат, состоящий из сплошного текста. Нет, в книге в основном красочные иллюстрации, объясняющие всё, что относится к центру масс, передвижению животных.&lt;/p&gt;\r\n&lt;p class=&quot;western&quot; style=&quot;margin-bottom: 0.35cm&quot;&gt;\r\n	Итак, вы решили купить &lt;b&gt;робот Robotis OLLO Explorer&lt;/b&gt;, но сомневаетесь в том, что ребенок длительное время будет заинтересован в конструкторе? Нет, это не так! Вы в любое время можете приобрести дополнительные аксессуары, при помощи которых можно будет превратить набор в мощную систему с искусственным интеллектом.&lt;/p&gt;\r\n&lt;p class=&quot;western&quot; style=&quot;margin-bottom: 0.35cm&quot;&gt;\r\n	Каждый мальчик мечтает о том, чтобы он мог конструировать, что-то собирать. А что ему в этом поможет лучше всего, что позволит осуществить все желания? Конечно же, именно роботы от Robotis OLLO! Позвольте кругозору ребенка развиваться просто и легко вместе с конструктором.&lt;/p&gt;\r\n', 'Robotis OLLO Explorer', 'Robotis OLLO Explorer', 'Robotis OLLO Explorer', 'Robotis OLLO Explorer', ''),
(177, 1, 'Robotis OLLO Inventor Expansion', '&lt;p style=&quot;margin-top: 0.42cm; margin-bottom: 0.11cm&quot;&gt;\r\n	Вы приобрели уже конструктор &lt;span lang=&quot;en-US&quot;&gt;Robotis&lt;/span&gt; &lt;span lang=&quot;en-US&quot;&gt;OLLO&lt;/span&gt;? Ребенку через какое-то время надоело собирать ограниченное количество моделей? Не знаете, как быть? Выход есть – купите &lt;b&gt;конструктор Robotis OLLO Inventor Expansion&lt;/b&gt; в нашем магазине!&lt;/p&gt;\r\n&lt;p class=&quot;western&quot; style=&quot;margin-bottom: 0.35cm&quot;&gt;\r\n	Это дополнение к основному набору, которое позволит сделать моделирование еще более увлекательным, необычным, занятным. Теперь ваш ребенок сможет создавать конструкции с искусственным интеллектом. Такие модели знают, когда нужно остановиться – они никогда не упадут со стола, стула и других поверхностей.&lt;/p&gt;\r\n&lt;p class=&quot;western&quot; style=&quot;margin-bottom: 0.35cm&quot;&gt;\r\n	Так в чем же особенность &lt;b&gt;робота Robotis OLLO Inventor Expansion&lt;/b&gt;? Почему данный набор идеально подходит для вашего ребенка? На это есть несколько причин. Во-первых, это отличное решение для развития интеллекта. Мальчик сможет самостоятельно построить до несколько десятков моделей, привнеся в них что-то своё. Во-вторых, увлекательное занятие подарит родителям свободное время. И наконец, конструктор помогает развивать творческие способности – быть может ваш ребенок в будущем станет знаменит архитектором, дизайнером?&lt;/p&gt;\r\n&lt;p class=&quot;western&quot; style=&quot;margin-bottom: 0.35cm&quot;&gt;\r\n	Данный дополнительный набор позволяет создать до 12 базовых моделей – гоночную машину, танк, робота-чистильщика, кран и другие. При этом ребенок сможет конструировать и что-то своё, используя в моделях в том числе и сенсорные элементы, благодаря которым робот сможет обнаруживать препятствия на своём пути.&lt;/p&gt;\r\n&lt;p class=&quot;western&quot; style=&quot;margin-bottom: 0.35cm&quot;&gt;\r\n	Обратите внимание на то, что стоимость дополнения Inventor Expansion довольно низкая. Она не ударит по семейному бюджету, а это значит, что вы сможете сделать необычный подарок своему чаду в любой момент – с поводом и без него. Зачем ждать наступление какого-то праздника, если можно порадовать ребенка прямо сейчас!&lt;/p&gt;\r\n&lt;p class=&quot;western&quot; style=&quot;margin-bottom: 0.35cm&quot;&gt;\r\n	Покупайте &lt;span lang=&quot;en-US&quot;&gt;Inventor&lt;/span&gt; &lt;span lang=&quot;en-US&quot;&gt;Expansion&lt;/span&gt; от &lt;span lang=&quot;en-US&quot;&gt;Robotis&lt;/span&gt; &lt;span lang=&quot;en-US&quot;&gt;OLLO&lt;/span&gt; – позволяйте ребенку создавать, творить, развиваться!&lt;/p&gt;\r\n', 'Robotis OLLO Inventor Expansion', 'Robotis OLLO Inventor Expansion', 'Robotis OLLO Inventor Expansion', 'Robotis OLLO Inventor Expansion', ''),
(178, 1, 'Робот для мойки окон Windoro WCR-I001 (5-15 мм)', '&lt;p class=&quot;western&quot; style=&quot;margin-bottom: 0.35cm; line-height: 100%&quot;&gt;\r\n	&lt;span style=&quot;font-size:12px;&quot;&gt;&lt;span style=&quot;font-family:georgia,serif;&quot;&gt;Современный темп жизни позволяет нам по минимуму отвлекаться на ежедневные бытовые мелочи, освобождая, таким образом, больше личного времени для любимых дел. Благодаря последним разработкам в области домашней и персональной робототехники, вы можете полностью автоматизировать трудоемкие процессы мытья окон или влажной уборки квартиры.&lt;/span&gt;&lt;/span&gt;&lt;/p&gt;\r\n&lt;p class=&quot;western&quot; style=&quot;margin-top: 0.49cm; margin-bottom: 0.49cm; line-height: 100%&quot;&gt;\r\n	&lt;span style=&quot;font-size:12px;&quot;&gt;&lt;span style=&quot;font-family:georgia,serif;&quot;&gt;Говоря о таких умных «помощниках», нельзя обойти вниманием робота Windoro WCR-I001 (5-15 мм). Особенность этой модели в том, что ее можно использовать&amp;nbsp;для уборки большинства стандартных окон и стеклянных дверей. Главное, на что стоит обратить внимание при работе с этой моделью гаджета – это расстояние между стеклами. Оно должно строго соответствовать указанному производителем диапазону (от 5 до 15 мм.). &lt;/span&gt;&lt;/span&gt;&lt;/p&gt;\r\n&lt;p class=&quot;western&quot; style=&quot;margin-top: 0.49cm; margin-bottom: 0.49cm; line-height: 100%&quot;&gt;\r\n	&lt;span style=&quot;font-size:12px;&quot;&gt;&lt;span style=&quot;font-family:georgia,serif;&quot;&gt;Windoro WCR-I001 состоит из двух частей с покрытыми микрофиброй контактными площадками. Эти насадки плотно зажимают стекло за счет создаваемого магнитного поля. Двигаясь зигзагами, гаджет распыляет раствор для очистки и тут же и удаляет с помощью мягких колодок мельчайшие грязевые частицы. Встроенный навигационный блок позволяет роботу не пропустить ни один сантиметр обрабатываемой поверхности.&lt;/span&gt;&lt;/span&gt;&lt;/p&gt;\r\n&lt;p class=&quot;western&quot; style=&quot;margin-top: 0.49cm; margin-bottom: 0.49cm; line-height: 100%&quot;&gt;\r\n	&lt;span style=&quot;font-size:12px;&quot;&gt;&lt;span style=&quot;font-family:georgia,serif;&quot;&gt;После влажной обработки окна Windoro WCR-I001 задействует резиновые скребки для устранения разводов. В итоге вы получаете до 15 квадратных метров идеально чистой поверхности без каких-либо трудозатрат.&lt;/span&gt;&lt;/span&gt;&lt;/p&gt;\r\n&lt;p style=&quot;margin-top: 0px; margin-bottom: 0px; color: rgb(0, 0, 0); font-family: Arial, Helvetica, sans-serif;&quot;&gt;\r\n	&lt;span style=&quot;font-size:12px;&quot;&gt;&lt;strong&gt;Комплектация моющего робота для окон Windoro&lt;/strong&gt;:&lt;/span&gt;&lt;/p&gt;\r\n&lt;ul style=&quot;color: rgb(0, 0, 0); font-family: Arial, Helvetica, sans-serif;&quot;&gt;\r\n	&lt;li&gt;\r\n		&lt;span style=&quot;font-size:12px;&quot;&gt;робот для мойки окон Windoro;&lt;/span&gt;&lt;/li&gt;\r\n	&lt;li&gt;\r\n		&lt;span style=&quot;font-size:12px;&quot;&gt;зарядное устройство;&lt;/span&gt;&lt;/li&gt;\r\n	&lt;li&gt;\r\n		&lt;span style=&quot;font-size:12px;&quot;&gt;чистящее средство;&lt;/span&gt;&lt;/li&gt;\r\n	&lt;li&gt;\r\n		&lt;span style=&quot;font-size:12px;&quot;&gt;набор для чистки краёв окон;&lt;/span&gt;&lt;/li&gt;\r\n	&lt;li&gt;\r\n		&lt;span style=&quot;font-size:12px;&quot;&gt;подушечки из микрофибры;&lt;/span&gt;&lt;/li&gt;\r\n	&lt;li&gt;\r\n		&lt;span style=&quot;font-size:12px;&quot;&gt;пульт управления,&lt;/span&gt;&lt;/li&gt;\r\n	&lt;li&gt;\r\n		&lt;span style=&quot;font-size:12px;&quot;&gt;инструкция;&lt;/span&gt;&lt;/li&gt;\r\n	&lt;li&gt;\r\n		&lt;span style=&quot;font-size:12px;&quot;&gt;гарантийный талон.&lt;/span&gt;&lt;/li&gt;\r\n&lt;/ul&gt;\r\n&lt;p style=&quot;margin-top: 0px; margin-bottom: 0px; color: rgb(0, 0, 0); font-family: Arial, Helvetica, sans-serif;&quot;&gt;\r\n	&amp;nbsp;&lt;/p&gt;\r\n&lt;p style=&quot;margin-top: 0px; margin-bottom: 0px; color: rgb(0, 0, 0); font-family: Arial, Helvetica, sans-serif;&quot;&gt;\r\n	&lt;strong&gt;Гарантия&lt;/strong&gt;: 1 год&lt;/p&gt;\r\n&lt;p style=&quot;margin-top: 0px; margin-bottom: 0px; color: rgb(0, 0, 0); font-family: Arial, Helvetica, sans-serif;&quot;&gt;\r\n	&lt;strong&gt;Производство&lt;/strong&gt;: Корея&lt;/p&gt;\r\n&lt;p style=&quot;margin-top: 0px; margin-bottom: 0px; color: rgb(0, 0, 0); font-family: Arial, Helvetica, sans-serif;&quot;&gt;\r\n	&lt;strong&gt;Официальный представитель в России:&lt;/strong&gt;&amp;nbsp;iWindoro.ru&lt;br /&gt;\r\n	Подробное описание&amp;nbsp;&lt;a href=&quot;http://iwindoro.ru/windoro_wcr-l001&quot; style=&quot;font-size: small; color: rgb(17, 85, 204); cursor: pointer; font-family: arial;&quot;&gt;Windoro&lt;/a&gt;&lt;/p&gt;\r\n', 'Робот для мойки окон Windoro WCR-I001 (5-15 мм)', 'Робот для мойки окон Windoro WCR-I001 (5-15 мм)', 'Робот для мойки окон Windoro WCR-I001 (5-15 мм)', 'Робот для мойки окон Windoro WCR-I001 (5-15 мм)', '');
INSERT INTO `product_description` (`product_id`, `language_id`, `name`, `description`, `meta_description`, `meta_keyword`, `seo_title`, `seo_h1`, `meta_title`) VALUES
(181, 1, 'Робот-газонокосилка Robomow RC304', '&lt;div&gt;\r\n	Robomow RC304 – более «продвинутая» и более дорогая модель от уже зарекомендовавшего себя израильского производителя. От предыдущей модели, RC302, этот робот отличается тем, что может единовременно стричь газон с площадью до четырехсот квадратных метров. Также, в отличие от RC302, эта модель газонокосилки имеет в комплекте базу для автоматической подзарядки.&lt;/div&gt;\r\n&lt;div&gt;\r\n	&amp;nbsp;&lt;/div&gt;\r\n&lt;div&gt;\r\n	Дизайн робота продуман до мелочей. Обтекаемый hi-tech корпус выполнен в приятном зеленом цвете и компактен по размерам. При высоте в 21 сантиметр газонокосилка «весит» всего 10 килограмм и работает с уровнем шума в 68 Дб (что сравнимо с параметрами звучащей с одного метра человеческой речью).&amp;nbsp;&lt;/div&gt;\r\n&lt;div&gt;\r\n	&amp;nbsp;&lt;/div&gt;\r\n&lt;div&gt;\r\n	Радует эта модель и производительностью. Радиус ее покоса довольно широк (28 сантиметров), поэтому процесс протекает довольно быстро и, что немаловажно, качественно. RC304 имеет также функцию настройки высоты стрижки.&amp;nbsp;&lt;/div&gt;\r\n&lt;div&gt;\r\n	&amp;nbsp;&lt;/div&gt;\r\n&lt;div&gt;\r\n	Robomow RC304 можно использовать даже на участках, имеющих уклон до 35%. Даже в таких условиях края газона выстригаются роботом идеально ровно. Различные камешки и жесткие растения также не создают для робота проблем. Прочные ножи, изготовленные из нержавеющей стали, справятся с неоднородной текстурой в два счета. Встроенные датчики позволяют газонокосилке менять направление движения при обнаружении на пути более крупных предметов.&lt;/div&gt;\r\n&lt;div&gt;\r\n	&amp;nbsp;&lt;/div&gt;\r\n&lt;div&gt;\r\n	Производители продумали также защиту робота от использования посторонними лицами. Только хозяин гаджета, знающий пин-код, может запустить работу косилки. Эту функцию сполна оценят семьи, в которых есть дети.&lt;/div&gt;\r\n&lt;div&gt;\r\n	&amp;nbsp;&lt;/div&gt;\r\n&lt;div&gt;\r\n	Скачав специальное приложение для мобильного телефона, вы сможете постричь газон, находясь на некотором расстоянии от Robomow RC304. Технология Bluetooth настроит связь между вами и роботом и в считанные секунды задаст программу действий для косилки.&lt;/div&gt;\r\n&lt;div&gt;\r\n	&amp;nbsp;&lt;/div&gt;\r\n&lt;p style=&quot;margin-bottom: 0cm; line-height: 100%; background-position: initial initial; background-repeat: initial initial;&quot;&gt;\r\n	&amp;nbsp;&lt;/p&gt;\r\n&lt;p style=&quot;margin-bottom: 0cm; line-height: 100%; background-position: initial initial; background-repeat: initial initial;&quot;&gt;\r\n	&lt;strong style=&quot;color: rgb(0, 0, 0); font-family: Arial, Helvetica, sans-serif;&quot;&gt;Комплектация&amp;nbsp;&lt;/strong&gt;&lt;strong style=&quot;color: rgb(0, 0, 0); font-family: Arial, Helvetica, sans-serif;&quot;&gt;робота-газонокосильщика&amp;nbsp;Robomow RС304&lt;/strong&gt;&lt;span style=&quot;color: rgb(0, 0, 0); font-family: Arial, Helvetica, sans-serif;&quot;&gt;:&lt;/span&gt;&lt;/p&gt;\r\n&lt;ul style=&quot;color: rgb(0, 0, 0); font-family: Arial, Helvetica, sans-serif;&quot;&gt;\r\n	&lt;li&gt;\r\n		робот-косилка Robomow RС304;&lt;/li&gt;\r\n	&lt;li&gt;\r\n		напольная зарядная база;&lt;/li&gt;\r\n	&lt;li&gt;\r\n		провод ограничения периметра - 150 м;&lt;/li&gt;\r\n	&lt;li&gt;\r\n		комплект колышков - 200 шт.;&lt;/li&gt;\r\n	&lt;li&gt;\r\n		коннекторы участка&amp;nbsp;&lt;/li&gt;\r\n	&lt;li&gt;\r\n		гарантийный талон.&lt;/li&gt;\r\n&lt;/ul&gt;\r\n&lt;p style=&quot;margin-top: 0px; margin-bottom: 0px; color: rgb(0, 0, 0); font-family: Arial, Helvetica, sans-serif;&quot;&gt;\r\n	&lt;strong&gt;Гарантия&lt;/strong&gt;: 2 года&lt;/p&gt;\r\n', 'Робот-газонокосилка Robomow RC304', 'Робот-газонокосилка Robomow RC304', 'Робот-газонокосилка Robomow RC304', 'Робот-газонокосилка Robomow RC304', ''),
(182, 1, 'Робот-газонокосилка Robomow RC306', '&lt;div&gt;\r\n	2014 год оказался плодотворным для израильского производителя Robomow. Руководствуясь опытом выпуска более ранних моделей, инженеры этой компании разработали широкий модельный ряд «умных» газонокосилок для нужд любого пользователя.&lt;/div&gt;\r\n&lt;div&gt;\r\n	&amp;nbsp;&lt;/div&gt;\r\n&lt;div&gt;\r\n	Robomow RC306 отличается от своих старших собратьев в первую очередь емкостью аккумулятора. Полностью заряженной литий-железофосфатной батареи достаточно для уборки шестисот квадратных метров. Если же площадь газона превышает указанную величину, робот возвращается на стационарную базу для подзарядки и затем продолжает стрижку с прерванного этапа.&lt;/div&gt;\r\n&lt;div&gt;\r\n	&amp;nbsp;&lt;/div&gt;\r\n&lt;div&gt;\r\n	Для того чтобы робот смог косить траву, по периметру обрабатываемой площади необходимо протянуть провода, поставляемые в комплекте. Если по как-то причине длины проводов не хватило, вы всегда сможете сделать наставки из обычного одножильного медного кабеля.&lt;/div&gt;\r\n&lt;div&gt;\r\n	&amp;nbsp;&lt;/div&gt;\r\n&lt;div&gt;\r\n	RC306 имеет встроенный датчик влажности, благодаря которому косилка работает только в сухую погоду. Пользователю стоит помнить о том, что в сырость и дождь газонная трава становится тяжелой и разной по высоте. Поэтому датчик дождя является гарантией качественной и безопасной стрижки.&lt;/div&gt;\r\n&lt;div&gt;\r\n	Устройство снабжено прочными вращающимися ножами из нержавеющей стали, которые легко справляются не только с газонной травой, но и жесткими стеблями растений. Помимо всего прочего, RC306 умеет косить на неровной холмистой поверхности.&lt;/div&gt;\r\n&lt;div&gt;\r\n	&amp;nbsp;&lt;/div&gt;\r\n&lt;div&gt;\r\n	Качественно проработанное программное обеспечение газонокосилки позволяет удаленно управлять роботом по каналам Bluetooth. Для этого достаточно просто загрузить бесплатное приложение на мобильный телефон.&amp;nbsp;&lt;/div&gt;\r\n&lt;div&gt;\r\n	&amp;nbsp;&lt;/div&gt;\r\n&lt;div&gt;\r\n	&lt;p style=&quot;margin-top: 0px; margin-bottom: 0px; color: rgb(0, 0, 0); font-family: Arial, Helvetica, sans-serif;&quot;&gt;\r\n		&lt;strong&gt;Комплектация&amp;nbsp;&lt;/strong&gt;&lt;strong&gt;робота-газонокосильщика&amp;nbsp;Robomow RС306&lt;/strong&gt;:&lt;/p&gt;\r\n	&lt;ul style=&quot;color: rgb(0, 0, 0); font-family: Arial, Helvetica, sans-serif;&quot;&gt;\r\n		&lt;li&gt;\r\n			робот-косилка Robomow RС306;&lt;/li&gt;\r\n		&lt;li&gt;\r\n			напольная зарядная база;&lt;/li&gt;\r\n		&lt;li&gt;\r\n			провод ограничения периметра - 200 м;&lt;/li&gt;\r\n		&lt;li&gt;\r\n			комплект колышков - 250 шт.;&lt;/li&gt;\r\n		&lt;li&gt;\r\n			коннекторы участка&amp;nbsp;&lt;/li&gt;\r\n		&lt;li&gt;\r\n			гарантийный талон.&lt;/li&gt;\r\n	&lt;/ul&gt;\r\n	&lt;p style=&quot;margin-top: 0px; margin-bottom: 0px; color: rgb(0, 0, 0); font-family: Arial, Helvetica, sans-serif;&quot;&gt;\r\n		&lt;strong&gt;Гарантия&lt;/strong&gt;: 2 года&lt;/p&gt;\r\n&lt;/div&gt;\r\n&lt;p&gt;\r\n	&amp;nbsp;&lt;/p&gt;\r\n', 'Робот-газонокосилка Robomow RC306', 'Робот-газонокосилка Robomow RC306', 'Робот-газонокосилка Robomow RC306', 'Робот-газонокосилка Robomow RC306', ''),
(179, 1, 'Робот для мойки окон Windoro WCR-I001 (16-28 мм)', '&lt;p class=&quot;western&quot; style=&quot;margin-bottom: 0.35cm; line-height: 12px;&quot;&gt;\r\n	&lt;span style=&quot;font-family: georgia, serif;&quot;&gt;Современный темп жизни позволяет нам по минимуму отвлекаться на ежедневные бытовые мелочи, освобождая, таким образом, больше личного времени для любимых дел. Благодаря последним разработкам в области домашней и персональной робототехники, вы можете полностью автоматизировать трудоемкие процессы мытья окон или влажной уборки квартиры.&lt;/span&gt;&lt;/p&gt;\r\n&lt;p class=&quot;western&quot; style=&quot;margin-top: 0.49cm; margin-bottom: 0.49cm; line-height: 12px;&quot;&gt;\r\n	&lt;span style=&quot;font-family: georgia, serif;&quot;&gt;Говоря о таких умных «помощниках», нельзя обойти вниманием робота Windoro WCR-I001 (16-28 мм). Особенность этой модели в том, что ее можно использовать&amp;nbsp;для уборки большинства стандартных окон и стеклянных дверей. Главное, на что стоит обратить внимание при работе с этой моделью гаджета – это расстояние между стеклами. Оно должно строго соответствовать указанному производителем диапазону (от 5 до 15 мм.).&lt;/span&gt;&lt;/p&gt;\r\n&lt;p class=&quot;western&quot; style=&quot;margin-top: 0.49cm; margin-bottom: 0.49cm; line-height: 12px;&quot;&gt;\r\n	&lt;span style=&quot;font-family: georgia, serif;&quot;&gt;Windoro WCR-I001 состоит из двух частей с покрытыми микрофиброй контактными площадками. Эти насадки плотно зажимают стекло за счет создаваемого магнитного поля. Двигаясь зигзагами, гаджет распыляет раствор для очистки и тут же и удаляет с помощью мягких колодок мельчайшие грязевые частицы. Встроенный навигационный блок позволяет роботу не пропустить ни один сантиметр обрабатываемой поверхности.&lt;/span&gt;&lt;/p&gt;\r\n&lt;p class=&quot;western&quot; style=&quot;margin-top: 0.49cm; margin-bottom: 0.49cm; line-height: 12px;&quot;&gt;\r\n	&lt;span style=&quot;font-family: georgia, serif;&quot;&gt;После влажной обработки окна Windoro WCR-I001 задействует резиновые скребки для устранения разводов. В итоге вы получаете до 15 квадратных метров идеально чистой поверхности без каких-либо трудозатрат.&lt;/span&gt;&lt;/p&gt;\r\n&lt;p style=&quot;margin-top: 0px; margin-bottom: 0px; color: rgb(0, 0, 0); font-family: Arial, Helvetica, sans-serif;&quot;&gt;\r\n	&lt;strong&gt;Комплектация моющего робота для окон Windoro&lt;/strong&gt;:&lt;/p&gt;\r\n&lt;ul style=&quot;color: rgb(0, 0, 0); font-family: Arial, Helvetica, sans-serif;&quot;&gt;\r\n	&lt;li&gt;\r\n		робот для мойки окон Windoro;&lt;/li&gt;\r\n	&lt;li&gt;\r\n		зарядное устройство;&lt;/li&gt;\r\n	&lt;li&gt;\r\n		чистящее средство;&lt;/li&gt;\r\n	&lt;li&gt;\r\n		набор для чистки краёв окон;&lt;/li&gt;\r\n	&lt;li&gt;\r\n		подушечки из микрофибры;&lt;/li&gt;\r\n	&lt;li&gt;\r\n		пульт управления,&lt;/li&gt;\r\n	&lt;li&gt;\r\n		инструкция;&lt;/li&gt;\r\n	&lt;li&gt;\r\n		гарантийный талон.&lt;/li&gt;\r\n&lt;/ul&gt;\r\n&lt;p style=&quot;margin-top: 0px; margin-bottom: 0px; color: rgb(0, 0, 0); font-family: Arial, Helvetica, sans-serif;&quot;&gt;\r\n	&amp;nbsp;&lt;/p&gt;\r\n&lt;p style=&quot;margin-top: 0px; margin-bottom: 0px; color: rgb(0, 0, 0); font-family: Arial, Helvetica, sans-serif;&quot;&gt;\r\n	&lt;strong&gt;Гарантия&lt;/strong&gt;: 1 год&lt;/p&gt;\r\n&lt;p style=&quot;margin-top: 0px; margin-bottom: 0px; color: rgb(0, 0, 0); font-family: Arial, Helvetica, sans-serif;&quot;&gt;\r\n	&lt;strong&gt;Производство&lt;/strong&gt;: Корея&lt;/p&gt;\r\n&lt;p style=&quot;margin-top: 0px; margin-bottom: 0px; color: rgb(0, 0, 0); font-family: Arial, Helvetica, sans-serif;&quot;&gt;\r\n	&lt;strong&gt;Официальный представитель в России:&lt;/strong&gt;&amp;nbsp;iWindoro.ru&lt;br /&gt;\r\n	Подробное описание&amp;nbsp;&lt;a href=&quot;http://iwindoro.ru/windoro_wcr-l001&quot; style=&quot;font-size: small; color: rgb(17, 85, 204); cursor: pointer; font-family: arial;&quot;&gt;Windoro&lt;/a&gt;&lt;/p&gt;\r\n', 'Робот для мойки окон Windoro WCR-I001 (16-28 мм)', 'Робот для мойки окон Windoro WCR-I001 (16-28 мм)', 'Робот для мойки окон Windoro WCR-I001 (16-28 мм)', 'Робот для мойки окон Windoro WCR-I001 (16-28 мм)', ''),
(157, 1, 'Робот пылесос iClebo Arte Silver', '&lt;p style=&quot;margin-top: 0px; margin-bottom: 20px; color: rgb(0, 93, 173); font-family: Arial, Helvetica, sans-serif; text-align: justify;&quot;&gt;\r\n	&lt;span style=&quot;color: rgb(128, 0, 128);&quot;&gt;&lt;strong&gt;Бесплатная доставка&amp;nbsp;по России службой доставки Pony Express курьером до дома&lt;/strong&gt;&lt;span style=&quot;font-size: 12px;&quot;&gt;&lt;strong&gt;*!&lt;/strong&gt;&lt;/span&gt;&lt;strong&gt;&amp;nbsp;&amp;nbsp;Покупайте с удовольствием!&lt;/strong&gt;&lt;/span&gt;&lt;/p&gt;\r\n&lt;p style=&quot;margin-top: 0px; margin-bottom: 20px; color: rgb(0, 93, 173); font-family: Arial, Helvetica, sans-serif; text-align: justify;&quot;&gt;\r\n	&lt;strong style=&quot;font-size: 12px; color: rgb(178, 34, 34);&quot;&gt;Последняя версия прошивки: 1.7.4!&lt;/strong&gt;&lt;/p&gt;\r\n&lt;p style=&quot;margin-top: 0px; margin-bottom: 0px; font-family: Arial, Helvetica, sans-serif; font-size: 12px; text-align: justify; color: rgb(0, 0, 0);&quot;&gt;\r\n	&amp;nbsp;&lt;/p&gt;\r\n&lt;p style=&quot;margin-top: 0px; margin-bottom: 0px; font-family: Arial, Helvetica, sans-serif; font-size: 12px; text-align: justify; color: rgb(0, 0, 0);&quot;&gt;\r\n	&lt;span style=&quot;color: rgb(128, 0, 128);&quot;&gt;&lt;strong style=&quot;color: rgb(178, 34, 34);&quot;&gt;Внимание! Покупайте официальные и сертифицированные iClebo с российскими наклейками на корпусе пылесоса, гарантийным листом и инструкцией на русском языке. Не берите подделки с корейскими и английскими надписями на пылесосе и сомнительной гарантией.&amp;nbsp;&lt;/strong&gt;&lt;/span&gt;&lt;/p&gt;\r\n&lt;p style=&quot;margin-top: 0px; margin-bottom: 0px; font-family: Arial, Helvetica, sans-serif; font-size: 12px; text-align: justify; color: rgb(0, 0, 0);&quot;&gt;\r\n	&amp;nbsp;&lt;/p&gt;\r\n&lt;p style=&quot;margin-top: 0px; margin-bottom: 0px; color: rgb(0, 0, 0); font-family: Arial, Helvetica, sans-serif;&quot;&gt;\r\n	&lt;span style=&quot;font-family: ''Times New Roman'', serif; font-size: medium; line-height: 16px;&quot;&gt;iClebo Arte - универсальная модель современного робота-пылесоса. Богатый дизайн поверхности с черными и серебиристыми вставками и множество функций позволяют отнести iClebo Arte к аппаратам преимум-класса.&lt;/span&gt;&lt;/p&gt;\r\n&lt;p class=&quot;western&quot; style=&quot;margin-bottom: 0.35cm; line-height: 12px;&quot;&gt;\r\n	&lt;span style=&quot;color: rgb(0, 0, 0);&quot;&gt;&lt;span style=&quot;font-size: medium; font-family: ''Times New Roman'', serif; line-height: 16px;&quot;&gt;Устройство робота таково, что позволяет производить уборку в самых труднодоступных местах. Высота пылесоса составляет всего 9 сантиметров, поэтому электронный уборщик с легкостью произведет очистку пространства под шкафами, диванами и другими предметами интерьера. Наличие двух дополнительных боковых щеток обеспечивает более качественную уборку по сравнению с другими пылесосами. Вспомогательные щетки собирают с пола мелкий мусор, пыль и шерсть животных, впоследствии направляя все к основной мощной щетке.&lt;/span&gt;&lt;/span&gt;&lt;/p&gt;\r\n&lt;p class=&quot;western&quot; style=&quot;margin-bottom: 0.35cm; line-height: 12px;&quot;&gt;\r\n	&lt;span style=&quot;color: rgb(0, 0, 0);&quot;&gt;&lt;span style=&quot;font-family: ''Times New Roman'', serif; font-size: medium; line-height: 16px;&quot;&gt;iClebo Arte рассчитан на уборку помещений с разным напольным покрытием. При желании вы можете с легкостью поменять щетки на блок с мягкими салфетками из микрофибры. Таким образом, iClebo Arte «умеет» не только пылесосить, но и производить влажную уборку.&lt;/span&gt;&lt;/span&gt;&lt;/p&gt;\r\n&lt;p class=&quot;western&quot; style=&quot;margin-top: 0.49cm; margin-bottom: 0.49cm; line-height: 12px;&quot;&gt;\r\n	&lt;span style=&quot;color: rgb(0, 0, 0);&quot;&gt;&lt;span style=&quot;font-family: ''Times New Roman'', serif; font-size: medium; line-height: 16px;&quot;&gt;Благодаря встроенным камерам, робот способен составлять карту помещения и впоследствии безошибочно обходить встречаемые на пути препятствия. Такая высокоинтеллектуальная система уборки позволяет менять заранее выстроенную траекторию прямо по ходу движения или, например, продолжать прерванную работу с нужного места.&lt;/span&gt;&lt;/span&gt;&lt;/p&gt;\r\n&lt;p class=&quot;western&quot; style=&quot;margin-top: 0.49cm; margin-bottom: 0.49cm; line-height: 12px;&quot;&gt;\r\n	&lt;span style=&quot;color: rgb(0, 0, 0);&quot;&gt;&lt;span style=&quot;font-size: medium; font-family: ''Times New Roman'', serif; line-height: 16px;&quot;&gt;Вся последовательность действий, производимых роботом, отображается на внешнем дисплее с яркой красной подсветкой. Вы всегда сможете отследить, сколько времени требуется на уборку той или иной комнаты, каков уровень заряда батареи пылесоса и какие ошибки возникают в процессе работы.&lt;/span&gt;&lt;/span&gt;&lt;/p&gt;\r\n&lt;p&gt;\r\n	&lt;span style=&quot;font-size: medium; font-family: ''Times New Roman'', serif; color: rgb(0, 0, 0); line-height: 12px;&quot;&gt;iClebo Arte потребляет крайне мало электроэнергии и удобно управляется с помощью пульта ДУ.&amp;nbsp;&lt;/span&gt;&lt;/p&gt;\r\n&lt;p&gt;\r\n	&lt;strong style=&quot;color: rgb(0, 93, 173); font-family: Arial, Helvetica, sans-serif; font-size: 16px; text-align: justify;&quot;&gt;Комплектация робота-пылесоса&amp;nbsp;&lt;/strong&gt;&lt;strong style=&quot;color: rgb(0, 93, 173); font-family: Arial, Helvetica, sans-serif; font-size: 16px; text-align: justify;&quot;&gt;iClebo&amp;nbsp;&lt;/strong&gt;&lt;strong style=&quot;color: rgb(0, 93, 173); font-family: Arial, Helvetica, sans-serif; font-size: 16px; text-align: justify;&quot;&gt;Arte Silver:&lt;/strong&gt;&lt;/p&gt;\r\n&lt;ul style=&quot;color: rgb(0, 93, 173); font-family: Arial, Helvetica, sans-serif; text-align: justify;&quot;&gt;\r\n	&lt;li&gt;\r\n		Робот-пылесос&amp;nbsp;&lt;strong&gt;iClebo&amp;nbsp;&lt;/strong&gt;&lt;strong&gt;Arte&lt;/strong&gt;&amp;nbsp;&lt;strong&gt;Silver&lt;/strong&gt;– 1шт.&lt;/li&gt;\r\n	&lt;li&gt;\r\n		Li-Ion аккумулятор – 1шт.&lt;/li&gt;\r\n	&lt;li&gt;\r\n		Базовая станция – 1шт.&lt;/li&gt;\r\n	&lt;li&gt;\r\n		Устройство для подзарядки – 1шт.&lt;/li&gt;\r\n	&lt;li&gt;\r\n		Салфетки из микрофибры – 2шт.&lt;/li&gt;\r\n	&lt;li&gt;\r\n		Основа для салфетки – 1шт.&lt;/li&gt;\r\n	&lt;li&gt;\r\n		Магнитная лента – 1шт.&lt;/li&gt;\r\n	&lt;li&gt;\r\n		Антибактериальные фильтры – 2шт.&lt;/li&gt;\r\n	&lt;li&gt;\r\n		Пульт ДУ -1шт.&lt;/li&gt;\r\n	&lt;li&gt;\r\n		Батарейки для пульта ДУ – 2шт.&lt;/li&gt;\r\n	&lt;li&gt;\r\n		Щёточка-гребешок для очистки основной щётки – 1шт.&lt;/li&gt;\r\n	&lt;li&gt;\r\n		Инструкция – 1шт.&lt;/li&gt;\r\n	&lt;li&gt;\r\n		Гарантийный талон – 1шт.&lt;/li&gt;\r\n&lt;/ul&gt;\r\n&lt;h2 style=&quot;color: rgb(0, 93, 173); font-size: 16px; margin-top: 0px; margin-bottom: 5px; font-family: Arial, Helvetica, sans-serif; text-align: justify;&quot;&gt;\r\n	&lt;strong&gt;Достоинства пылесоса iClebo&amp;nbsp;&lt;/strong&gt;&lt;strong&gt;Arte Silver:&lt;/strong&gt;&lt;/h2&gt;\r\n&lt;ul style=&quot;color: rgb(0, 93, 173); font-family: Arial, Helvetica, sans-serif; text-align: justify;&quot;&gt;\r\n	&lt;li&gt;\r\n		Стильный корпус в различном цветовом исполнении&lt;/li&gt;\r\n	&lt;li&gt;\r\n		Уборка влажной салфеткой&lt;/li&gt;\r\n	&lt;li&gt;\r\n		Рекордно низкое энергопотребление&lt;/li&gt;\r\n	&lt;li&gt;\r\n		Навигационная система на основе фотокамеры&lt;/li&gt;\r\n	&lt;li&gt;\r\n		4-х ступенчатая фильтрация воздуха&lt;/li&gt;\r\n	&lt;li&gt;\r\n		Удобный в использовании дисплей и пульт ДУ&lt;/li&gt;\r\n	&lt;li&gt;\r\n		Сверхкомпактный размер и малый вес&lt;/li&gt;\r\n	&lt;li&gt;\r\n		Li-Ion аккумулятор без эффекта памяти&lt;/li&gt;\r\n&lt;/ul&gt;\r\n&lt;p&gt;\r\n	&lt;strong style=&quot;font-family: Arial, Helvetica, sans-serif; font-size: 12px; text-align: justify; color: rgb(255, 0, 0);&quot;&gt;&lt;span style=&quot;font-family: Tahoma; font-size: 13px; background-color: rgb(252, 252, 254);&quot;&gt;* Бесплатная доставка в регионы осуществляется при предоплате по счету через банк, либо пластиковой картой на сайте магазина.&amp;nbsp;&lt;em&gt;&lt;u&gt;Внимание:&lt;/u&gt;&amp;nbsp;в личном кабинете стоимость доставки не уменьшается, скидку на сумму доставки менеджер проставляет вручную после подтверждения заказа.&lt;/em&gt;&amp;nbsp;&lt;/span&gt;&lt;/strong&gt;&lt;/p&gt;\r\n&lt;p&gt;\r\n	&amp;nbsp;&lt;/p&gt;\r\n&lt;p&gt;\r\n	&lt;strong style=&quot;font-size: 12px; font-family: Arial, Helvetica, sans-serif; color: rgb(178, 34, 34);&quot;&gt;Рекомендуем сразу приобрести&amp;nbsp;&lt;a href=&quot;http://roboti.grishinmikhail.com/vacuum-cleaner/accessories/nabor_iclebo.html&quot;&gt;&lt;font color=&quot;#00961c&quot;&gt;&lt;span style=&quot;font-size: 12px; cursor: pointer;&quot;&gt;набор расходных аксессуаров&lt;/span&gt;&lt;/font&gt;&lt;/a&gt;&amp;nbsp;по низкой цене.&lt;/strong&gt;&lt;/p&gt;\r\n&lt;p&gt;\r\n	&lt;strong style=&quot;color: rgb(0, 0, 0); font-family: Arial, Helvetica, sans-serif; font-size: 12px;&quot;&gt;Гарантия&lt;/strong&gt;&lt;span style=&quot;color: rgb(0, 0, 0); font-family: Arial, Helvetica, sans-serif; font-size: 12px;&quot;&gt;: 1 год&lt;/span&gt;&lt;/p&gt;\r\n&lt;p&gt;\r\n	&lt;strong style=&quot;color: rgb(0, 0, 0); font-family: Arial, Helvetica, sans-serif; font-size: 12px;&quot;&gt;Производство&lt;/strong&gt;&lt;span style=&quot;color: rgb(0, 0, 0); font-family: Arial, Helvetica, sans-serif; font-size: 12px;&quot;&gt;: Корея&lt;/span&gt;&lt;/p&gt;\r\n', 'Робот пылесос iClebo Arte Silver', 'Робот пылесос iClebo Arte Silver', 'Робот пылесос iClebo Arte Silver', 'Робот пылесос iClebo Arte Silver', ''),
(183, 1, 'Робот-газонокосилка Robomow RS612', '&lt;p style=&quot;margin-bottom: 0.35cm&quot;&gt;\r\n	Robomow RS612 – недорогая модель робота-газонокосильщика, идеально подходящая для стрижки газонов среднего размера. Его с одинаковым успехом можно использовать для обработки лужаек и на приусадебных участках, и в общественных местах. Номинальная площадь, на которой может работать Robomow RS612, составляет 1200 квадратных метров.&lt;/p&gt;\r\n&lt;p style=&quot;margin-bottom: 0.35cm&quot;&gt;\r\n	Основное, но не единственное отличие данной модели от других роботов этой ценовой категории заключается в ширине кошения. Обычно она составляет около 30 сантиметров. Robomow RS612 же способен оставлять за собой полосу скошенной травы шириной в 56 сантиметров. Таким образом, значительно ускоряется процесс обработки газона.&lt;/p&gt;\r\n&lt;p style=&quot;margin-bottom: 0.35cm&quot;&gt;\r\n	Возникает вопрос, как инженеры смогли оснастить столь компактный корпус косилки такими поразительными возможностями. Все дело в том, что вместо стандартного ножа из четырех лопастей режущая часть имеет в своем составе тандем двух ножей. Каждый из них имеет по три лопасти и способен изменять скорость вращения в зависимости от типа состригаемой травы. Так, например, если газон молодой или редкий, ножи замедляют ход, экономя расход электроэнергии и увеличивая срок службы робота в целом.&lt;/p&gt;\r\n&lt;p style=&quot;margin-bottom: 0.35cm&quot;&gt;\r\n	Вы можете ограничить площадь стрижки специальными кабелями по периметру. Функция обработки краев сначала направляет косилку срезать траву по периметру, а затем внутри ограниченной площади. Благодаря этой функции ваш газон всегда будет иметь четкие контуры.&lt;/p&gt;\r\n&lt;p style=&quot;margin-bottom: 0.35cm&quot;&gt;\r\n	Модель оснащена защитным ПИН-кодом, который запрашивается при каждом запуске устройства.&lt;/p&gt;\r\n&lt;p style=&quot;margin-top: 0px; margin-bottom: 0px; color: rgb(0, 0, 0); font-family: Arial, Helvetica, sans-serif;&quot;&gt;\r\n	&lt;strong&gt;Комплектация&amp;nbsp;&lt;/strong&gt;&lt;strong&gt;робота-газонокосильщика&amp;nbsp;Robomow RS612&lt;/strong&gt;:&lt;/p&gt;\r\n&lt;ul style=&quot;color: rgb(0, 0, 0); font-family: Arial, Helvetica, sans-serif;&quot;&gt;\r\n	&lt;li&gt;\r\n		робот-косилка Robomow RS612;&lt;/li&gt;\r\n	&lt;li&gt;\r\n		&lt;span style=&quot;font-family: arial, sans-serif; font-size: 13px;&quot;&gt;базовая станция.&lt;/span&gt;&lt;/li&gt;\r\n	&lt;li&gt;\r\n		&lt;span style=&quot;font-family: arial, sans-serif; font-size: 13px;&quot;&gt;влагозащищенный блок питания с 20м силового кабеля.&lt;/span&gt;&lt;/li&gt;\r\n	&lt;li&gt;\r\n		&lt;span style=&quot;font-family: arial, sans-serif; font-size: 13px;&quot;&gt;колышки 350 шт.&lt;/span&gt;&lt;/li&gt;\r\n	&lt;li&gt;\r\n		&lt;span style=&quot;font-family: arial, sans-serif; font-size: 13px;&quot;&gt;провод ограничения периметра 250 метров.&lt;/span&gt;&lt;/li&gt;\r\n	&lt;li&gt;\r\n		&lt;span style=&quot;font-family: arial, sans-serif; font-size: 13px;&quot;&gt;шаблон «Roboruler».&lt;/span&gt;&lt;/li&gt;\r\n	&lt;li&gt;\r\n		&lt;span style=&quot;font-family: arial, sans-serif; font-size: 13px;&quot;&gt;инструкция и DVD диск.&lt;/span&gt;&lt;/li&gt;\r\n&lt;/ul&gt;\r\n&lt;p style=&quot;margin-top: 0px; margin-bottom: 0px; color: rgb(0, 0, 0); font-family: Arial, Helvetica, sans-serif;&quot;&gt;\r\n	&lt;strong&gt;Гарантия&lt;/strong&gt;: 2 года&lt;/p&gt;\r\n', 'Робот-газонокосилка Robomow RS612', 'Робот-газонокосилка Robomow RS612', 'Робот-газонокосилка Robomow RS612', 'Робот-газонокосилка Robomow RS612', ''),
(184, 1, 'Робот-газонокосилка Robomow RS622', '&lt;p style=&quot;margin-bottom: 0.35cm&quot;&gt;\r\n	Robomow RS622, в отличие от предыдущей модели, RS612, способна скашивать до 2200 квадратных метров газонной травы. Поэтому подойдет для обработки не только придомовых территорий, но и больших участков в общественных местах и на спортивных объектах.&lt;/p&gt;\r\n&lt;p style=&quot;margin-bottom: 0.35cm&quot;&gt;\r\n	Косилка оснащена встроенной аккумуляторной батарей, а также влагоустойчивым внешним блоком питания. Такая комплексная система питания позволяет Robomow RS622 стричь газон в течение длительного времени без необходимости подзарядки.&lt;/p&gt;\r\n&lt;p style=&quot;margin-bottom: 0.35cm&quot;&gt;\r\n	Революционная режущая система представлена двумя трехлопастными ножами, способными обработать газон быстро, благодаря более широкому захвату. В отличие от роботов примерно той же ценовой категории, имеющих только один нож, Robomow RS622 справится с поставленной задачей не только быстрее, но и качественнее.&lt;/p&gt;\r\n&lt;p style=&quot;margin-bottom: 0.35cm&quot;&gt;\r\n	Благодаря наличию на задней части панели жидкокристаллического дисплея, управлять RS622 очень просто. Задайте желаемую программу и наслаждайтесь результатом. Также устройство предусматривает возможность управления посредством мобильного телефона. Загрузите специальное приложение и корректируйте работу косилки при помощи беспроводной технологии &lt;span lang=&quot;en-US&quot;&gt;Bluetooth&lt;/span&gt;.&lt;/p&gt;\r\n&lt;p style=&quot;margin-bottom: 0.35cm&quot;&gt;\r\n	Устройство поставляется в полном комплекте вместе с напольной зарядной базой. &amp;nbsp;&lt;/p&gt;\r\n&lt;p style=&quot;margin-bottom: 0.35cm&quot;&gt;\r\n	&lt;strong style=&quot;color: rgb(0, 0, 0); font-family: Arial, Helvetica, sans-serif;&quot;&gt;Комплектация&amp;nbsp;&lt;/strong&gt;&lt;strong style=&quot;color: rgb(0, 0, 0); font-family: Arial, Helvetica, sans-serif;&quot;&gt;робота-газонокосильщика&amp;nbsp;Robomow RS622&lt;/strong&gt;&lt;span style=&quot;color: rgb(0, 0, 0); font-family: Arial, Helvetica, sans-serif;&quot;&gt;:&lt;/span&gt;&lt;/p&gt;\r\n&lt;ul style=&quot;color: rgb(0, 0, 0); font-family: Arial, Helvetica, sans-serif;&quot;&gt;\r\n	&lt;li&gt;\r\n		робот-косилка Robomow RS622;&lt;/li&gt;\r\n	&lt;li&gt;\r\n		&lt;span style=&quot;font-family: arial, sans-serif; font-size: 13px;&quot;&gt;базовая станция.&lt;/span&gt;&lt;/li&gt;\r\n	&lt;li&gt;\r\n		&lt;span style=&quot;font-family: arial, sans-serif; font-size: 13px;&quot;&gt;влагозащищенный блок питания с 20м силового кабеля.&lt;/span&gt;&lt;/li&gt;\r\n	&lt;li&gt;\r\n		&lt;span style=&quot;font-family: arial, sans-serif; font-size: 13px;&quot;&gt;колышки 450 шт.&lt;/span&gt;&lt;/li&gt;\r\n	&lt;li&gt;\r\n		&lt;span style=&quot;font-family: arial, sans-serif; font-size: 13px;&quot;&gt;провод ограничения периметра 350 метров.&lt;/span&gt;&lt;/li&gt;\r\n	&lt;li&gt;\r\n		&lt;span style=&quot;font-family: arial, sans-serif; font-size: 13px;&quot;&gt;шаблон «Roboruler».&lt;/span&gt;&lt;/li&gt;\r\n	&lt;li&gt;\r\n		&lt;span style=&quot;font-family: arial, sans-serif; font-size: 13px;&quot;&gt;инструкция и DVD диск.&lt;/span&gt;&lt;/li&gt;\r\n&lt;/ul&gt;\r\n&lt;p style=&quot;margin-top: 0px; margin-bottom: 0px; color: rgb(0, 0, 0); font-family: Arial, Helvetica, sans-serif;&quot;&gt;\r\n	&lt;strong&gt;Гарантия&lt;/strong&gt;: 2 года&lt;/p&gt;\r\n', 'Робот-газонокосилка Robomow RS622', 'Робот-газонокосилка Robomow RS622', 'Робот-газонокосилка Robomow RS622', 'Робот-газонокосилка Robomow RS622', ''),
(185, 1, 'Робот-газонокосилка Robomow RS630', '&lt;p style=&quot;margin-bottom: 0.35cm&quot;&gt;\r\n	Модель премиум-класса Robomow RS630 подходит для стрижки больших газонов. Если вам хочется поддерживать достойный вид лужайки общей площадью до 3000 квадратных метров на протяжении всего сезона, то это едва ли не лучший вариант из числа других косилок той же ценовой категории.&lt;/p&gt;\r\n&lt;p style=&quot;margin-bottom: 0.35cm&quot;&gt;\r\n	Рекордная ширина кошения - 56 сантиметров – позволяет роботу справляться с запланированным объемом работ гораздо быстрее, чем это сделали бы косилки других моделей. 2 ножа, расположенные рядом по горизонтали, способны более качественно производить обработку участка, не пропуская ни одной травинки. Лезвия ножей изготовлены из стали, обладающей высокой прочностью, не требуют заточки и не ржавеют.&lt;/p&gt;\r\n&lt;p style=&quot;margin-bottom: 0.35cm&quot;&gt;\r\n	Ограничительный кабель, поставляемый в комплекте, помогает роботу ориентироваться в пространстве. Просто проложите по периметру зоны стрижки этот кабель, закрепите его специальными фиксаторами и включите Robomow RS630. Обработав края газона, косилка плавно перейдет к стрижке внутри ограниченного пространства. В случае если заряда батареи не хватит для обработки указанной площади, робот автоматически отправится на док-станцию.&lt;/p&gt;\r\n&lt;p style=&quot;margin-bottom: 0.35cm&quot;&gt;\r\n	Множество датчиков, встроенных в корпус косилки, помогают ей получать информацию из окружающей среды: влажность воздуха, наличие или отсутствие травы под ножами и препятствий на пути. По уже постриженной поверхности газона робот просто проезжает, останавливая вращение ножей.&lt;/p&gt;\r\n&lt;p style=&quot;margin-bottom: 0.35cm&quot;&gt;\r\n	Robomow RS630 дополнительно снабжен ЖК-дисплеем с русскоязычным меню.&lt;/p&gt;\r\n&lt;p style=&quot;margin-top: 0px; margin-bottom: 0px; color: rgb(0, 0, 0); font-family: Arial, Helvetica, sans-serif;&quot;&gt;\r\n	&lt;strong&gt;Комплектация&amp;nbsp;&lt;/strong&gt;&lt;strong&gt;робота-газонокосильщика&amp;nbsp;Robomow RS630&lt;/strong&gt;:&lt;/p&gt;\r\n&lt;ul style=&quot;color: rgb(0, 0, 0); font-family: Arial, Helvetica, sans-serif;&quot;&gt;\r\n	&lt;li&gt;\r\n		робот-косилка Robomow RS630;&lt;/li&gt;\r\n	&lt;li&gt;\r\n		&lt;span style=&quot;font-family: arial, sans-serif; font-size: 13px;&quot;&gt;базовая станция.&lt;/span&gt;&lt;/li&gt;\r\n	&lt;li&gt;\r\n		&lt;span style=&quot;font-family: arial, sans-serif; font-size: 13px;&quot;&gt;влагозащищенный блок питания с 20м силового кабеля.&lt;/span&gt;&lt;/li&gt;\r\n	&lt;li&gt;\r\n		&lt;span style=&quot;font-family: arial, sans-serif; font-size: 13px;&quot;&gt;колышки 500 шт.&lt;/span&gt;&lt;/li&gt;\r\n	&lt;li&gt;\r\n		&lt;span style=&quot;font-family: arial, sans-serif; font-size: 13px;&quot;&gt;провод ограничения периметра 300 метров.&lt;/span&gt;&lt;/li&gt;\r\n	&lt;li&gt;\r\n		&lt;span style=&quot;font-family: arial, sans-serif; font-size: 13px;&quot;&gt;шаблон «Roboruler».&lt;/span&gt;&lt;/li&gt;\r\n	&lt;li&gt;\r\n		&lt;span style=&quot;font-family: arial, sans-serif; font-size: 13px;&quot;&gt;инструкция и DVD диск.&lt;/span&gt;&lt;/li&gt;\r\n&lt;/ul&gt;\r\n&lt;p style=&quot;margin-top: 0px; margin-bottom: 0px; color: rgb(0, 0, 0); font-family: Arial, Helvetica, sans-serif;&quot;&gt;\r\n	&lt;strong&gt;Гарантия&lt;/strong&gt;: 2 года&lt;/p&gt;\r\n', 'Робот-газонокосилка Robomow RS630', 'Робот-газонокосилка Robomow RS630', 'Робот-газонокосилка Robomow RS630', 'Робот-газонокосилка Robomow RS630', ''),
(186, 1, 'Робот-газонокосилка Robomow RL855', '&lt;p style=&quot;margin-bottom: 0.35cm&quot;&gt;\r\n	Robomow RL855 – отличное решение для поддержания поразительного внешнего вида газона в течение всего сезона. Предназначенная для лужаек площадью до 1000 квадратных метров, косилка требует минимум внимания со стороны пользователя. Все действия, вплоть до пополнения уровня заряда встроенной батареи, робот производит самостоятельно.&lt;/p&gt;\r\n&lt;p style=&quot;margin-bottom: 0.35cm&quot;&gt;\r\n	Оснащенный тремя ножами с двумя лопастями, Robomow RL855 способен стричь газон полосками шириной до 53 сантиметров. Это достаточно высокий показатель для косилок нижней ценовой категории. Частота вращения ножей зависит от типа газона.&lt;/p&gt;\r\n&lt;p style=&quot;margin-bottom: 0.35cm&quot;&gt;\r\n	Два свинцово-кислотных аккумулятора емкостью по 17 Ач обеспечивают роботу до 3,5 часов автономной работы. От вас требуется только закрепить ограничительный провод по площади обрабатываемой поверхности и ввести правильный ПИН-код для запуска косилки. Если же вы хотите, чтобы робот стриг газон в ваше отсутствие, составьте в меню Robomow RL855 расписание запусков. Точно в заданное время в назначенный день недели робот самостоятельно запустится и поедет стричь газон.&lt;/p&gt;\r\n&lt;p style=&quot;margin-bottom: 0.35cm&quot;&gt;\r\n	Косилка поставляется в богатой стандартной комплектации, в которую включены: напольная зарядная база, ограничительный провод, колышки, контроллер. С помощью контроллера пользователь может осуществлять ручное управление движением робота. По сути, это своеобразный пульт, который окажется полезным, если стоит задача подстричь газон сложной формы.&lt;/p&gt;\r\n&lt;p style=&quot;margin-top: 0px; margin-bottom: 0px; color: rgb(0, 0, 0); font-family: Arial, Helvetica, sans-serif;&quot;&gt;\r\n	&lt;strong&gt;Комплектация&amp;nbsp;&lt;/strong&gt;&lt;strong&gt;робота-газонокосильщика&amp;nbsp;Robomow RL855&lt;/strong&gt;:&lt;/p&gt;\r\n&lt;ul style=&quot;color: rgb(0, 0, 0); font-family: Arial, Helvetica, sans-serif;&quot;&gt;\r\n	&lt;li&gt;\r\n		робот-косилка Robomow RL855;&lt;/li&gt;\r\n	&lt;li&gt;\r\n		напольная зарядная база;&lt;/li&gt;\r\n	&lt;li&gt;\r\n		провод ограничения периметра;&lt;/li&gt;\r\n	&lt;li&gt;\r\n		комплект из 50 колышков;&lt;/li&gt;\r\n	&lt;li&gt;\r\n		набор дополнительных комплектующих для установки провода;&lt;/li&gt;\r\n	&lt;li&gt;\r\n		гарантийный талон.&lt;/li&gt;\r\n&lt;/ul&gt;\r\n&lt;p style=&quot;margin-top: 0px; margin-bottom: 0px; color: rgb(0, 0, 0); font-family: Arial, Helvetica, sans-serif;&quot;&gt;\r\n	&lt;strong&gt;Гарантия&lt;/strong&gt;: 2 года&lt;/p&gt;\r\n', 'Робот-газонокосилка Robomow RL855', 'Робот-газонокосилка Robomow RL855', 'Робот-газонокосилка Robomow RL855', 'Робот-газонокосилка Robomow RL855', '');
INSERT INTO `product_description` (`product_id`, `language_id`, `name`, `description`, `meta_description`, `meta_keyword`, `seo_title`, `seo_h1`, `meta_title`) VALUES
(187, 1, 'Робот-газонокосилка Robomow RL2000 ', '&lt;p style=&quot;margin-bottom: 0.35cm&quot;&gt;\r\n	&lt;font color=&quot;#000000&quot;&gt;Robomow RL2000&lt;/font&gt;&lt;font color=&quot;#000000&quot;&gt;&amp;nbsp;предназначен для скашивания травы на газонах площадью до 2000 квадратных метров. Косилку можно использовать как в профессиональных целях садовникам и сотрудникам клининговых компаний, так и для стрижки лужаек на придомовых территориях.&lt;/font&gt;&lt;/p&gt;\r\n&lt;p style=&quot;margin-bottom: 0.35cm&quot;&gt;\r\n	&lt;font color=&quot;#000000&quot;&gt;Косилка выполнена в современном &lt;/font&gt;&lt;font color=&quot;#000000&quot;&gt;&lt;span lang=&quot;en-US&quot;&gt;hi&lt;/span&gt;&lt;/font&gt;&lt;font color=&quot;#000000&quot;&gt;-&lt;/font&gt;&lt;font color=&quot;#000000&quot;&gt;&lt;span lang=&quot;en-US&quot;&gt;tech&lt;/span&gt;&lt;/font&gt;&lt;font color=&quot;#000000&quot;&gt; стиле. Обтекаемый корпус оснащен специальными датчиками, которые направляют робота в пределах ограниченной кабелями площади. Встроенный сенсор дождя не позволяет косилке работать в дождь, что в свою очередь оберегает внутренние механизмы устройства и оберегает внешний вид газона от некачественной стрижки.&lt;/font&gt;&lt;/p&gt;\r\n&lt;p style=&quot;margin-bottom: 0.35cm&quot;&gt;\r\n	&lt;font color=&quot;#000000&quot;&gt;Робот имеет два направляющих колеса с крупным протектором и подвижный ролик в передней части устройства. Такое расположение колес обеспечивает косилке большую проходимость и возможность работать на неровных участках и лужайках, расположенных под уклон.&lt;/font&gt;&lt;/p&gt;\r\n&lt;p style=&quot;margin-bottom: 0.35cm&quot;&gt;\r\n	&lt;font color=&quot;#000000&quot;&gt;Для того чтобы &lt;/font&gt;&lt;font color=&quot;#000000&quot;&gt;Robomow RL2000&lt;/font&gt;&lt;font color=&quot;#000000&quot;&gt; начал стричь газон, пользователь должен ввести защитный код и задать программу обработки, при этом указав данные об обрабатываемой площади и о высоте травы. Предварительно подготавливать лужайку не нужно, &lt;/font&gt;&lt;font color=&quot;#000000&quot;&gt;RL2000 справится с любым типом травы. Три двухлопастных ножа, не требующих заточки и балансировки, гарантированно придадут вашей лужайке должный вид и четкость линий.&lt;/font&gt;&lt;/p&gt;\r\n&lt;p style=&quot;margin-bottom: 0.35cm&quot;&gt;\r\n	&lt;font color=&quot;#000000&quot;&gt;Робот поставляется с напольной зарядной станцией и набором расходных материалов.&lt;/font&gt;&lt;/p&gt;\r\n&lt;p style=&quot;margin-bottom: 0.35cm&quot;&gt;\r\n	&lt;strong style=&quot;color: rgb(0, 0, 0); font-family: Arial, Helvetica, sans-serif;&quot;&gt;Комплектация&amp;nbsp;&lt;/strong&gt;&lt;strong style=&quot;color: rgb(0, 0, 0); font-family: Arial, Helvetica, sans-serif;&quot;&gt;робота-газонокосильщика&amp;nbsp;Robomow RL2000&lt;/strong&gt;&lt;span style=&quot;color: rgb(0, 0, 0); font-family: Arial, Helvetica, sans-serif;&quot;&gt;:&lt;/span&gt;&lt;/p&gt;\r\n&lt;ul style=&quot;color: rgb(0, 0, 0); font-family: Arial, Helvetica, sans-serif;&quot;&gt;\r\n	&lt;li&gt;\r\n		робот-косилка Robomow RL2000;&lt;/li&gt;\r\n	&lt;li&gt;\r\n		напольная зарядная база;&lt;/li&gt;\r\n	&lt;li&gt;\r\n		провод ограничения периметра;&lt;/li&gt;\r\n	&lt;li&gt;\r\n		комплект из 50 колышков;&lt;/li&gt;\r\n	&lt;li&gt;\r\n		коннекторы участка (Набор из 10 коннекторов, предназначенных для подключения провода ограничения периметра к базовой станции или блоку контроля периметра)&lt;/li&gt;\r\n	&lt;li&gt;\r\n		коннекторы для ремонта провода ограничения периметра (&lt;span style=&quot;color: rgb(68, 68, 68); line-height: 16px;&quot;&gt;Набор из 10 коннекторов для ремонта или сращивания провода ограничения периметра&lt;/span&gt;)&lt;/li&gt;\r\n	&lt;li&gt;\r\n		гарантийный талон.&lt;/li&gt;\r\n&lt;/ul&gt;\r\n&lt;p style=&quot;margin-top: 0px; margin-bottom: 0px; color: rgb(0, 0, 0); font-family: Arial, Helvetica, sans-serif;&quot;&gt;\r\n	&lt;strong&gt;Гарантия&lt;/strong&gt;: 2 года&lt;/p&gt;\r\n', 'Робот-газонокосилка Robomow RL2000 ', 'Робот-газонокосилка Robomow RL2000 ', 'Робот-газонокосилка Robomow RL2000 ', 'Робот-газонокосилка Robomow RL2000 ', ''),
(188, 1, 'Робот-газонокосилка Robomow RM510', '&lt;p style=&quot;margin-bottom: 0.35cm&quot;&gt;\r\n	&lt;font color=&quot;#000000&quot;&gt;Robomow RM510 – идеальное решение для стрижки газона на приусадебном участке. Относясь к классу косилок нижней ценовой категории, робот способен обрабатывать до 500 квадратных метров травы. &lt;/font&gt;&lt;/p&gt;\r\n&lt;p style=&quot;margin-bottom: 0.35cm&quot;&gt;\r\n	&lt;font color=&quot;#000000&quot;&gt;Корпус RM510 можно назвать прагматичным. Обтекаемые формы постепенно переходят в резиновый бампер, защищающий косилку от столкновений с твердыми препятствиями. Ведущие задние колеса отличаются довольно крупным размером, что помогает роботу стричь траву на неровных поверхностях, имеющих ямки и возвышенности. &lt;/font&gt;&lt;/p&gt;\r\n&lt;p style=&quot;margin-bottom: 0.35cm&quot;&gt;\r\n	Стрижка травы производится за счет одного большого ножа с двумя лопастями, расположенного в передней части устройства. Для непрофессиональной косилки этого вполне достаточно. Такой нож никогда не затупится и не заржавеет.&lt;/p&gt;\r\n&lt;p style=&quot;margin-bottom: 0.35cm&quot;&gt;\r\n	&lt;font color=&quot;#000000&quot;&gt;Robomow RM510 снабжен герметичными свинцово-кислотными аккумуляторами, емкости которых хватает для двухсот минут непрерывной работы.&lt;/font&gt;&lt;/p&gt;\r\n&lt;p style=&quot;margin-bottom: 0.35cm&quot;&gt;\r\n	Помимо этого, робот укомплектован зарядной напольной установкой, к которой робот самостоятельно направляется в случае «подсаживания» батарей. Зарядка происходит полностью в автоматическом режиме, не требуя контроля со стороны пользователя.&lt;/p&gt;\r\n&lt;p style=&quot;margin-bottom: 0.35cm&quot;&gt;\r\n	&lt;font color=&quot;#000000&quot;&gt;Robomow RM510 обладает функцией защиты от несанкционированного запуска, а также умеет включаться по расписанию.&lt;/font&gt;&lt;/p&gt;\r\n&lt;p style=&quot;margin-bottom: 0.35cm&quot;&gt;\r\n	&lt;strong style=&quot;color: rgb(0, 0, 0); font-family: Arial, Helvetica, sans-serif;&quot;&gt;Комплектация&amp;nbsp;&lt;/strong&gt;&lt;strong style=&quot;color: rgb(0, 0, 0); font-family: Arial, Helvetica, sans-serif;&quot;&gt;робота-газонокосильщика&amp;nbsp;Robomow RS510&lt;/strong&gt;&lt;span style=&quot;color: rgb(0, 0, 0); font-family: Arial, Helvetica, sans-serif;&quot;&gt;:&lt;/span&gt;&lt;/p&gt;\r\n&lt;ul style=&quot;color: rgb(0, 0, 0); font-family: Arial, Helvetica, sans-serif;&quot;&gt;\r\n	&lt;li&gt;\r\n		робот-косилка Robomow RS510;&lt;/li&gt;\r\n	&lt;li&gt;\r\n		напольная зарядная база;&lt;/li&gt;\r\n	&lt;li&gt;\r\n		провод ограничения периметра - 150м;&lt;/li&gt;\r\n	&lt;li&gt;\r\n		комплект колышков - 50 шт.;&lt;/li&gt;\r\n	&lt;li&gt;\r\n		коннекторы участка&amp;nbsp;&lt;/li&gt;\r\n	&lt;li&gt;\r\n		гарантийный талон.&lt;/li&gt;\r\n&lt;/ul&gt;\r\n&lt;p style=&quot;margin-top: 0px; margin-bottom: 0px; color: rgb(0, 0, 0); font-family: Arial, Helvetica, sans-serif;&quot;&gt;\r\n	&lt;strong&gt;Гарантия&lt;/strong&gt;: 2 года&lt;/p&gt;\r\n', 'Робот-газонокосилка Robomow RM510', 'Робот-газонокосилка Robomow RM510', 'Робот-газонокосилка Robomow RM510', 'Робот-газонокосилка Robomow RM510', ''),
(117, 1, 'Робот-газонокосилка Caiman Ambrogio L50 Basic', '&lt;p style=&quot;margin-bottom: 0.35cm&quot;&gt;\r\n	Французская компания &lt;span lang=&quot;en-US&quot;&gt;Caiman&lt;/span&gt; – один из достойнейших производителей современной бытовой робототехники. Интеллектуальные роботы серии &lt;span lang=&quot;en-US&quot;&gt;Ambrogio&lt;/span&gt; настолько качественно подстригут ваш газон, что ручные и переносные газонокосилки перестанут для вас существовать.&lt;/p&gt;\r\n&lt;p style=&quot;margin-bottom: 0.35cm&quot;&gt;\r\n	Никаких проводов! Это кредо косилки &lt;span lang=&quot;en-US&quot;&gt;Ambrogio&lt;/span&gt; &lt;span lang=&quot;en-US&quot;&gt;L&lt;/span&gt;50. Просто дайте роботу задание и спокойно занимайтесь другими делами. Газонокосилка сама определит, где нужно подравнять или состричь траву, при этом аккуратно обойдет все препятствия.&lt;/p&gt;\r\n&lt;p style=&quot;margin-bottom: 0.35cm&quot;&gt;\r\n	Даже если ваш участок имеет неровности или расположен под уклон со значением до 27 градусов, вы можете не волноваться за работоспособность &lt;span lang=&quot;en-US&quot;&gt;Ambrogio&lt;/span&gt; &lt;span lang=&quot;en-US&quot;&gt;L&lt;/span&gt;50. Интеллектуальная система автоматически делает замеры с помощью встроенных сенсоров и регулирует в соответствии с ними скорость вращения ножей. В результате ваш газон будет подстрижен идеально ровно.&lt;/p&gt;\r\n&lt;p style=&quot;margin-bottom: 0.35cm&quot;&gt;\r\n	Робот имеет встроенную литий-ионную батарею с улучшенной емкостью, благодаря которой процесс зарядки аккумулятора происходит всего за 3,5 часа, а уровень саморазрядки довольно низок. Полного заряда &lt;span lang=&quot;en-US&quot;&gt;Ambrogio&lt;/span&gt; &lt;span lang=&quot;en-US&quot;&gt;L&lt;/span&gt;50 хватает на стрижку примерно четырехсот метров газона.&lt;/p&gt;\r\n&lt;p style=&quot;margin-bottom: 0.35cm&quot;&gt;\r\n	Инженеры наделили робота защитой от перегрузки несущих деталей, а также продумали особенности безопасного использования устройства. В том случае, если корпус газонокосилки переворачивается, тут же срабатывает защита, и ножи останавливают движение. Также робота можно быстро отключить с помощью специальной кнопки безопасности.&lt;/p&gt;\r\n&lt;p&gt;\r\n	Литий-ионный аккумулятор 25V-6Ач&amp;nbsp;&lt;/p&gt;\r\n&lt;p&gt;\r\n	Батарея нового поколения, имеющая небольшой вес и размеры, обладающая низким саморазрядом, быстро заряжается (в течение 3.5 часов), не имеет памяти на заряд – такой аккумулятор не нужно разряжать полностью, чтобы избежать потери емкости.&amp;nbsp;&lt;br /&gt;\r\n	&lt;br /&gt;\r\n	Датчики распознавания травы&lt;br /&gt;\r\n	Постоянно контролируют нахождение машины на траве, а в случае отсутствия травы, останавливают вращение ножа. Роботу достаточно участка без травы шириной всего 25 см., чтобы развернуться и начать движение в другом направлении. Это избавляет от необходимости протягивать провод периметра.&amp;nbsp;&lt;br /&gt;\r\n	&lt;br /&gt;\r\n	Безопасность машины&lt;br /&gt;\r\n	Система безопасности газонокосилки предусматривает остановку ножа в случае переворачивания машины, ее подъема над землей или при нажатии на кнопку защитного отключения.&amp;nbsp;&lt;br /&gt;\r\n	&lt;br /&gt;\r\n	Простота управления&amp;nbsp;&lt;br /&gt;\r\n	Газонокосилка имеет всего две кнопки управления!&amp;nbsp;&lt;br /&gt;\r\n	&lt;br /&gt;\r\n	Модуляция ножа&amp;nbsp;&lt;br /&gt;\r\n	Регулирует скорость вращения ножа в зависимости от нагрузки, снижая расход электроэнергии и уровень шума.&amp;nbsp;&lt;br /&gt;\r\n	&lt;br /&gt;\r\n	Защита от перегрузки&lt;br /&gt;\r\n	Каждый мотор (ножа и колес) постоянно контролируется во время работы во избежание их перегрева.&amp;nbsp;&lt;br /&gt;\r\n	&lt;br /&gt;\r\n	Данная модель разработана для создания европейского газона с высотой травы до 40 мм.&lt;/p&gt;\r\n&lt;p style=&quot;margin-top: 0px; margin-bottom: 0px; color: rgb(0, 0, 0); font-family: Arial, Helvetica, sans-serif;&quot;&gt;\r\n	&lt;strong&gt;Комплектация&amp;nbsp;&lt;/strong&gt;&lt;strong&gt;робота-газонокосильщика Caiman Ambrogio L50 Basic&lt;/strong&gt;:&lt;/p&gt;\r\n&lt;ul style=&quot;color: rgb(0, 0, 0); font-family: Arial, Helvetica, sans-serif;&quot;&gt;\r\n	&lt;li&gt;\r\n		робот Caiman L50 Basic;&lt;/li&gt;\r\n	&lt;li&gt;\r\n		аккумуляторная батарея;&lt;/li&gt;\r\n	&lt;li&gt;\r\n		гарантийный талон.&lt;/li&gt;\r\n&lt;/ul&gt;\r\n&lt;p style=&quot;margin-top: 0px; margin-bottom: 0px; color: rgb(0, 0, 0); font-family: Arial, Helvetica, sans-serif;&quot;&gt;\r\n	&lt;strong&gt;Гарантия&lt;/strong&gt;: 3 года&lt;/p&gt;\r\n', ' Caiman Ambrogio, Caiman Ambrogio L50 Basic', ' Caiman Ambrogio, Caiman Ambrogio L50 Basic', 'Купить робот-газонокосилка Caiman Ambrogio L50 Basic', 'Робот-газонокосилка Caiman Ambrogio L50 Basic', ''),
(189, 1, 'Робот-газонокосилка Caiman Ambrogio L50 Basic US', '&lt;p style=&quot;margin-top: 0.49cm; margin-bottom: 0.49cm&quot;&gt;\r\n	Специально для высоких газонов французская компания Caiman разработала надежные газонокосилки Ambrogio L50 Basic US. В отличие от модели-предшественницы из той же серии, этот робот способен стричь траву, высота которой доходит до 9 сантиметров.&lt;/p&gt;\r\n&lt;p style=&quot;margin-top: 0.49cm; margin-bottom: 0.49cm&quot;&gt;\r\n	Высокая технологичность и сравнительно невысокая цена делают этого робота незаменимым помощником. От пользователя требуется минимум действий: принести косилку на нужный участок газона и задать программу стрижки. Все остальное Ambrogio L50 Basic US делает сам. Если вдруг площадь обрабатываемой поверхности оказалась выше, чем предусмотрено заводом при работе с полным заряженным аккумулятором, то робот самостоятельно уезжает на подзарядку и так же автоматически возвращается на место работы.&lt;/p&gt;\r\n&lt;p style=&quot;margin-top: 0.49cm; margin-bottom: 0.49cm&quot;&gt;\r\n	Встроенные датчики позволяют косилке спокойно объезжать препятствия, предохраняя от ударов ножи и корпус. Ambrogio L50 Basic US анализирует тип поверхности и способен продолжать работать даже если участок идет под уклон или имеет неровности. В этом случае интеллектуальная система корректирует скорость вращения стригущих ножей, предохраняя их и колеса от перегрузки.&lt;/p&gt;\r\n&lt;p style=&quot;margin-top: 0.49cm; margin-bottom: 0.49cm&quot;&gt;\r\n	Стоит особо отметить удобство работы с Ambrogio L50 Basiс US. Робот не требует никаких дополнительных проводов для навигации, в отличие от большинства других автоматических газонокосилок.&lt;/p&gt;\r\n&lt;p style=&quot;margin-top: 0.49cm; margin-bottom: 0.49cm&quot;&gt;\r\n	Непрерывную работу в течение двухсот двадцати минут газонокосилке обеспечивает мощный литий-ионный аккумулятор. Помимо функции быстрой зарядки (полный цикл занимает всего 3,5 часа), такая батарея обладает устойчивостью к разрядке.&lt;/p&gt;\r\n&lt;p style=&quot;margin-top: 0.49cm; margin-bottom: 0.49cm&quot;&gt;\r\n	Небольшие габариты косилки и малый вес (всего 10 килограмм) позволяют оперативно перемещать ее в пределах газона.&lt;/p&gt;\r\n&lt;p style=&quot;margin-top: 0px; margin-bottom: 0px; color: rgb(0, 0, 0); font-family: Arial, Helvetica, sans-serif;&quot;&gt;\r\n	&lt;strong&gt;Комплектация&amp;nbsp;&lt;/strong&gt;&lt;strong&gt;робота-газонокосильщика Caiman Ambrogio L50 Basic US&lt;/strong&gt;:&lt;/p&gt;\r\n&lt;ul style=&quot;color: rgb(0, 0, 0); font-family: Arial, Helvetica, sans-serif;&quot;&gt;\r\n	&lt;li&gt;\r\n		робот Caiman L50 Basic US;&lt;/li&gt;\r\n	&lt;li&gt;\r\n		аккумуляторная батарея;&lt;/li&gt;\r\n	&lt;li&gt;\r\n		гарантийный талон.&lt;/li&gt;\r\n&lt;/ul&gt;\r\n&lt;p style=&quot;margin-top: 0px; margin-bottom: 0px; color: rgb(0, 0, 0); font-family: Arial, Helvetica, sans-serif;&quot;&gt;\r\n	&lt;strong&gt;Гарантия&lt;/strong&gt;: 3 года&lt;/p&gt;\r\n', 'Робот-газонокосилка Caiman Ambrogio L50 Basic US', 'Робот-газонокосилка Caiman Ambrogio L50 Basic US', 'Робот-газонокосилка Caiman Ambrogio L50 Basic US', 'Робот-газонокосилка Caiman Ambrogio L50 Basic US', ''),
(190, 1, 'Робот-газонокосилка Caiman Ambrogio L50 Deluxe', '&lt;p style=&quot;margin-bottom: 0.35cm&quot;&gt;\r\n	Caiman Ambrogio L50 Deluxe – более «продвинутый» и функциональный собрат уже зарекомендовавшей себя модели робота-газонокосилки Caiman Ambrogio L50 &lt;span lang=&quot;en-US&quot;&gt;Basic&lt;/span&gt;. Deluxe даст вам возможность стричь газон в любое время дня и ночи, не протягивая при этом по периметру участка никаких проводов.&lt;/p&gt;\r\n&lt;p style=&quot;margin-bottom: 0.35cm&quot;&gt;\r\n	Данная модель имеет более чувствительный датчик для определения препятствий по ходу движения. Так, например, если базовая модель Caiman Ambrogio L50 способна «понять», что перед ней непреодолимое препятствие, только с расстояния в 25 сантиметров, то Deluxe «видит» его уже с 9 сантиметров. В свою очередь, эта особенность предостерегает оборудование от падений и переворачиваний. Как известно, при резкой смене положения (а именно, при вышеупомянутых переворачиваниях) в целях безопасности вращение ножей косилки приостанавливается, и работа, соответственно, прекращается. Таким образом, улучшенная система навигации вдобавок обеспечивает более продуктивный результат стрижки травы.&lt;/p&gt;\r\n&lt;p style=&quot;margin-bottom: 0.35cm&quot;&gt;\r\n	За создание четкой и ровной линии газона отвечает современная режущая система, которой оборудован Caiman Ambrogio L50 Deluxe. Четырехлопастной нож изготовлен из углеродной стали, способной срезать не только мягкую траву высотой до 40 мм., но и твердые стебли растений.&lt;/p&gt;\r\n&lt;p style=&quot;margin-bottom: 0.35cm&quot;&gt;\r\n	Робот может работать в течение двухсот двадцати минут без подзарядки. За это время он способен обработать примерно 400 квадратных метров газона. Такая высокая производительность достигается за счет использования качественного литий-ионного аккумулятора и умной системы распределения нагрузки.&lt;/p&gt;\r\n&lt;p style=&quot;margin-bottom: 0.35cm&quot;&gt;\r\n	В комплекте к роботу поставляется аккумуляторная батарея и гарантийный талон.&lt;/p&gt;\r\n&lt;p style=&quot;margin-top: 0px; margin-bottom: 0px; color: rgb(0, 0, 0); font-family: Arial, Helvetica, sans-serif;&quot;&gt;\r\n	&lt;strong&gt;Гарантия&lt;/strong&gt;: 3 года&lt;/p&gt;\r\n&lt;p style=&quot;margin-bottom: 0.35cm&quot;&gt;\r\n	&amp;nbsp;&lt;/p&gt;\r\n', 'Робот-газонокосилка Caiman Ambrogio L50 Deluxe', 'Робот-газонокосилка Caiman Ambrogio L50 Deluxe', 'Робот-газонокосилка Caiman Ambrogio L50 Deluxe', 'Робот-газонокосилка Caiman Ambrogio L50 Deluxe', ''),
(191, 1, 'Робот-газонокосилка Caiman Ambrogio L50 Evolution', '&lt;p style=&quot;margin-bottom: 0.35cm&quot;&gt;\r\n	Косилкой околопрофессионального формата можно считать робота Ambrogio L50 Evolution от французского производителя &lt;span lang=&quot;en-US&quot;&gt;Caiman&lt;/span&gt;. Обрабатывая одновременно до восьмисот квадратных метров, газонокосилка не требует протягивания ограничительных кабелей по периметру. Достаточно ограничить пространство бордюром или иными препятствиями высотой около 10 см.&lt;/p&gt;\r\n&lt;p style=&quot;margin-bottom: 0.35cm&quot;&gt;\r\n	Газонокосилка оснащена множеством датчиков, определяющих наличие/отсутствие травы под режущей секцией, анализирующих поверхность участка и его уклон. Благодаря наличию таких сенсоров, работа Ambrogio L50 Evolution по максимуму оптимизирована. Робот качественно стрижет поверхность, не пропуская ни сантиметра и не тратя время на объезд препятствий «вслепую». Дополнительная функция модуляции ножа позволяет экономить ресурс несущих частей косилки и расход электроэнергии. Этот эффект достигается за счет «умного» распределения трудозатрат робота на разных участках газона. Так, например, на участке с низкой травой ножи будут вращаться медленнее и реже, там же, где трава густая и высокая, скорость работы ножей увеличится.&lt;/p&gt;\r\n&lt;p style=&quot;margin-bottom: 0.35cm&quot;&gt;\r\n	После того как &lt;span lang=&quot;en-US&quot;&gt;Caiman&lt;/span&gt; Ambrogio L50 Evolution подстрижет ваш газон, вы будете избавлены от необходимости убирать срезанную траву. Все дело в том, что в процессе работы аппарат по сути измельчает лишние миллиметры травы, превращая их в дополнительное естественное удобрение для растущего газона.&lt;/p&gt;\r\n&lt;p style=&quot;margin-bottom: 0.35cm&quot;&gt;\r\n	&lt;span lang=&quot;en-US&quot;&gt;Caiman&lt;/span&gt; Ambrogio L50 Evolution поставляется в богатой стандартной комплектации, в которую включен ограничительный провод длиной 12 метров, колышки для его закрепления по периметру, напольная база для зарядки аккумулятора, а также гарантийный талон сроком на 3 года.&lt;/p&gt;\r\n', 'Робот-газонокосилка Caiman Ambrogio L50 Evolution', 'Робот-газонокосилка Caiman Ambrogio L50 Evolution', 'Робот-газонокосилка Caiman Ambrogio L50 Evolution', 'Робот-газонокосилка Caiman Ambrogio L50 Evolution', ''),
(192, 1, 'Робот-газонокосилка Caiman Ambrogio L200 Basic', '&lt;p style=&quot;margin-bottom: 0.35cm&quot;&gt;\r\n	Caiman Ambrogio L200 Basic – отличный помощник для тех, кто привык ценить свое время. Газонокосилка способна работать на больших лужайках общей площадью до двух тысяч метров, поэтому она просто незаменима в качестве основного инструмента для использования на спортивных объектах, в общественных парках и скверах.&lt;/p&gt;\r\n&lt;p style=&quot;margin-bottom: 0.35cm&quot;&gt;\r\n	Ambrogio L200 Basic имеет современный обтекаемый корпус с большими ведущими колесами. Благодаря такой конструкции, робот способен преодолевать препятствия высотой до 10 сантиметров, а также выполнять стрижку газона даже в дождливую погоду. Вес устройства (составляющий всего 12 килограмм) и габариты позволяют с легкостью перемещать его по всему периметру участка.&lt;/p&gt;\r\n&lt;p style=&quot;margin-bottom: 0.35cm&quot;&gt;\r\n	Все действия косилки полностью автоматизированы. Перед запуском в работу пользователь задает параметры стрижки (высоту, желаемую площадь). Дальше Ambrogio L200 Basic действует самостоятельно. С помощью встроенных сенсоров он объезжает все препятствия, ежесекундно анализируя информацию. Если травы под ножами не оказывается, робот разворачивается и продолжает косить в другом направлении.&lt;/p&gt;\r\n&lt;p style=&quot;margin-bottom: 0.35cm&quot;&gt;\r\n	Если в ходе работы аккумулятор косилки садится, она тут же прерывает работу и отправляется на док-станцию для зарядки. В комплекте с Ambrogio L200 Basic вы можете заказать стандартный аккумулятор емкостью 2,3 Ач, либо улучшенный, с емкостью 6,9 Ач.&lt;/p&gt;\r\n&lt;p style=&quot;margin-top: 0px; margin-bottom: 0px; color: rgb(0, 0, 0); font-family: Arial, Helvetica, sans-serif;&quot;&gt;\r\n	&lt;strong&gt;Обратите внимание&lt;/strong&gt;: Caiman L200 Basic с аккумулятором 2,3 Ач работает на площади до 1400 квадратных метров, время работы 80 минут. Caiman L200 Basic с аккумулятором 6,9 Ач работает на площади до 1900 квадратных метров, время работы 180 минут.&lt;/p&gt;\r\n&lt;p style=&quot;margin-top: 0px; margin-bottom: 0px; color: rgb(0, 0, 0); font-family: Arial, Helvetica, sans-serif;&quot;&gt;\r\n	&lt;br /&gt;\r\n	&amp;nbsp;&lt;/p&gt;\r\n&lt;p style=&quot;margin-top: 0px; margin-bottom: 0px; color: rgb(0, 0, 0); font-family: Arial, Helvetica, sans-serif;&quot;&gt;\r\n	&lt;strong&gt;Комплектация&amp;nbsp;&lt;/strong&gt;&lt;strong&gt;робота-газонокосильщика Caiman Ambrogio L200 Basic&lt;/strong&gt;:&lt;/p&gt;\r\n&lt;ul style=&quot;color: rgb(0, 0, 0); font-family: Arial, Helvetica, sans-serif;&quot;&gt;\r\n	&lt;li&gt;\r\n		робот Caiman L200 Basic;&lt;/li&gt;\r\n	&lt;li&gt;\r\n		напольная зарядная база;&lt;/li&gt;\r\n	&lt;li&gt;\r\n		провод ограничитель периметра - 100 м,&lt;/li&gt;\r\n	&lt;li&gt;\r\n		колышки - 100 шт.,&lt;/li&gt;\r\n	&lt;li&gt;\r\n		аккумуляторная батарея;&lt;/li&gt;\r\n	&lt;li&gt;\r\n		гарантийный талон.&lt;/li&gt;\r\n&lt;/ul&gt;\r\n&lt;p style=&quot;margin-top: 0px; margin-bottom: 0px; color: rgb(0, 0, 0); font-family: Arial, Helvetica, sans-serif;&quot;&gt;\r\n	&lt;strong&gt;Гарантия&lt;/strong&gt;: 3 года&lt;/p&gt;\r\n', 'Робот-газонокосилка Caiman Ambrogio L200 Basic', 'Робот-газонокосилка Caiman Ambrogio L200 Basic', 'Робот-газонокосилка Caiman Ambrogio L200 Basic', 'Робот-газонокосилка Caiman Ambrogio L200 Basic', ''),
(193, 1, 'Робот-газонокосилка Caiman Ambrogio L200 Deluxe', '&lt;p style=&quot;margin-bottom: 0.35cm&quot;&gt;\r\n	Роботы-газонокосильщики от компании Caiman – это не просто инструменты для стрижки газона. Это настоящие помощники, способные самостоятельно приводить в порядок приусадебный участок даже во время вашего отсутствия при помощи заранее установленного расписания.&lt;/p&gt;\r\n&lt;p style=&quot;margin-bottom: 0.35cm&quot;&gt;\r\n	Caiman Ambrogio L200 Deluxe – одна из моделей, которая пригодится не только для стрижки небольших газонов, но и для обработки больших лужаек общей площадью до 2600 квадратных метров. Емкий литий-ионный аккумулятор, которым оснащена косилка, обеспечивает Ambrogio L200 Deluxe до трех часов автономной работы. Если уровня заряда батареи недостаточно для завершения обработки участка заданной площади, робот самостоятельно отправляется на базу для подзарядки (полный цикл которой, кстати, занимает всего лишь 3,5 часа).&lt;/p&gt;\r\n&lt;p style=&quot;margin-bottom: 0.35cm&quot;&gt;\r\n	Оборудованный множеством встроенных датчиков, Caiman Ambrogio L200 Deluxe способен распознавать тип покрытия под колесами (наличие/отсутствие травы), степень влажности воздуха (в случае если идет дождь, косилка возвращается на базу), а также анализировать траекторию движения. Если робот получает с сенсоров информацию о том, что травы под режущим модулем нет, он разворачивается и продолжает стрижку в другой части газона. Точно так же он действует, если на пути вдруг обнаруживает неподвижное препятствие. Такая продуманная до мелочей интеллектуальная система позволит вам спокойно оставлять косилку без присмотра и, таким образом, уделять больше свободного времени любимым занятиям.&lt;/p&gt;\r\n&lt;p style=&quot;margin-bottom: 0.35cm&quot;&gt;\r\n	Система безопасности также четко продумана и удачно реализована. Посторонний человек, не знающий ПИН-кода, никогда не сможет запустить косилку. При желании вы можете опционально подключить к роботу систему &lt;span lang=&quot;en-US&quot;&gt;Double&lt;/span&gt; &lt;span lang=&quot;en-US&quot;&gt;Alarm&lt;/span&gt;, которая предупредит вас о попытках несанкционированного запуска громким звуковым сигналом.&lt;/p&gt;\r\n&lt;p style=&quot;margin-top: 0px; margin-bottom: 0px; color: rgb(0, 0, 0); font-family: Arial, Helvetica, sans-serif;&quot;&gt;\r\n	&lt;strong&gt;Комплектация&amp;nbsp;&lt;/strong&gt;&lt;strong&gt;робота-газонокосильщика Caiman Ambrogio L200 Deluxe&lt;/strong&gt;:&lt;/p&gt;\r\n&lt;ul style=&quot;color: rgb(0, 0, 0); font-family: Arial, Helvetica, sans-serif;&quot;&gt;\r\n	&lt;li&gt;\r\n		робот Caiman L200 Deluxe;&lt;/li&gt;\r\n	&lt;li&gt;\r\n		напольная зарядная база;&lt;/li&gt;\r\n	&lt;li&gt;\r\n		провод ограничитель периметра - 150 м,&lt;/li&gt;\r\n	&lt;li&gt;\r\n		колышки - 200 шт.,&lt;/li&gt;\r\n	&lt;li&gt;\r\n		аккумуляторная батарея;&lt;/li&gt;\r\n	&lt;li&gt;\r\n		гарантийный талон.&lt;/li&gt;\r\n&lt;/ul&gt;\r\n&lt;p style=&quot;margin-top: 0px; margin-bottom: 0px; color: rgb(0, 0, 0); font-family: Arial, Helvetica, sans-serif;&quot;&gt;\r\n	&lt;strong&gt;Гарантия&lt;/strong&gt;: 3 года&lt;/p&gt;\r\n', 'Робот-газонокосилка Caiman Ambrogio L200 Deluxe', 'Робот-газонокосилка Caiman Ambrogio L200 Deluxe', 'Робот-газонокосилка Caiman Ambrogio L200 Deluxe', 'Робот-газонокосилка Caiman Ambrogio L200 Deluxe', ''),
(194, 1, 'Робот-газонокосилка Caiman Ambrogio L200 Evolution', '&lt;p style=&quot;margin-bottom: 0cm&quot;&gt;\r\n	Caiman Ambrogio L200 Evolution - улучшенная модель косилки для стрижки больших газонов. Робот самостоятельно подровняет траву на любом участке в любых погодных условиях – достаточно лишь заранее задать желаемые параметры или составить расписание запусков.&lt;br /&gt;\r\n	&amp;nbsp;&lt;/p&gt;\r\n&lt;p style=&quot;margin-bottom: 0cm&quot;&gt;\r\n	Отличительной особенностью данной косилки от множества других является наличие двух аккумуляторов. В течение целых двухсот восьмидесяти минут Ambrogio L200 Evolution может обрабатывать газон без подзарядки. Почти четыре часа автономной работы делают эту модель просто незаменимой для стрижки газонов в общественных местах, на спортивных площадках и на всевозможных прилегающих территориях.&lt;/p&gt;\r\n&lt;p style=&quot;margin-bottom: 0cm&quot;&gt;\r\n	&amp;nbsp;&lt;/p&gt;\r\n&lt;p style=&quot;margin-bottom: 0cm&quot;&gt;\r\n	Чувствительные сенсоры постоянно анализируют состояние покрытия под режущей секцией. По уже скошенному газону второй раз косилка просто не поедет. Такая «умная» система контроля позволяет экономить время на обработку лужайки.&lt;/p&gt;\r\n&lt;p style=&quot;margin-bottom: 0cm&quot;&gt;\r\n	&amp;nbsp;&lt;/p&gt;\r\n&lt;p style=&quot;margin-bottom: 0cm&quot;&gt;\r\n	Ровную линию стрижки газона обеспечивает острый нож с четырьмя лопастями. Изготовленный из прочной стали, он настолько качественно измельчает состригаемую траву, что она превращается в дополнительное удобрение.&lt;/p&gt;\r\n&lt;p style=&quot;margin-bottom: 0cm&quot;&gt;\r\n	&amp;nbsp;&lt;/p&gt;\r\n&lt;p style=&quot;margin-bottom: 0cm&quot;&gt;\r\n	Caiman Ambrogio L200 Evolution поставляется с богатой стандартной комплектацией, в которую входит напольная зарядная база, ограничительный провод длиной 150м. и колышки для его закрепления.&amp;nbsp;&lt;/p&gt;\r\n', 'Робот-газонокосилка Caiman Ambrogio L200 Evolution', 'Робот-газонокосилка Caiman Ambrogio L200 Evolution', 'Робот-газонокосилка Caiman Ambrogio L200 Evolution', 'Робот-газонокосилка Caiman Ambrogio L200 Evolution', ''),
(195, 1, 'Робот-газонокосилка Caiman Ambrogio L200 Elite', '&lt;p style=&quot;margin-bottom: 0cm&quot;&gt;\r\n	Поддерживать ухоженность газона на протяжении длительного времени, не прилагая при этом существенных усилий, – не такая невыполнимая задача, как кажется на первый взгляд. Обработку вашего приусадебного участка сможет выполнять робот-газонокосилка Caiman Ambrogio L200 Elite, при этом не требуя постоянного контроля за процессом или же вашего личного присутствия.&lt;/p&gt;\r\n&lt;p style=&quot;margin-bottom: 0cm&quot;&gt;\r\n	&amp;nbsp;&lt;/p&gt;\r\n&lt;p style=&quot;margin-bottom: 0cm&quot;&gt;\r\n	Косилка способна обрабатывать большие по площади газоны, являясь отличным инструментом для стрижки лужаек в парках, на стадионах и крупных прилегающих территориях. Заявленная производителем площадь, которую может распознать и постричь Ambrogio L200 Elite, составляет около 3500 квадратных метров. Для того чтобы робот мог автономно, без постоянной подзарядки, стричь такие большие объемы газонной травы, разработчики снабдили его двумя мощными литий-ионными батареями. Благодаря им косилка может работать без перерыва в течение трехсот шестидесяти минут.&lt;/p&gt;\r\n&lt;p style=&quot;margin-bottom: 0cm&quot;&gt;\r\n	&amp;nbsp;&lt;/p&gt;\r\n&lt;p style=&quot;margin-bottom: 0cm&quot;&gt;\r\n	Качественную стрижку обеспечивает специальный острый нож с четырьмя режущими лопастями. Он не требует ни заточки, ни балансировки. Скорость его вращения меняется в зависимости от типа обрабатываемой поверхности. Если система «понимает», что под ножом уже подстриженная часть газона, нож останавливается.&lt;/p&gt;\r\n&lt;p style=&quot;margin-bottom: 0cm&quot;&gt;\r\n	&amp;nbsp;&lt;/p&gt;\r\n&lt;p style=&quot;margin-top: 0px; margin-bottom: 0px; color: rgb(0, 0, 0); font-family: Arial, Helvetica, sans-serif;&quot;&gt;\r\n	&lt;strong&gt;Комплектация&amp;nbsp;&lt;/strong&gt;&lt;strong&gt;робота-газонокосильщика Caiman Ambrogio L200 Elite&lt;/strong&gt;:&lt;/p&gt;\r\n&lt;ul style=&quot;color: rgb(0, 0, 0); font-family: Arial, Helvetica, sans-serif;&quot;&gt;\r\n	&lt;li&gt;\r\n		робот Caiman L200 Elite;&lt;/li&gt;\r\n	&lt;li&gt;\r\n		напольная зарядная база;&lt;/li&gt;\r\n	&lt;li&gt;\r\n		аккумуляторная батарея;&lt;/li&gt;\r\n	&lt;li&gt;\r\n		провод ограничитель периметра - 150 м,&lt;/li&gt;\r\n	&lt;li&gt;\r\n		колышки - 200 шт.,&lt;/li&gt;\r\n	&lt;li&gt;\r\n		гарантийный талон.&lt;/li&gt;\r\n&lt;/ul&gt;\r\n&lt;p style=&quot;margin-top: 0px; margin-bottom: 0px; color: rgb(0, 0, 0); font-family: Arial, Helvetica, sans-serif;&quot;&gt;\r\n	&lt;strong&gt;Гарантия&lt;/strong&gt;: 3 года&lt;/p&gt;\r\n', 'Робот-газонокосилка Caiman Ambrogio L200 Elite', 'Робот-газонокосилка Caiman Ambrogio L200 Elite', 'Робот-газонокосилка Caiman Ambrogio L200 Elite', 'Робот-газонокосилка Caiman Ambrogio L200 Elite', '');
INSERT INTO `product_description` (`product_id`, `language_id`, `name`, `description`, `meta_description`, `meta_keyword`, `seo_title`, `seo_h1`, `meta_title`) VALUES
(196, 1, 'Робот-газонокосилка Caiman Ambrogio L200 Carbon', '&lt;p style=&quot;margin-bottom: 0.35cm&quot;&gt;\r\n	Caiman Ambrogio L200 Carbon – один из роботов-косильщиков, который нельзя обойти вниманием. Помимо поражающих технических характеристик, устройство имеет яркий отличительный дизайн. Корпус косилки выполнен, как видно из названия, из карбона. Этот легкий материал, известный своей сверхпрочностью, используют для изготовления современных спортивных автомобилей. Благодаря особенностям этого материала, Ambrogio L200 Carbon отличается малым весом и при этом обладает отличными противоударными свойствами.&lt;/p&gt;\r\n&lt;p style=&quot;margin-bottom: 0.35cm&quot;&gt;\r\n	Эту мощную и быструю косилку можно использовать для стрижки газонов общей площадью до 3,5 тысяч квадратных метров. За счет крупных ведущих колес с большим рисунком протектора робот может с легкостью стричь траву даже на неровных участках с уклонами до 45 градусов.&lt;/p&gt;\r\n&lt;p style=&quot;margin-bottom: 0.35cm&quot;&gt;\r\n	Перед запуском робота вы можете задать высоту стрижки одним движением, просто повернув рукоятку. Также через меню устройства можно настроить расписание по дням недели. В назначенное время косилка автоматически включится и начнет обрабатывать заданную территорию. Если же в процессе стрижки аккумулятор разрядится, то Ambrogio L200 Carbon самостоятельно, без вашего участия, отправится на подзарядку.&lt;/p&gt;\r\n&lt;p style=&quot;margin-bottom: 0.35cm&quot;&gt;\r\n	Для ограничения территории уборки в комплекте с роботом поставляется специальный кабель длиной в 150м. К газону он крепится с помощью колышков, также включенных в базовый комплект.&lt;/p&gt;\r\n&lt;p style=&quot;margin-top: 0px; margin-bottom: 0px; color: rgb(0, 0, 0); font-family: Arial, Helvetica, sans-serif;&quot;&gt;\r\n	&lt;strong&gt;Комплектация&amp;nbsp;&lt;/strong&gt;&lt;strong&gt;робота-газонокосильщика Caiman Ambrogio L200 Carbon&lt;/strong&gt;:&lt;/p&gt;\r\n&lt;ul style=&quot;color: rgb(0, 0, 0); font-family: Arial, Helvetica, sans-serif;&quot;&gt;\r\n	&lt;li&gt;\r\n		робот Caiman L200 Carbon;&lt;/li&gt;\r\n	&lt;li&gt;\r\n		напольная зарядная база;&lt;/li&gt;\r\n	&lt;li&gt;\r\n		аккумуляторная батарея;&lt;/li&gt;\r\n	&lt;li&gt;\r\n		провод ограничитель периметра - 150 м,&lt;/li&gt;\r\n	&lt;li&gt;\r\n		колышки - 200 шт.,&lt;/li&gt;\r\n	&lt;li&gt;\r\n		гарантийный талон.&lt;/li&gt;\r\n&lt;/ul&gt;\r\n&lt;p style=&quot;margin-top: 0px; margin-bottom: 0px; color: rgb(0, 0, 0); font-family: Arial, Helvetica, sans-serif;&quot;&gt;\r\n	&lt;strong&gt;Гарантия&lt;/strong&gt;: 3 года&lt;/p&gt;\r\n', 'Робот-газонокосилка Caiman Ambrogio L200 Carbon', 'Робот-газонокосилка Caiman Ambrogio L200 Carbon', 'Робот-газонокосилка Caiman Ambrogio L200 Carbon', 'Робот-газонокосилка Caiman Ambrogio L200 Carbon', ''),
(197, 1, 'Робот-газонокосилка Caiman Ambrogio L300 Carbon', '&lt;p style=&quot;margin-bottom: 0.35cm&quot;&gt;\r\n	Caiman Ambrogio L300 Carbon – одна из лучших машин для стрижки газона. Являясь достойным представителем роботов-косильщиков высшей ценовой категории, L300 Carbon органично сочетает в себе неотразимое внешнее оформление и достойные технические характеристики.&lt;/p&gt;\r\n&lt;p style=&quot;margin-bottom: 0.35cm&quot;&gt;\r\n	Полностью автоматизированный процесс стрижки газона позволит вам проводить свободное время с удовольствием, занимаясь своими делами, а не облагораживанием лужайки. Бесшумно продвигаясь по участку, косилка постоянно анализирует с помощью сенсоров тип покрытия под вращающимися ножами. Если траектория движения попадает на уже скошенную полосу, робот сразу меняет направление.&lt;/p&gt;\r\n&lt;p style=&quot;margin-bottom: 0.35cm&quot;&gt;\r\n	Caiman Ambrogio L300 Carbon оснащен двумя мощными батареями, общая совокупность емкостей которых составляет более 19Ач. При условии полного уровня заряда такие аккумуляторы позволяют косилке автономно работать до 10 часов.&lt;/p&gt;\r\n&lt;p style=&quot;margin-bottom: 0.35cm&quot;&gt;\r\n	После того, как указанная площадь поверхности будет обработана, газонокосилка возвращается на базу. Никаких остатков травы при этом убирать не придется – робот мульчирует срезаемые травинки, дополнительно удобряя газон.&lt;/p&gt;\r\n&lt;p style=&quot;margin-bottom: 0.35cm&quot;&gt;\r\n	Качественно разработанное программное обеспечение, вшитое в оболочку робота, дает пользователю возможность управлять косилкой удаленно, по технологии &lt;span lang=&quot;en-US&quot;&gt;Bluetooth&lt;/span&gt;. Вы можете воспользоваться также функцией отложенного старта или составить удобное расписание стрижки газона.&lt;/p&gt;\r\n&lt;p style=&quot;margin-bottom: 0.35cm&quot;&gt;\r\n	Caiman Ambrogio L300 Carbon рассчитан на уборку участков площадью до 6 км.&lt;/p&gt;\r\n&lt;p style=&quot;margin-top: 0px; margin-bottom: 0px; color: rgb(0, 0, 0); font-family: Arial, Helvetica, sans-serif;&quot;&gt;\r\n	&lt;strong&gt;Комплектация&amp;nbsp;&lt;/strong&gt;&lt;strong&gt;робота-газонокосильщика Caiman Ambrogio L300 Carbon&lt;/strong&gt;:&lt;/p&gt;\r\n&lt;ul style=&quot;color: rgb(0, 0, 0); font-family: Arial, Helvetica, sans-serif;&quot;&gt;\r\n	&lt;li&gt;\r\n		робот Caiman L300 Carbon;&lt;/li&gt;\r\n	&lt;li&gt;\r\n		напольная зарядная база;&lt;/li&gt;\r\n	&lt;li&gt;\r\n		аккумуляторная батарея;&lt;/li&gt;\r\n	&lt;li&gt;\r\n		провод ограничитель периметра - 200 м,&lt;/li&gt;\r\n	&lt;li&gt;\r\n		колышки - 200 шт.,&lt;/li&gt;\r\n	&lt;li&gt;\r\n		гарантийный талон.&lt;/li&gt;\r\n&lt;/ul&gt;\r\n&lt;p style=&quot;margin-top: 0px; margin-bottom: 0px; color: rgb(0, 0, 0); font-family: Arial, Helvetica, sans-serif;&quot;&gt;\r\n	&lt;strong&gt;Гарантия&lt;/strong&gt;: 3 года&lt;/p&gt;\r\n', 'Робот-газонокосилка Caiman Ambrogio L300 Carbon', 'Робот-газонокосилка Caiman Ambrogio L300 Carbon', 'Робот-газонокосилка Caiman Ambrogio L300 Carbon', 'Робот-газонокосилка Caiman Ambrogio L300 Carbon', ''),
(198, 1, 'Робот-газонокосилка Wiper Blitz X', '&lt;p style=&quot;margin-bottom: 0.35cm&quot;&gt;\r\n	Робот-газонокосилка Wiper Blitz X – модель робота-газонокосилки низшей ценовой категории. За сравнительно небольшие деньги вы получите достаточно функциональное и компактное устройство без излишеств для систематической стрижки газона.&lt;/p&gt;\r\n&lt;p style=&quot;margin-bottom: 0.35cm&quot;&gt;\r\n	Модель разработана для стрижки газонов небольшой площади, поэтому окажется идеальным вариантом для владельцев загородных домов и садовых участков. Чтобы робот начал стричь газон, вам достаточно просто включить его и указать желаемую высоту стрижки.&lt;/p&gt;\r\n&lt;p style=&quot;margin-bottom: 0.35cm&quot;&gt;\r\n	Работы встроенного аккумулятора хватает на 3,5 часа автономной работы. Стоит отметить, что в комплекте стационарная база для зарядки батареи не поставляется. Однако столь долгое время работы от аккумулятора позволяет вполне обходиться и без док-станции.&lt;/p&gt;\r\n&lt;p style=&quot;margin-bottom: 0.35cm&quot;&gt;\r\n	Wiper Blitz X оснащен шестью датчиками для определения типа поверхности, датчиками подъема и безопасности, а также сенсором, предотвращающим падение робота с возвышенностей.&lt;/p&gt;\r\n&lt;p style=&quot;margin-bottom: 0.35cm&quot;&gt;\r\n	Полный привод позволяет газонокосилке осуществлять стрижку газона даже на неровных и труднодоступных поверхностях, а прорезиненный «бампер» смягчит случайное столкновение робота с встречающимися на пути препятствиями.&lt;/p&gt;\r\n&lt;p style=&quot;margin-bottom: 0.35cm&quot;&gt;\r\n	Wiper Blitz X поставляется в минимальной комплектации (сама косилка плюс аккумулятор) и имеет годовой срок гарантии.&lt;/p&gt;\r\n', 'Робот-газонокосилка Wiper Blitz X', 'Робот-газонокосилка Wiper Blitz X', 'Робот-газонокосилка Wiper Blitz X', 'Робот-газонокосилка Wiper Blitz X', ''),
(199, 1, 'Робот-газонокосилка Wiper Blitz XK', '&lt;p style=&quot;margin-bottom: 0.35cm&quot;&gt;\r\n	Робот-газонокосилка Blitz XK – еще одна модель нижней ценовой категории от итальянской компании Wiper. Как и все продукты, выпускаемые этим производителем, Blitz XK оснащен мощным аккумулятором емкостью в 6 Ач. Благодаря этой особенности, процесс стрижки газона происходит максимально быстро и полностью в автоматическом режиме.&lt;/p&gt;\r\n&lt;p style=&quot;margin-bottom: 0.35cm&quot;&gt;\r\n	Wiper Blitz XK способен единовременно обрабатывать до 800 квадратных метров газона. Трава состригается строго на одном уровне, независимо от типа поверхности лужайки. Даже если ваш участок имеет неровности, ямки или расположен под уклон, робот с помощью встроенных датчиков фиксирует эту информацию и выверяет остаточную высоту травинок. Срезаемая часть газона в виде мелких частичек оседает в прикорневой зоне лужайки, мульчируя и удобряя почву.&lt;/p&gt;\r\n&lt;p style=&quot;margin-bottom: 0.35cm&quot;&gt;\r\n	Робот способен передвигаться по участку без ограничительных проводов. Единственным кабелем, который иногда нужно будет прокладывать, является кабель, направляющий косилку к док-станции. Если в процессе работы заряд становится близким к критическому, Wiper Blitz XK с помощью сенсоров находит ведущий к станции провод и следует вдоль него. В то же время, если заряд батареи еще на довольно высоком уровне, робот как бы «не замечает» кабель.&lt;/p&gt;\r\n&lt;p style=&quot;margin-bottom: 0.35cm&quot;&gt;\r\n	Четко продуманная система перераспределения нагрузки (так называемая модуляция) следит за тем, чтобы скорость вращения режущего четырехлопастного ножа снижалась или, наоборот, увеличивалась в соответствии с типом поверхности. Это позволяет снизить энергопотребление и по максимуму увеличить срок службы аппарата.&lt;/p&gt;\r\n', 'Робот-газонокосилка Wiper Blitz XK', 'Робот-газонокосилка Wiper Blitz XK', 'Робот-газонокосилка Wiper Blitz XK', 'Робот-газонокосилка Wiper Blitz XK', ''),
(200, 1, 'Робот-газонокосилка Wiper Runner XKH', '&lt;p style=&quot;margin-bottom: 0.35cm&quot;&gt;\r\n	Робот Wiper Runner XKH – устройство премиум-класса, позволяющее вам забыть о том, что такое стрижка газона. Все работы косилка производит в автоматическом режиме по заданной программе. Функция отложенного старта дает возможность производить стрижку по расписанию, без контроля со стороны пользователя.&lt;/p&gt;\r\n&lt;p style=&quot;margin-bottom: 0.35cm&quot;&gt;\r\n	Задняя часть корпуса робота представляет собой панель управления. С помощью функциональных кнопок и ЖК-дисплея вы сможете четко запрограммировать работу Wiper Runner XKH вплоть до указания дней недели, часов и минут.&lt;/p&gt;\r\n&lt;p style=&quot;margin-bottom: 0.35cm&quot;&gt;\r\n	Среди других достоинств модели следует отметить бесшумность и долгое время работы без подзарядки. Отсутствие шума при стрижке объясняется наличием бесщеточных двигателей – новейшей разработки инженеров Wiper. Вы можете спокойно отдыхать буквально в паре метров от устройства и не замечать его присутствия.&lt;/p&gt;\r\n&lt;p style=&quot;margin-bottom: 0.35cm&quot;&gt;\r\n	После 6 часов работы косилке требуется подзарядка. Достаточно проложить направляющий к док-станции провод, и робот самостоятельно найдет дорогу к базе. После 3,5 часов зарядки Wiper Runner XKH вернется на газон и продолжит стрижку.&lt;/p&gt;\r\n&lt;p style=&quot;margin-bottom: 0.35cm&quot;&gt;\r\n	Помимо множества датчиков, помогающих роботу ориентироваться в пространстве, косилка имеет также датчик дождя. Если Wiper Runner XKH получает от сенсора информацию о том, что снаружи повышенная влажность, то он в целях безопасности не покидает пределов базы.&amp;nbsp;&lt;/p&gt;\r\n&lt;p style=&quot;margin-top: 0px; margin-bottom: 0px; color: rgb(0, 0, 0); font-family: Arial, Helvetica, sans-serif;&quot;&gt;\r\n	&lt;strong&gt;Комплектация&amp;nbsp;&lt;/strong&gt;&lt;strong&gt;робота-газонокосильщика Wiper Runner XKH&lt;/strong&gt;:&lt;/p&gt;\r\n&lt;ul style=&quot;color: rgb(0, 0, 0); font-family: Arial, Helvetica, sans-serif;&quot;&gt;\r\n	&lt;li&gt;\r\n		робот Wiper Runner XKH;&lt;/li&gt;\r\n	&lt;li&gt;\r\n		аккумуляторная батарея;&lt;/li&gt;\r\n	&lt;li&gt;\r\n		база для подзарядки;&lt;/li&gt;\r\n	&lt;li&gt;\r\n		направляющий провод;&lt;/li&gt;\r\n	&lt;li&gt;\r\n		колышки;&lt;/li&gt;\r\n	&lt;li&gt;\r\n		гарантийный талон.&lt;/li&gt;\r\n&lt;/ul&gt;\r\n&lt;p style=&quot;margin-top: 0px; margin-bottom: 0px; color: rgb(0, 0, 0); font-family: Arial, Helvetica, sans-serif;&quot;&gt;\r\n	&lt;strong&gt;Гарантия&lt;/strong&gt;: 1 год&lt;/p&gt;\r\n', 'Робот-газонокосилка Wiper Runner XKH', 'Робот-газонокосилка Wiper Runner XKH', 'Робот-газонокосилка Wiper Runner XKH', 'Робот-газонокосилка Wiper Runner XKH', ''),
(201, 1, 'Робот-газонокосилка Wiper One XH', '&lt;p style=&quot;margin-bottom: 0.35cm&quot;&gt;\r\n	Wiper One XH&lt;font color=&quot;#000000&quot;&gt;&amp;nbsp;– робот-газонокосилка премиум класса. В чем-то напоминая топовую модель &lt;/font&gt;&lt;a href=&quot;http://roboti.grishinmikhail.com/index.php?route=product/product&amp;amp;path=86_89&amp;amp;product_id=193&quot;&gt;Caiman Ambrogio L200&amp;nbsp;Evolution&lt;/a&gt;, &lt;span lang=&quot;en-US&quot;&gt;Wiper&lt;/span&gt; все же имеет свои особенности.&lt;/p&gt;\r\n&lt;p style=&quot;margin-bottom: 0.35cm&quot;&gt;\r\n	&lt;font color=&quot;#000000&quot;&gt;One XH способен обрабатывать сверхбольшие площади. Производитель называет цифру в 3,5 тысячи квадратных метров, и это с легкостью проверяется на практике. Непрерывно косилка может работать в течение 4 часов. Затем батареям требуется подзарядка. Робот отправляется на док-станцию и по окончании процесса зарядки самостоятельно возвращается на газон.&lt;/font&gt;&lt;/p&gt;\r\n&lt;p style=&quot;margin-bottom: 0.35cm&quot;&gt;\r\n	&lt;font color=&quot;#000000&quot;&gt;Ширина кошения составляет 36 сантиметров. Это не рекорд для косилки премиум-класса, но и не самый низкий результат. Острый нож с четырьмя лопастями, который не требует заточки и замены в течение всего сезона, гарантирует качественную стрижку газона в сухую погоду. В дождь Wiper One X косить не выезжает, руководствуясь данными датчика дождя. Это вполне оправданно, ведь в сырую погоду стрижка затруднена и может оказаться не вполне качественной в силу того что высота мокрой травы будет разной.&lt;/font&gt;&lt;/p&gt;\r\n&lt;p style=&quot;margin-bottom: 0.35cm&quot;&gt;\r\n	Робот способен ориентироваться на местности без ограничительного кабеля. Обнаружив на своем пути препятствие высотой более 10 сантиметров, &lt;font color=&quot;#000000&quot;&gt;Wiper One XH разворачивается и начинает стричь газон в другом направлении.&lt;/font&gt;&lt;/p&gt;\r\n&lt;p style=&quot;margin-top: 0px; margin-bottom: 0px; color: rgb(0, 0, 0); font-family: Arial, Helvetica, sans-serif;&quot;&gt;\r\n	&lt;strong&gt;Комплектация&amp;nbsp;&lt;/strong&gt;&lt;strong&gt;робота-газонокосильщика Wiper One XH&lt;/strong&gt;:&lt;/p&gt;\r\n&lt;ul style=&quot;color: rgb(0, 0, 0); font-family: Arial, Helvetica, sans-serif;&quot;&gt;\r\n	&lt;li&gt;\r\n		робот Wiper One XH;&lt;/li&gt;\r\n	&lt;li&gt;\r\n		аккумуляторная батарея;&lt;/li&gt;\r\n	&lt;li&gt;\r\n		база для подзарядки;&lt;/li&gt;\r\n	&lt;li&gt;\r\n		направляющий провод;&lt;/li&gt;\r\n	&lt;li&gt;\r\n		колышки;&lt;/li&gt;\r\n	&lt;li&gt;\r\n		гарантийный талон.&lt;/li&gt;\r\n&lt;/ul&gt;\r\n&lt;p style=&quot;margin-top: 0px; margin-bottom: 0px; color: rgb(0, 0, 0); font-family: Arial, Helvetica, sans-serif;&quot;&gt;\r\n	&lt;strong&gt;Гарантия&lt;/strong&gt;: 1 год&lt;/p&gt;\r\n', 'Робот-газонокосилка Wiper One XH', 'Робот-газонокосилка Wiper One XH', 'Робот-газонокосилка Wiper One XH', 'Робот-газонокосилка Wiper One XH', ''),
(202, 1, 'Робот-газонокосилка Husqvarna Automower 305', '&lt;p style=&quot;margin-bottom: 0.35cm&quot;&gt;\r\n	Husqvarna Automower 305 – отличная модель газонокосилки, идеально подходящая для стрижки небольших лужаек. Этот робот может обрабатывать до пятисот метров газона, не требуя от владельца постоянного контроля и, тем более, участия в процессе. Просто протяните кабель по периметру лужайки, закрепите его специальными колышками, поставляемыми в комплекте, и выберите программу стрижки. Все остальное умный помощник сделает сам.&lt;/p&gt;\r\n&lt;p style=&quot;margin-bottom: 0.35cm&quot;&gt;\r\n	Husqvarna Automower 305 снабжен аккумуляторной батареей, питаясь от которой, он сможет обрабатывать газон в течение 60 минут. Затем, если работа еще не завершена, косилка отправляется на зарядку. Специальный низковольтовый кабель направляет устройство прямо к док-станции. Зарядка производится в течение 3,5 часов.&lt;/p&gt;\r\n&lt;p style=&quot;margin-bottom: 0.35cm&quot;&gt;\r\n	Робот оснащен современной системой безопасности. Если корпус переворачивается, или косилка падает, ножи в ту же секунду останавливаются. Также на корпусе имеется специальная аварийная кнопка, отключающая движение режущих лопастей. Благодаря этой функции, вы можете быть спокойны за детей и животных, находящихся на газоне во время его стрижки.&lt;/p&gt;\r\n&lt;p style=&quot;margin-bottom: 0.35cm&quot;&gt;\r\n	При первом запуске робот попросит вас ввести защитный ПИН-код, который впоследствии исключит возможность случайного запуска устройства посторонними людьми или злоумышленниками.&lt;/p&gt;\r\n&lt;p style=&quot;margin-bottom: 0.35cm&quot;&gt;\r\n	Husqvarna Automower 305 поставляется в богатой стандартной комплектации, включающей в себя в том числе и зарядную станцию.&lt;/p&gt;\r\n&lt;p style=&quot;margin-top: 0px; margin-bottom: 0px; color: rgb(0, 0, 0); font-family: Arial, Helvetica, sans-serif;&quot;&gt;\r\n	&lt;strong&gt;Комплектация&amp;nbsp;&lt;/strong&gt;&lt;strong&gt;робота-газонокосильщика Husqvarna Automower 305&lt;/strong&gt;:&lt;/p&gt;\r\n&lt;ul style=&quot;color: rgb(0, 0, 0); font-family: Arial, Helvetica, sans-serif;&quot;&gt;\r\n	&lt;li&gt;\r\n		робот Husqvarna Automower 305;&lt;/li&gt;\r\n	&lt;li&gt;\r\n		зарядная станция;&lt;/li&gt;\r\n	&lt;li&gt;\r\n		винты для крепления зарядной станции&lt;/li&gt;\r\n	&lt;li&gt;\r\n		трансформатор&lt;/li&gt;\r\n	&lt;li&gt;\r\n		низковольтный кабель (10 м)&lt;/li&gt;\r\n	&lt;li&gt;\r\n		ограничительный провод (150 м)&lt;/li&gt;\r\n	&lt;li&gt;\r\n		фиксаторы (2х100 шт.)&lt;/li&gt;\r\n	&lt;li&gt;\r\n		клеммы&lt;/li&gt;\r\n	&lt;li&gt;\r\n		соединители для наращивания ограничительного провода&lt;/li&gt;\r\n	&lt;li&gt;\r\n		измерительная линейка&lt;/li&gt;\r\n	&lt;li&gt;\r\n		набор ножей (9 шт)&lt;/li&gt;\r\n	&lt;li&gt;\r\n		гарантийный талон.&lt;/li&gt;\r\n&lt;/ul&gt;\r\n&lt;p style=&quot;margin-top: 0px; margin-bottom: 0px; color: rgb(0, 0, 0); font-family: Arial, Helvetica, sans-serif;&quot;&gt;\r\n	&lt;strong&gt;Гарантия&lt;/strong&gt;: 2 года&lt;/p&gt;\r\n', 'Робот-газонокосилка Husqvarna Automower 305', 'Робот-газонокосилка Husqvarna Automower 305', 'Робот-газонокосилка Husqvarna Automower 305', 'Робот-газонокосилка Husqvarna Automower 305', ''),
(203, 1, 'Робот-газонокосилка Husqvarna Automower 220 AC', '&lt;p style=&quot;margin-bottom: 0cm; background-position: initial initial; background-repeat: initial initial;&quot;&gt;\r\n	Если вы являетесь счастливым обладателем шикарного газона общей площадью до 1800 квадратных метров и задумываетесь о том, какая газонокосилка сможет подстричь такой объем без подзарядки, вам обязательно стоить ознакомиться с особенностями косилки &lt;font color=&quot;#000000&quot;&gt;Automower 220 AC от компании Husqvarna.&lt;/font&gt;&lt;/p&gt;\r\n&lt;p style=&quot;margin-bottom: 0cm; background-position: initial initial; background-repeat: initial initial;&quot;&gt;\r\n	&amp;nbsp;&lt;/p&gt;\r\n&lt;p style=&quot;margin-bottom: 0cm; background-position: initial initial; background-repeat: initial initial;&quot;&gt;\r\n	Данная модель работает полностью в автоматическом режиме. Все, что требуется от пользователя – это задать программу стрижки: остаточную высоту состригаемой травы, площадь уборки и тип газона. Благодаря жидкокристаллическому дисплею, вы можете отслеживать актуальное состояние газонокосилки: считывать информацию об уровне заряда аккумулятора и об оставшемся времени уборки.&lt;/p&gt;\r\n&lt;p style=&quot;margin-bottom: 0cm; background-position: initial initial; background-repeat: initial initial;&quot;&gt;\r\n	&amp;nbsp;&lt;/p&gt;\r\n&lt;p style=&quot;margin-bottom: 0cm; background-position: initial initial; background-repeat: initial initial;&quot;&gt;\r\n	&lt;font color=&quot;#000000&quot;&gt;Automower 220 настолько мелко режет траву, что та, оседая в прикорневой части газона, одновременно служит удобрением. Три небольших ножа из нержавеющей стали, которыми оснащена модель, работают практически бесшумно и удивительно быстро. Вы можете спокойно отдыхать, находясь в непосредственной близости от робота и не улавливая надоедливого шума.&lt;/font&gt;&lt;/p&gt;\r\n&lt;p style=&quot;margin-bottom: 0cm; background-position: initial initial; background-repeat: initial initial;&quot;&gt;\r\n	&amp;nbsp;&lt;/p&gt;\r\n&lt;p style=&quot;margin-bottom: 0cm; background-position: initial initial; background-repeat: initial initial;&quot;&gt;\r\n	Для корректной работы &lt;font color=&quot;#000000&quot;&gt;Automower 220 требуется два направляющих провода. Они позволяют роботу быстро найти зарядную станцию, в случае если аккумулятор близок к разрядке. Дозарядка производится достаточно быстро, обычно занимая по времени до 45 минут. После этого робот возвращается и возобновляет стрижку с того места, где прервался на зарядку.&lt;/font&gt;&lt;/p&gt;\r\n&lt;p style=&quot;margin-bottom: 0cm; background-position: initial initial; background-repeat: initial initial;&quot;&gt;\r\n	&amp;nbsp;&lt;/p&gt;\r\n&lt;p style=&quot;margin-bottom: 0cm; background-position: initial initial; background-repeat: initial initial;&quot;&gt;\r\n	&lt;font color=&quot;#000000&quot;&gt;Интеллектуальная система навигации позволяет роботу распознавать препятствия, менять заданное направление и останавливать работу в тот момент, когда устройство переворачивается. Вдобавок ко всему газонокосилка оснащена защитным пин-кодом. Только владелец устройства, знающий верный код, сможет запустить робота.&lt;/font&gt;&lt;/p&gt;\r\n&lt;p style=&quot;margin-bottom: 0cm; background-position: initial initial; background-repeat: initial initial;&quot;&gt;\r\n	&amp;nbsp;&lt;/p&gt;\r\n&lt;p style=&quot;margin-bottom: 0cm; background-position: initial initial; background-repeat: initial initial;&quot;&gt;\r\n	&lt;font color=&quot;#000000&quot;&gt;Отличительной особенностью Husqvarna Automower 220 является возможность стрижки в дождь. Хотя стоит учесть, что в сырую погоду эффективность работы, естественно, снижается.&lt;/font&gt;&lt;/p&gt;\r\n&lt;p style=&quot;margin-bottom: 0cm; background-position: initial initial; background-repeat: initial initial;&quot;&gt;\r\n	&lt;strong style=&quot;color: rgb(0, 0, 0); font-family: Arial, Helvetica, sans-serif;&quot;&gt;Комплектация&amp;nbsp;&lt;/strong&gt;&lt;strong style=&quot;color: rgb(0, 0, 0); font-family: Arial, Helvetica, sans-serif;&quot;&gt;робота-газонокосильщика Husqvarna Automower 220 AC&lt;/strong&gt;&lt;span style=&quot;color: rgb(0, 0, 0); font-family: Arial, Helvetica, sans-serif;&quot;&gt;:&lt;/span&gt;&lt;/p&gt;\r\n&lt;ul style=&quot;color: rgb(0, 0, 0); font-family: Arial, Helvetica, sans-serif;&quot;&gt;\r\n	&lt;li&gt;\r\n		робот Husqvarna Automower 220 AC;&lt;/li&gt;\r\n	&lt;li&gt;\r\n		зарядная станция&lt;/li&gt;\r\n	&lt;li&gt;\r\n		колышки для крепления зарядной станции&lt;/li&gt;\r\n	&lt;li&gt;\r\n		трансформатор&lt;/li&gt;\r\n	&lt;li&gt;\r\n		низковольтный кабель (20 м)&lt;/li&gt;\r\n	&lt;li&gt;\r\n		ограничительный провод (250 м)&lt;/li&gt;\r\n	&lt;li&gt;\r\n		фиксаторы (2х100 шт.)&lt;/li&gt;\r\n	&lt;li&gt;\r\n		клеммы&lt;/li&gt;\r\n	&lt;li&gt;\r\n		соединители для наращивания ограничительного провода&lt;/li&gt;\r\n	&lt;li&gt;\r\n		измерительная линейка&lt;/li&gt;\r\n	&lt;li&gt;\r\n		набор ножей (9 шт)&lt;/li&gt;\r\n	&lt;li&gt;\r\n		гарантийный талон.&lt;/li&gt;\r\n&lt;/ul&gt;\r\n&lt;p style=&quot;margin-top: 0px; margin-bottom: 0px; color: rgb(0, 0, 0); font-family: Arial, Helvetica, sans-serif;&quot;&gt;\r\n	&lt;strong&gt;Гарантия&lt;/strong&gt;: 2 года&lt;/p&gt;\r\n', 'Робот-газонокосилка Husqvarna Automower 220 AC', 'Робот-газонокосилка Husqvarna Automower 220 AC', 'Робот-газонокосилка Husqvarna Automower 220 AC', 'Робот-газонокосилка Husqvarna Automower 220 AC', ''),
(204, 1, 'Робот-газонокосилка Husqvarna Automower 230 ACX', '&lt;p style=&quot;margin-top: 0.49cm; margin-bottom: 0.49cm&quot;&gt;\r\n	Husqvarna Automower 230 ACX – одна из лучших моделей роботов-газонокосилок. Своим качеством и функциональностью она дает фору многим другим косилкам примерно той же ценовой категории.&lt;/p&gt;\r\n&lt;p style=&quot;margin-top: 0.49cm; margin-bottom: 0.49cm&quot;&gt;\r\n	Automower 230 ACX предназначена для стрижки газонов, площадь которых доходит до 3 километров. Во многом напоминая своего младшего собрата, 220 АС, эта модель более успешно осуществляет стрижку травы на неровных поверхностях. Легко определяя все кочки и возвышенности, она оставляет идеальную длину травинок, заданную пользователем.&lt;/p&gt;\r\n&lt;p style=&quot;margin-top: 0.49cm; margin-bottom: 0.49cm&quot;&gt;\r\n	Automower 230 ACX имеет современный &lt;span lang=&quot;en-US&quot;&gt;slim&lt;/span&gt;-дизайн, а также оснащен жидкокристаллическим дисплеем с подсветкой. Косилка работает настолько бесшумно, что вы сможете отдыхать, находясь в непосредственной близости от нее.&lt;/p&gt;\r\n&lt;p style=&quot;margin-top: 0.49cm; margin-bottom: 0.49cm&quot;&gt;\r\n	Функция «таймер» окажется особенно полезной для тех, кто хочет поддерживать порядок на участке, находясь при этом далеко. Установив желаемое время, вы можете быть уверены в том, что робот выполнит задание по стрижке газона, даже если идет дождь.&lt;/p&gt;\r\n&lt;p style=&quot;margin-top: 0.49cm; margin-bottom: 0.49cm&quot;&gt;\r\n	Газонокосилка отличается чрезвычайно низким электропотреблением и вдобавок ко всему обладает функцией автоматической зарядки. Когда аккумулятор разряжается, Husqvarna Automower 230 ACX следует на стационарную базу.&lt;/p&gt;\r\n&lt;p style=&quot;margin-top: 0.49cm; margin-bottom: 0.49cm&quot;&gt;\r\n	Режущая часть косилки представлена набором острых ножей из крепкой углеродной стали. Поэтому робот срезает не только газонную траву, но и твердые стебли растений. Особая система стрижки предотвращает зарастание газона мхом.&lt;/p&gt;\r\n&lt;p style=&quot;margin-top: 0.49cm; margin-bottom: 0.49cm&quot;&gt;\r\n	Если ваш газон имеет большую площадь и достаточно неровную поверхность, то вы можете попросить продавца доукомплектовать стандартный установочный пакет дополнительными предметами.&lt;/p&gt;\r\n&lt;p style=&quot;margin-top: 0px; margin-bottom: 0px; color: rgb(0, 0, 0); font-family: Arial, Helvetica, sans-serif;&quot;&gt;\r\n	&lt;strong&gt;Комплектация&amp;nbsp;&lt;/strong&gt;&lt;strong&gt;робота-газонокосильщика Husqvarna Automower 230 ACX&lt;/strong&gt;:&lt;/p&gt;\r\n&lt;ul style=&quot;color: rgb(0, 0, 0); font-family: Arial, Helvetica, sans-serif;&quot;&gt;\r\n	&lt;li&gt;\r\n		робот Husqvarna 230 ACX;&lt;/li&gt;\r\n	&lt;li&gt;\r\n		зарядная станция&lt;/li&gt;\r\n	&lt;li&gt;\r\n		колышки для крепления зарядной станции&lt;/li&gt;\r\n	&lt;li&gt;\r\n		трансформатор&lt;/li&gt;\r\n	&lt;li&gt;\r\n		низковольтный кабель (20 м)&lt;/li&gt;\r\n	&lt;li&gt;\r\n		ограничительный провод (400 м)&lt;/li&gt;\r\n	&lt;li&gt;\r\n		фиксаторы (4х100 шт.)&lt;/li&gt;\r\n	&lt;li&gt;\r\n		клеммы&lt;/li&gt;\r\n	&lt;li&gt;\r\n		соединители для сращивания ограничительного провода&lt;/li&gt;\r\n	&lt;li&gt;\r\n		измерительная линейка&lt;/li&gt;\r\n	&lt;li&gt;\r\n		набор ножей (9 шт)&lt;/li&gt;\r\n	&lt;li&gt;\r\n		гарантийный талон.&lt;/li&gt;\r\n&lt;/ul&gt;\r\n&lt;p style=&quot;margin-top: 0px; margin-bottom: 0px; color: rgb(0, 0, 0); font-family: Arial, Helvetica, sans-serif;&quot;&gt;\r\n	&lt;strong&gt;Гарантия&lt;/strong&gt;: 2 года&lt;/p&gt;\r\n', 'Робот-газонокосилка Husqvarna Automower 230 ACX', 'Робот-газонокосилка Husqvarna Automower 230 ACX', 'Робот-газонокосилка Husqvarna Automower 230 ACX', 'Робот-газонокосилка Husqvarna Automower 230 ACX', ''),
(205, 1, 'Робот-газонокосилка Husqvarna Automower 265 ACX', '&lt;p style=&quot;margin-bottom: 0.35cm&quot;&gt;\r\n	Husqvarna Automower 265 ACX – робот-газонокосилка для полупрофессионального использования. С его помощью вы сможете качественно обработать прилегающие к бизнес-центрам газоны, лужайки для гольфа, места отдыха на территориях отелей. Общая площадь, которую робот может единовременно обрабатывать, составляет около 6000 квадратных метров.&lt;/p&gt;\r\n&lt;p style=&quot;margin-bottom: 0.35cm&quot;&gt;\r\n	Устройство косилки таково, что требует минимум участия со стороны человека в процессе стрижки. Вы просто прокладываете по периметру ограничительный кабель и задаете желаемые параметры обработки газона. Все остальное Husqvarna Automower 265 ACX делает самостоятельно, в том числе автоматически отправляется на станцию для подзарядки.&lt;/p&gt;\r\n&lt;p style=&quot;margin-bottom: 0.35cm&quot;&gt;\r\n	Взяв за основу &lt;font color=&quot;#000000&quot;&gt;&amp;nbsp;&lt;/font&gt;&lt;font color=&quot;#000000&quot;&gt;Automower 260, инженеры улучшили и доработали эту модель. &lt;/font&gt;Automower 265 ACX имеет более емкую аккумуляторную батарею, более мощный мотор и стабильно работает даже в стрессовых погодных условиях (даже при &lt;font color=&quot;#000000&quot;&gt;30°C и выше). Улучшенная интеллектуальна система позволяет «привязать» устройство к мобильному телефону. Впоследствии при возникновении сбоев в работе косилка мгновенно отправит владельцу &lt;/font&gt;&lt;font color=&quot;#000000&quot;&gt;&lt;span lang=&quot;en-US&quot;&gt;SMS&lt;/span&gt;&lt;/font&gt;&lt;font color=&quot;#000000&quot;&gt;-сообщение. &lt;/font&gt;&lt;/p&gt;\r\n&lt;p style=&quot;margin-bottom: 0.35cm&quot;&gt;\r\n	&lt;font color=&quot;#000000&quot;&gt;Деятельность робота абсолютно безвредна для окружающей среды. Отсутствие выхлопов и бесшумность позволяет использовать устройство на территории больниц и домов отдыха.&lt;/font&gt;&lt;/p&gt;\r\n&lt;p style=&quot;margin-bottom: 0.35cm&quot;&gt;\r\n	Husqvarna Automower 265 ACX оснащен богатой стандартной комплектацией: помимо самого аппарата вы обнаружите ограничительный кабель и удлинители к нему, зарядную станцию и колышки для ее крепления, трансформатор, клеммы, измерительную линейку и набор ножей.&lt;/p&gt;\r\n&lt;p style=&quot;margin-top: 0px; margin-bottom: 0px; color: rgb(0, 0, 0); font-family: Arial, Helvetica, sans-serif;&quot;&gt;\r\n	&lt;strong&gt;Комплектация&amp;nbsp;&lt;/strong&gt;&lt;strong&gt;робота-газонокосильщика Husqvarna Automower 265 ACX&lt;/strong&gt;:&lt;/p&gt;\r\n&lt;ul style=&quot;color: rgb(0, 0, 0); font-family: Arial, Helvetica, sans-serif;&quot;&gt;\r\n	&lt;li&gt;\r\n		робот Husqvarna Automower 265 ACX;&lt;/li&gt;\r\n	&lt;li&gt;\r\n		зарядная станция&lt;/li&gt;\r\n	&lt;li&gt;\r\n		колышки для крепления зарядной станции&lt;/li&gt;\r\n	&lt;li&gt;\r\n		трансформатор&lt;/li&gt;\r\n	&lt;li&gt;\r\n		низковольтный кабель (20 м)&lt;/li&gt;\r\n	&lt;li&gt;\r\n		клеммы&lt;/li&gt;\r\n	&lt;li&gt;\r\n		соединители для наращивания ограничительного провода&lt;/li&gt;\r\n	&lt;li&gt;\r\n		измерительная линейка&lt;/li&gt;\r\n	&lt;li&gt;\r\n		набор ножей (30 шт)&lt;/li&gt;\r\n	&lt;li&gt;\r\n		гарантийный талон.&lt;/li&gt;\r\n&lt;/ul&gt;\r\n&lt;p style=&quot;margin-top: 0px; margin-bottom: 0px; color: rgb(0, 0, 0); font-family: Arial, Helvetica, sans-serif;&quot;&gt;\r\n	&lt;strong&gt;Гарантия&lt;/strong&gt;: 2 года&lt;/p&gt;\r\n', 'Робот-газонокосилка Husqvarna Automower 265 ACX', 'Робот-газонокосилка Husqvarna Automower 265 ACX', 'Робот-газонокосилка Husqvarna Automower 265 ACX', 'Робот-газонокосилка Husqvarna Automower 265 ACX', '');
INSERT INTO `product_description` (`product_id`, `language_id`, `name`, `description`, `meta_description`, `meta_keyword`, `seo_title`, `seo_h1`, `meta_title`) VALUES
(206, 1, 'Робот-газонокосилка Husqvarna Automower Solar Hybrid', '&lt;p style=&quot;margin-bottom: 0.35cm&quot;&gt;\r\n	Шведская компания Husqvarna, разрабатывающая «умную» технику для дома и сада, снова готова удивить ценителей технического прогресса. Инженерами компании разработана первая газонокосилка Automower Solar Hybrid, работающая от энергии солнечных батарей.&lt;/p&gt;\r\n&lt;p style=&quot;margin-bottom: 0.35cm&quot;&gt;\r\n	Отсек с батареями, восприимчивыми к солнечному свету, располагается верхней части корпуса. В ясную погоду косилку можно использовать для обработки любой площади газона. Если же на улице пасмурно, заряда встроенных батарей хватит для стрижки примерно 2200 квадратных метров или на 60 минут. Затем робот отправляется на подзарядку. Наличие двух источников питания делает эту модель совершенно уникальной, снижая энергопотребление до минимума.&lt;/p&gt;\r\n&lt;p style=&quot;margin-bottom: 0.35cm&quot;&gt;\r\n	&lt;span lang=&quot;en-US&quot;&gt;Husqvarna&lt;/span&gt; &lt;span lang=&quot;en-US&quot;&gt;Automower&lt;/span&gt; &lt;span lang=&quot;en-US&quot;&gt;Solar&lt;/span&gt; &lt;span lang=&quot;en-US&quot;&gt;Hybrid&lt;/span&gt; оснащен встроенным &lt;span lang=&quot;en-US&quot;&gt;GSM&lt;/span&gt;-модулем. Эта функция позволяет управлять роботом с помощью обычного мобильного телефона. В свою очередь, обо всех неполадках в работе косилка также будет сообщать пользователю посредством &lt;span lang=&quot;en-US&quot;&gt;sms&lt;/span&gt;-сообщений. Такая обратная связь позволяет полностью контролировать процесс работы газонокосилки, а также быстро реагировать, не допуская простоев в работе.&lt;/p&gt;\r\n&lt;p style=&quot;margin-bottom: 0.35cm&quot;&gt;\r\n	Косилка отличается устойчивостью у неблагоприятным погодным условиям, поэтому способна работать круглые сутки и в дождь, и в жару. Вы можете не беспокоиться о красоте газона в течение всего сезона.&lt;/p&gt;\r\n&lt;p style=&quot;margin-bottom: 0.35cm&quot;&gt;\r\n	Система защиты устройства ПИН-кодом исключит возможность несанкционированного запуска косилки детьми или злоумышленниками.&lt;/p&gt;\r\n&lt;p style=&quot;margin-top: 0px; margin-bottom: 0px; color: rgb(0, 0, 0); font-family: Arial, Helvetica, sans-serif;&quot;&gt;\r\n	&lt;strong&gt;Комплектация&amp;nbsp;&lt;/strong&gt;&lt;strong&gt;робота-газонокосильщика Husqvarna Automower Solar Hybrid&lt;/strong&gt;:&lt;/p&gt;\r\n&lt;ul style=&quot;color: rgb(0, 0, 0); font-family: Arial, Helvetica, sans-serif;&quot;&gt;\r\n	&lt;li&gt;\r\n		робот Husqvarna Automower Solar Hybrid;&lt;/li&gt;\r\n	&lt;li&gt;\r\n		зарядная станция&lt;/li&gt;\r\n	&lt;li&gt;\r\n		колышки для крепления зарядной станции&lt;/li&gt;\r\n	&lt;li&gt;\r\n		трансформатор&lt;/li&gt;\r\n	&lt;li&gt;\r\n		низковольтный кабель (20 м)&lt;/li&gt;\r\n	&lt;li&gt;\r\n		ограничительный провод (250 м)&lt;/li&gt;\r\n	&lt;li&gt;\r\n		фиксаторы (2х100 шт.)&lt;/li&gt;\r\n	&lt;li&gt;\r\n		клеммы&lt;/li&gt;\r\n	&lt;li&gt;\r\n		соединители для наращивания ограничительного провода&lt;/li&gt;\r\n	&lt;li&gt;\r\n		измерительная линейка&lt;/li&gt;\r\n	&lt;li&gt;\r\n		набор ножей (9 шт)&lt;/li&gt;\r\n	&lt;li&gt;\r\n		гарантийный талон.&lt;/li&gt;\r\n&lt;/ul&gt;\r\n&lt;p style=&quot;margin-top: 0px; margin-bottom: 0px; color: rgb(0, 0, 0); font-family: Arial, Helvetica, sans-serif;&quot;&gt;\r\n	&lt;strong&gt;Гарантия&lt;/strong&gt;: 2 года&lt;/p&gt;\r\n', 'Робот-газонокосилка Husqvarna Automower Solar Hybrid', 'Робот-газонокосилка Husqvarna Automower Solar Hybrid', 'Робот-газонокосилка Husqvarna Automower Solar Hybrid', 'Робот-газонокосилка Husqvarna Automower Solar Hybrid', ''),
(207, 1, 'Робот пылесос Clever&amp;Clean Z10 Black Diamond', '&lt;p&gt;\r\n	Робот пылесос для вашего дома с сенсорным управлением на корпусе и с пультом дистанционного управления. В комплекте прилагается виртуальная стена ограничитель, которая позволяет ограничивать территорию уборки роботом.&amp;nbsp;&lt;/p&gt;\r\n', 'Робот пылесос Clever&amp;Clean Z10 Black Diamond для вашего дома', 'куплить робот пылесос, купить Clever&amp;Clean, Clever&amp;Clean Z10', 'купить робот пылесос Clever&amp;Clean Z10 Black Diamond', 'Робот пылесос Clever&amp;Clean Z10 Black Diamond', '');

-- --------------------------------------------------------

--
-- Структура таблицы `product_discount`
--

CREATE TABLE IF NOT EXISTS `product_discount` (
  `product_discount_id` int(11) NOT NULL AUTO_INCREMENT,
  `product_id` int(11) NOT NULL,
  `customer_group_id` int(11) NOT NULL,
  `quantity` int(4) NOT NULL DEFAULT '0',
  `priority` int(5) NOT NULL DEFAULT '1',
  `price` decimal(15,4) NOT NULL DEFAULT '0.0000',
  `date_start` date NOT NULL DEFAULT '0000-00-00',
  `date_end` date NOT NULL DEFAULT '0000-00-00',
  PRIMARY KEY (`product_discount_id`),
  KEY `product_id` (`product_id`)
) ENGINE=MyISAM  DEFAULT CHARSET=utf8 AUTO_INCREMENT=461 ;

--
-- Дамп данных таблицы `product_discount`
--

INSERT INTO `product_discount` (`product_discount_id`, `product_id`, `customer_group_id`, `quantity`, `priority`, `price`, `date_start`, `date_end`) VALUES
(460, 92, 1, 0, 0, 19600.0000, '2014-04-06', '2014-04-26');

-- --------------------------------------------------------

--
-- Структура таблицы `product_image`
--

CREATE TABLE IF NOT EXISTS `product_image` (
  `product_image_id` int(11) NOT NULL AUTO_INCREMENT,
  `product_id` int(11) NOT NULL,
  `image` varchar(255) DEFAULT NULL,
  `sort_order` int(3) NOT NULL DEFAULT '0',
  PRIMARY KEY (`product_image_id`)
) ENGINE=MyISAM  DEFAULT CHARSET=utf8 AUTO_INCREMENT=6552 ;

--
-- Дамп данных таблицы `product_image`
--

INSERT INTO `product_image` (`product_image_id`, `product_id`, `image`, `sort_order`) VALUES
(6078, 50, 'data/butterfly (3).jpg', 0),
(6077, 50, 'data/butterfly (2).jpg', 0),
(6076, 50, 'data/butterfly (1).jpg', 0),
(5248, 54, 'data/irobotroomba531 (1).jpg', 0),
(4770, 51, 'data/irobot_roomba_564 (3).png', 0),
(4769, 51, 'data/irobot_roomba_564 (5).png', 0),
(4767, 51, 'data/irobot roomba 564 pet 3.jpg', 0),
(4768, 51, 'data/irobot_roomba_564 (10).jpg', 0),
(4766, 51, 'data/irobot_roomba_564 (8).jpg', 0),
(4765, 51, 'data/irobot_roomba_564 (9).jpg', 0),
(5149, 52, 'data/irobot_roomba_780 (1).jpg', 0),
(5148, 52, 'data/irobot_roomba_780 (3).jpg', 0),
(5147, 52, 'data/irobot_roomba_780 (4).jpg', 0),
(5247, 54, 'data/irobotroomba531 (2).jpg', 0),
(5246, 54, 'data/irobotroomba531 (3).jpg', 0),
(5245, 54, 'data/irobotroomba531 (4).jpg', 0),
(5040, 55, 'data/irobot_roomba_581 (6).jpg', 0),
(6224, 57, 'data/irobot_scooba_385 (2).jpg', 0),
(5039, 55, 'data/irobot_roomba_581 (5).JPG', 0),
(5038, 55, 'data/irobot_roomba_581 (4).JPG', 0),
(5037, 55, 'data/irobot_roomba_581 (3).jpg', 0),
(5036, 55, 'data/irobot_roomba_581 (2).JPG', 0),
(5035, 55, 'data/irobot_roomba_581 (1).jpeg', 0),
(5168, 56, 'data/irobot_roomba_770 (5).jpg', 0),
(5167, 56, 'data/irobot_roomba_770 (4).jpg', 0),
(5166, 56, 'data/irobot_roomba_770 (3).JPG', 0),
(5165, 56, 'data/irobot_roomba_770 (2).jpg', 0),
(6223, 57, 'data/irobot_scooba_385 (3).jpg', 0),
(6222, 57, 'data/irobot_scooba_385 (4).jpg', 0),
(6221, 57, 'data/irobot_scooba_385 (5).jpg', 0),
(6220, 57, 'data/irobot_scooba_385 (6).jpg', 0),
(5002, 58, 'data/ecovacs_deebot_d_56 (4).jpg', 0),
(5001, 58, 'data/ecovacs_deebot_d_56 (3).jpg', 0),
(5000, 58, 'data/ecovacs_deebot_d_56 (2).jpg', 0),
(4999, 58, 'data/ecovacs_deebot_d_56 (1).png', 0),
(4998, 58, 'data/ecovacs_deebot_d_56 (1).jpeg', 0),
(4615, 59, 'data/ecovacs_deebot_D58 (6).jpg', 0),
(4614, 59, 'data/ecovacs_deebot_D58 (5).jpg', 0),
(4613, 59, 'data/ecovacs_deebot_D58 (4).jpg', 0),
(4612, 59, 'data/ecovacs_deebot_D58 (3).jpg', 0),
(4611, 59, 'data/ecovacs_deebot_D58 (2).jpg', 0),
(6095, 60, 'data/1toy_helicopter_gyro601 (2).jpg', 0),
(6094, 60, 'data/1toy_helicopter_gyro601 (3).jpg', 0),
(6093, 60, 'data/1toy_helicopter_gyro601 (4).jpg', 0),
(4840, 61, 'data/irobot_roomba_555 (1).jpg', 0),
(4839, 61, 'data/irobot_roomba_555 (5).jpg', 0),
(5209, 62, 'data/karcher_rc_3000_robocleaner (5).jpg', 0),
(5208, 62, 'data/karcher_rc_3000_robocleaner (4).jpg', 0),
(5207, 62, 'data/karcher_rc_3000_robocleaner (3).jpg', 0),
(5206, 62, 'data/karcher_rc_3000_robocleaner (2).jpg', 0),
(5205, 62, 'data/karcher_rc_3000_robocleaner (1).jpg', 0),
(5130, 154, 'data/roomba620/Roomba-620-4.jpg', 0),
(5254, 65, 'data/irobot_roomba_521 (2).jpg', 0),
(5253, 65, 'data/irobot_roomba_521 (3).jpg', 0),
(6075, 50, 'data/778592462 (2).jpg', 0),
(6074, 50, 'data/778592462 (3).jpg', 0),
(6073, 50, 'data/778592462 (1).jpg', 0),
(6216, 67, 'data/irobot_verro_300 (6).jpg', 0),
(6215, 67, 'data/irobot_verro_300 (5).jpg', 0),
(6214, 67, 'data/irobot_verro_300 (4).jpg', 0),
(6213, 67, 'data/irobot_verro_300 (3).jpg', 0),
(6212, 67, 'data/irobot_verro_300 (2).jpg', 0),
(5275, 68, 'data/lg_hom_bot (1).jpeg', 0),
(5274, 68, 'data/lg_hom_bot (2).jpeg', 0),
(5273, 68, 'data/lg_hom_bot (2).jpg', 0),
(5272, 68, 'data/lg_hom_bot (3).jpg', 0),
(6084, 69, 'data/hexbug_baggi (1).jpg', 0),
(6083, 69, 'data/hexbug_baggi (2).jpg', 0),
(6104, 105, 'data/parrot/parrot_ar.drone_color18.jpg', 0),
(6103, 105, 'data/parrot/parrot_AR.Drone_01_small.jpg', 0),
(4650, 73, 'data/d73/444-500x500.jpg', 0),
(4649, 73, 'data/d73/666-500x500.jpg', 0),
(4648, 73, 'data/d73/EcoD73_9-700x700.jpg', 0),
(4647, 73, 'data/d73/d73_1-500x500.jpg', 0),
(4646, 73, 'data/d73/D73Musik3.jpg', 0),
(5021, 74, 'data/d76/08.jpg', 0),
(5020, 74, 'data/d76/0210_ecovacs_deepoo_d76_14_1.jpg', 0),
(5019, 74, 'data/d76/3_r1_c1.jpg', 0),
(5018, 74, 'data/d76/Rumsauer-Deebot-D76.jpg', 0),
(5017, 74, 'data/d76/DeebotD76schraeg.jpg', 0),
(5016, 74, 'data/d76/Deepoo_D73-2-.png', 0),
(5263, 78, 'data/BSR 1283/1997_0.jpg', 0),
(5264, 78, 'data/BSR 1283/aspirateur-robot-clatronic-bsr-1283-gris-et-noir.jpg', 0),
(5129, 154, 'data/roomba620/Roomba_620-zaryadka.jpg', 0),
(6219, 149, 'data/scooba230/irobot-scooba-230.jpg', 1),
(5442, 79, 'data/roomy silver/2-63-thickbox.jpg', 0),
(5441, 79, 'data/roomy silver/2-61-thickbox.jpg', 0),
(5440, 79, 'data/roomy silver/15150cf312a5d6ea239a66800eacfb94.jpeg', 0),
(5439, 79, 'data/roomy silver/robzone-roomy-silver-dog-3-21-09-2011.1200x1600.jpg', 0),
(5437, 79, 'data/roomy silver/roomy_silver-5.jpg', 0),
(5438, 79, 'data/roomy silver/789075964-500x500.jpg', 0),
(5185, 87, 'data/XV-21/Neato-XV-21_01.jpg', 0),
(5434, 80, 'data/Roomy Gold/1-500x500.jpg', 0),
(5435, 80, 'data/Roomy Gold/3-500x500.jpg', 0),
(5225, 86, 'data/XV-11/$(KGrHqJ,!hQE7R7cG8qNBO2tHtg5og~~60_3-500x500.JPG', 0),
(5227, 86, 'data/XV-11/231_4-500x500.jpg', 0),
(5222, 86, 'data/XV-11/$(KGrHqV,!lEE6pthV22-BO2tHuL3ow~~60_3-500x500.JPG', 0),
(5223, 86, 'data/XV-11/$(KGrHqV,!okE63(r2NcwBO2tHtSHFQ~~60_3-500x500.JPG', 0),
(5433, 80, 'data/Roomy Gold/787501941-500x500.jpg', 0),
(5432, 80, 'data/Roomy Gold/2-500x500.jpg', 0),
(5431, 80, 'data/Roomy Gold/4-500x500.jpg', 0),
(5430, 80, 'data/Roomy Gold/177849.jpg', 0),
(5226, 86, 'data/XV-11/$(KGrHqV,!icE7BK7lU(HBO2tHu31Ew~~60_3.JPG', 0),
(5224, 86, 'data/XV-11/$(KGrHqR,!osE63YP0)2GBO2tHtoRKQ~~60_3-500x500.JPG', 0),
(5221, 86, 'data/XV-11/xv-11-4_1.jpg', 0),
(5186, 87, 'data/XV-21/289428-neato-xv-21-pet-allergy-automatic-vacuum-cleaner-top.jpg', 0),
(6218, 149, 'data/scooba230/scooba 230-1.JPG', 3),
(5184, 87, 'data/XV-21/neato-robot-vacuum-640x914.jpg', 0),
(5183, 87, 'data/XV-21/289430-neato-xv-21-pet-allergy-automatic-vacuum-cleaner-top.jpg', 0),
(6298, 90, 'data/Smart/iclebosmart-9.jpg', 0),
(6068, 153, 'no_image.jpg', 0),
(6297, 90, 'data/Smart/smart_edit_01_10.jpg', 0),
(6296, 90, 'data/Smart/iclebosmart-13.jpg', 0),
(6304, 88, 'data/iClebo Home/robot-pilesos.com_raz_01_13_10.jpg', 0),
(6303, 88, 'data/iClebo Home/big-1329563450.jpg', 0),
(6302, 88, 'data/iClebo Home/img2A-500x500.jpg', 0),
(6301, 88, 'data/iClebo Home/iclebo_home.jpg', 0),
(6295, 90, 'data/Smart/smart.jpg', 0),
(6294, 90, 'data/Smart/iclebosmart-2.jpg', 0),
(6293, 90, 'data/Smart/iclebosmart-17.jpg', 0),
(6217, 149, 'data/scooba230/scooba 230-2.jpg', 2),
(6067, 153, 'no_image.jpg', 0),
(6066, 153, 'no_image.jpg', 0),
(6545, 92, 'data/Arte/_________________4ff0554a579e3.jpg', 0),
(6544, 92, 'data/Arte/iclebo-arte.jpg', 0),
(6543, 92, 'data/Arte/iclebo_arte_03 (1)-500x500.jpg', 0),
(6542, 92, 'data/Arte/iclebo_arte_08 (1)-500x500.jpg', 0),
(5291, 93, 'data/Samsung/hjhj.jpg', 0),
(5292, 93, 'data/Samsung/Samsung-Navibot-SR-8855-Staubsaugerroboter-10.jpg', 0),
(5290, 93, 'data/Samsung/M20000775533_2.jpg', 0),
(5289, 93, 'data/Samsung/ua_VCR8855L3B-XFA_001_Front.jpeg', 0),
(5287, 93, 'data/Samsung/Samsung-Navibot-SR-8855-Staubsaugerroboter-14.jpg', 0),
(5288, 93, 'data/Samsung/Samsung-Navibot-SR-8855-Staubsaugerroboter-05.jpg', 0),
(6541, 92, 'data/Arte/108532211_570.jpg', 0),
(6331, 96, 'data/112/112.jpg', 0),
(5252, 94, 'data/Ё-робот/78673603_3_644x461_roboty-pylesosy-e-robot-smarti-pylesosy.jpg', 0),
(5251, 94, 'data/Ё-робот/1-500x500.jpg', 0),
(5249, 94, 'data/Ё-робот/3-500x500.jpg', 0),
(6330, 96, 'data/112/112 (2).jpg', 0),
(6329, 96, 'data/112/112 (3).jpg', 0),
(5271, 95, 'data/Arte/cle3ver-500x500.jpg', 0),
(4734, 97, 'data/a320/lrobot25_643x600.jpg', 0),
(4735, 97, 'data/2-500x500.jpg', 0),
(4733, 97, 'data/a320/lrobot24_734x600.jpg', 0),
(4732, 97, 'data/a320/lrobot20_701x600.jpg', 0),
(4731, 97, 'data/a320/lrobot28_608x600.jpg', 0),
(4730, 97, 'data/a320/1-500x500.jpg', 0),
(4729, 97, 'data/a320/lrobot39_524x600.jpg', 0),
(5250, 94, 'data/Ё-робот/2-500x500.jpg', 0),
(5204, 98, 'data/790/roomba 790.png', 0),
(5203, 98, 'data/790/roomba790b.jpg', 0),
(5202, 98, 'data/790/roomba790a-e1340898229626.jpg', 0),
(5201, 98, 'data/790/4-500x500.jpg', 0),
(5200, 98, 'data/790/Roomba_790_pult.jpg', 0),
(5258, 99, 'data/112/8954fe07af00ed53.jpeg', 0),
(5257, 99, 'data/112/9424fe07ae84653c.jpeg', 0),
(5256, 99, 'data/112/4654fe07ecc26fbd.jpeg', 0),
(5255, 99, 'data/112/1325.jpg', 0),
(5436, 79, 'data/roomy silver/2-62-thickbox.jpg', 0),
(6328, 96, 'data/112/112a.jpg', 0),
(5262, 102, 'data/ec-1/ec2/54815_0.jpg', 0),
(4593, 100, 'data/ec mini/189001.jpg', 0),
(4594, 100, 'data/ec mini/Agait_EC_Mini_Taille(1).jpg', 0),
(4595, 100, 'data/ec mini/Agait_EC_mini_dessous.jpg', 0),
(4592, 100, 'data/ec mini/gktk46g26x_2-750x500.jpg', 0),
(5269, 101, 'data/ec-1/pylesos_agait_1.jpg', 0),
(5270, 101, 'data/ec-1/pylesos_agait_5.jpg', 0),
(5268, 101, 'data/ec-1/agait-ec01-enhanced.jpg', 0),
(5267, 101, 'data/ec-1/AGAiT_EC01_Enhanced.jpg', 0),
(5266, 101, 'data/ec-1/AGAiT_EC01_Enhanced_105294_161015-500x500.jpg', 0),
(5260, 102, 'data/ec-1/ec2/54812_1.gif', 0),
(5261, 102, 'data/ec-1/ec2/agait-ec-02.jpg', 0),
(5259, 102, 'data/ec-1/ec2/54814_0.jpg', 0),
(5265, 101, 'data/ec-1/188989.jpg', 0),
(6072, 103, 'data/rovio/rovio-3.jpg', 0),
(6071, 103, 'data/rovio/rovio-2.jpg', 0),
(6070, 103, 'data/rovio/rovio-1.jpg', 0),
(6102, 105, 'data/parrot/parrot-ar-04_enl.jpg', 0),
(6101, 105, 'data/parrot/ar_drone_1.jpg', 0),
(6100, 105, 'data/parrot/parrot-ar-drone.jpg', 0),
(6099, 105, 'data/parrot/Parrot-AR-Drone-Teardown.jpg', 0),
(6098, 105, 'data/parrot/Parrot_AR.Drone_02_610x559.jpg', 0),
(6082, 106, 'data/Horizon/12653_4.jpg', 0),
(6081, 106, 'data/Horizon/original.jpg', 0),
(6080, 106, 'data/Horizon/12641_3.jpg', 0),
(6079, 106, 'data/Horizon/12641_2.jpg', 0),
(6091, 107, 'data/mindstorm/Llama by Fay Rhodes.jpg', 0),
(6090, 107, 'data/mindstorm/81F37twAPKL._AA1500_.jpg', 0),
(6089, 107, 'data/mindstorm/Lego-Mindstorms-NXT-2-0-Parts-List-1.jpg', 0),
(6087, 107, 'data/mindstorm/LEGO Mindstorms NXT 2.0 Pieces-500x500.jpg', 0),
(6088, 107, 'data/mindstorm/mindstorms_NXT2.jpg', 0),
(4801, 108, 'data/Nano/nanoorbit_group_950x950_enl.jpg', 0),
(4802, 108, 'data/Nano/hexbug_nano4.png', 0),
(6123, 109, 'data/ubot/IMAG0009.jpg', 0),
(6120, 110, 'data/sobot/DSC_0597.jpg', 0),
(6119, 110, 'data/sobot/1325187.jpeg', 0),
(5429, 80, 'data/Roomy Gold/808d22b1c294fad4614679f43af22265.jpeg', 0),
(6117, 111, 'data/RoboBuilder 5710K/Robobuilder-huno.jpg', 0),
(6065, 153, 'no_image.jpg', 0),
(6116, 111, 'data/RoboBuilder 5710K/IMG_5599.jpg', 0),
(6115, 111, 'data/RoboBuilder 5710K/IMG_5470.jpg', 0),
(6114, 111, 'data/RoboBuilder 5710K/IMG_5388.jpg', 0),
(6113, 111, 'data/RoboBuilder 5710K/robobuilder_spider.jpg', 0),
(6174, 112, 'data/Sony Rolly/sony_rolly_sep-50bt_3.jpg', 0),
(6173, 112, 'data/Sony Rolly/rolly5.jpg', 0),
(6172, 112, 'data/Sony Rolly/2b7e352_255_13179599974aa99c5a706f2740683238.jpg', 0),
(6128, 113, 'data/Bioloid Beginner Kit/beginnerkitparts.gif', 0),
(6127, 113, 'data/Bioloid Beginner Kit/Robotis-bioloid-beginner-kit-02.jpg', 0),
(6125, 113, 'data/Robotis-bioloid-beginner-kit-03-600x414-550x550.jpg', 0),
(6092, 114, 'data/Func HGR-44/DGL_Screen_Shot_2011-11-02_at_16.48.41_(3377).png', 0),
(6097, 115, 'data/Func HGR-44/0a5eddd8b2f6ae9f213419ab21f29438.jpg', 0),
(6096, 115, 'data/Func HGR-44/GYRO_PRO_________4caf1cedcd4cb.jpg', 0),
(6112, 116, 'data/Func HGR-44/pot-hunter.jpg', 0),
(6111, 116, 'data/Func HGR-44/pot-avoider.jpg', 0),
(6110, 116, 'data/Func HGR-44/mzl.qgntorhm.png', 0),
(6409, 117, 'data/Caiman/Caiman Ambrogio L50 Basic/Caiman Ambrogio L50 Basic.jpg', 0),
(6085, 118, 'data/IMG_0973-1024x682.jpg', 0),
(4744, 123, 'data/2Комлектующие/coord-600x600.jpg', 0),
(5153, 150, 'data/rydis-r750/rydis-pult.jpg', 0),
(5152, 150, 'data/rydis-r750/moneual_rydis_r750_24.jpg', 0),
(5151, 150, 'data/rydis-r750/moneual_rydis_r750_23.jpg', 0),
(5150, 150, 'data/rydis-r750/complect-rydis.jpg', 0),
(4464, 152, 'data/roomba-760/roomba 760.JPG', 0),
(4463, 152, 'data/roomba-760/iRobot Roomba 760 3 800.jpg', 0),
(4462, 152, 'data/roomba-760/roomba 760-2.jpg', 0),
(6107, 104, 'data/leopard/792078648 (1)-500x500.jpg', 0),
(6106, 104, 'data/leopard/792078648 (5)-500x500.jpg', 0),
(4803, 108, 'data/Nano/452_11_enl.jpg', 0),
(4804, 108, 'data/Nano/519382940_o.jpg', 0),
(5128, 154, 'data/roomba620/roomba-620-lestnica.jpg', 0),
(5127, 155, 'data/roomba630/roomba-630-uborka.jpg', 0),
(5126, 155, 'data/roomba630/roomba-630-komplekt.jpg', 0),
(5125, 155, 'data/roomba630/roomba-630-clean.jpg', 0),
(6300, 88, 'data/iClebo Home/imgF(1).jpg', 0),
(6540, 92, 'data/Arte/iclebo-arte2.jpg', 0),
(6539, 92, 'data/Arte/iclebo_arte_02-500x500.jpg', 0),
(6143, 163, 'data/Robotis Bioloid Beginner/beginnerkitparts.GIF', 0),
(6142, 163, 'data/Robotis Bioloid Beginner/Robotis-bioloid-beginner-kit-01-600x464.jpg', 0),
(6141, 163, 'data/Robotis Bioloid Beginner/7109405033_61e3283331_o.jpg', 0),
(6140, 163, 'data/Robotis Bioloid Beginner/Robotis-bioloid-beginner-kit-04-600x174.jpg', 0),
(6139, 163, 'data/Robotis Bioloid Beginner/7109404829_cb9a0e8874_o.jpg', 0),
(6138, 163, 'data/Robotis Bioloid Beginner/Robotis-bioloid-beginner-kit-02-600x486.jpg', 0),
(6137, 163, 'data/Robotis Bioloid Beginner/Robotis-bioloid-beginner-kit-03-600x414.jpg', 0),
(5973, 164, 'data/Bioloid Comprehensive/7109405033_61e3283331_o.jpg', 0),
(5972, 164, 'data/Bioloid Comprehensive/7109404511_fe585fd962_o.jpg', 0),
(5971, 164, 'data/Bioloid Comprehensive/bioloidlarge.jpg', 0),
(5970, 164, 'data/Bioloid Comprehensive/bioloid_advanced_02.jpg', 0),
(5969, 164, 'data/Bioloid Comprehensive/large_robotis-bioloid-projects.jpg', 0),
(5968, 164, 'data/Bioloid Comprehensive/2579079426_c448299b6f_b.jpg', 0),
(5967, 164, 'data/Bioloid Comprehensive/7109404829_cb9a0e8874_o.jpg', 0),
(5966, 164, 'data/Bioloid Comprehensive/large_Comprehensive.jpg', 0),
(5965, 164, 'data/Bioloid Comprehensive/robotis_05.jpg', 0),
(6037, 166, 'data/Biloloid Premium/0.jpg', 0),
(6036, 166, 'data/Biloloid Premium/Bioloid_01.jpg', 0),
(6035, 166, 'data/Biloloid Premium/Bioloid_03.jpg', 0),
(6034, 166, 'data/Biloloid Premium/Bioloid_04.jpg', 0),
(6032, 166, 'data/Biloloid Premium/Bioloid_06.jpg', 0),
(6033, 166, 'data/Biloloid Premium/Bioloid_05.jpg', 0),
(5977, 165, 'data/amperka/electronics.jpg', 0),
(5976, 165, 'data/amperka/lcd-amperka.jpg', 0),
(5975, 165, 'data/amperka/_17_04_13___2.jpg', 0),
(5974, 165, 'data/amperka/box.png', 0),
(6038, 166, 'data/Biloloid Premium/Bioloid_02.jpg', 0),
(6320, 168, 'data/Bioloid GP/bioloid_gp_05.jpg', 0),
(6318, 168, 'data/Bioloid GP/bioloid-GP-humanoid-programmable-robot-robotis-8.png', 0),
(6319, 168, 'data/Bioloid GP/bioloid_gp_02.jpg', 0),
(6317, 168, 'data/Bioloid GP/bioloid_gp_01.jpg', 0),
(6314, 168, 'data/Bioloid GP/gp_main.jpg', 0),
(6315, 168, 'data/Bioloid GP/Bioloid_04.jpg', 0),
(6316, 168, 'data/Bioloid GP/Bioloid_03.jpg', 0),
(5848, 170, 'data/CleverCleanZ10/Clever_and_Clean_Z10_Color_Orange_406627.jpg', 0),
(6307, 171, 'data/1qa-500x500.jpg', 0),
(5838, 169, 'data/CleverCleanZ10/5.png', 2),
(5837, 169, 'data/CleverCleanZ10/fbb72d3444171789f243e2145eb1deb8.png', 3),
(5836, 169, 'data/CleverCleanZ10/CleverClean_Z10_2.jpg', 4),
(6313, 168, 'data/Bioloid GP/0000364_400.jpeg', 0),
(5847, 170, 'data/CleverCleanZ10/Clever_and_Clean_Z10_Color_Red_406665.jpg', 0),
(5845, 170, 'data/CleverCleanZ10/fbb72d3444171789f243e2145eb1deb8.png', 0),
(5846, 170, 'data/CleverCleanZ10/5.png', 0),
(5844, 170, 'data/CleverCleanZ10/CleverClean_Z10_2.jpg', 0),
(6069, 103, 'data/rovio/38.jpg', 0),
(6086, 107, 'data/mindstorm/Lego_Mindstorms_NXT_2.0_Roboter-_Ansicht_rechts.JPG', 0),
(6129, 113, 'data/Robotis-bioloid-beginner-kit-01-600x464-550x550.jpg', 0),
(6126, 113, 'data/Bioloid Beginner Kit/crocodilemouth.jpg', 0),
(6108, 104, 'data/leopard/1224225649970.jpg', 0),
(6105, 104, 'data/leopard/leopardtank800w.jpg', 0),
(6122, 109, 'data/ubot/tech1_584_342.jpg', 0),
(6118, 110, 'data/sobot/566107-tomy-i-sobot-radio-control-l.jpg', 0),
(6312, 168, 'data/Bioloid GP/bioloid_gp_06.jpg', 0),
(6124, 113, 'data/Bioloid Beginner Kit/robotis-bioloid-beginner-kit-detail.jpg', 0),
(6144, 163, 'data/bioloid_begin2-550x550.jpg', 0),
(6109, 104, 'data/leopard/leopardtank2_800w.jpg', 0),
(6121, 110, 'data/sobot/IMG_8418big.jpg', 0),
(6164, 172, 'data/1.jpg', 0),
(6163, 172, 'data/1 (2).jpg', 0),
(6162, 172, 'data/1 (1).jpg', 0),
(6161, 172, 'data/0000318_400.jpeg', 0),
(6165, 172, 'data/OLLO_Action.jpg', 0),
(6171, 112, 'data/Sony Rolly/blackROLLY@.jpg', 0),
(6175, 112, 'data/Sony Rolly/324e88b11e6f622cb751ebb8e3966efd.jpg', 0),
(6211, 173, 'data/Robotis OLLO Figure/1[1].jpg', 0),
(6210, 173, 'data/Robotis OLLO Figure/razvivayushhij-konstruktor-robotis-ollo-figure-1355400843-4[1].jpg', 0),
(6209, 173, 'data/Robotis OLLO Figure/ollo1.jpg', 0),
(6191, 174, 'data/Robotis OLLO Starter/1[1].jpg', 0),
(6192, 174, 'data/Robotis OLLO Starter/1[1].jpg', 0),
(6193, 174, 'data/Robotis OLLO Starter/1[1].jpg', 0),
(6205, 175, 'data/Robotis OLLO Bug/1 (1).jpg', 0),
(6204, 175, 'data/Robotis OLLO Bug/1.jpg', 0),
(6203, 175, 'data/Robotis OLLO Bug/81bb3700f731c40c05d322291005ff49.jpg', 0),
(6206, 176, 'data/Robotis OLLO Explorer/81cee7bd8707b6fabf9d7d6ea8e1863f.jpg', 0),
(6207, 176, 'data/Robotis OLLO Explorer/1.jpg', 0),
(6208, 176, 'data/Robotis OLLO Explorer/077-077-3.jpg', 0),
(6252, 178, 'data/Windoro/store_apendix_big583_424-500x500.jpg', 0),
(6250, 178, 'data/Windoro/windoro 4-500x500.JPG', 0),
(6251, 178, 'data/Windoro/e.ziclean-windoro-module-navigation-500x500.jpg', 0),
(6264, 179, 'data/Windoro/windoro 4-500x500.JPG', 0),
(6263, 179, 'data/Windoro/e.ziclean-windoro-module-navigation-500x500.jpg', 0),
(6262, 179, 'data/Windoro/store_apendix_big583_424-500x500.jpg', 0),
(6299, 90, 'data/Smart/iclebosmart-10.jpg', 0),
(6305, 88, 'data/iClebo Home/2_1299572353.jpg', 0),
(6306, 88, 'data/iClebo Home/631.jpg', 0),
(6332, 180, 'data/Robomow/Robomow/Robomow_Premium_RC302[1].jpg', 0),
(6333, 180, 'data/Robomow/Robomow/robomow_rc302_1[1].jpg', 0),
(6334, 180, 'data/Robomow/Robomow/robomow_rc302[1].jpg', 0),
(6349, 181, 'data/Robomow/RC304/robomow_rc304_1[1].jpg', 0),
(6348, 181, 'data/Robomow/RC304/rr4-320x320[1].jpg', 0),
(6347, 181, 'data/Robomow/RC304/138214316_5_big[1].jpg', 0),
(6350, 182, 'data/Robomow/RC306/qr4-320x320[1].jpg', 0),
(6351, 182, 'data/Robomow/RC306/robomow_rc306_1[1].jpg', 0),
(6352, 182, 'data/Robomow/RC306/rc306-2[1].jpg', 0),
(6353, 183, 'data/Robomow/RS612/robomow_rs612_3[1].jpg', 0),
(6354, 183, 'data/Robomow/RS612/robomow_rs612_2[1].jpg', 0),
(6355, 183, 'data/Robomow/RS612/robomow3-500x500[1].jpg', 0),
(6364, 184, 'data/Robomow/RS622/robomow_rs622_2[1].jpg', 0),
(6363, 184, 'data/Robomow/RS622/8623_akkumulyatornaya_gazonokosilka-robot_robomow_robomuv_rs_622_-_1[1].jpg', 0),
(6362, 184, 'data/Robomow/RS622/rs622_r_ckansicht_500x500_2[1].jpg', 0),
(6368, 185, 'data/Robomow/RS630/robomow_rs630_09[1].jpg', 0),
(6369, 185, 'data/Robomow/RS630/0088147_rasaerba-robomow-rs-630[1].jpeg', 0),
(6370, 185, 'data/Robomow/RS630/Robomow-RS630-3[1].jpg', 0),
(6371, 185, 'data/Robomow/RS630/9BE8F1427A8CA15594D1712232489[1].jpg', 0),
(6372, 185, 'data/Robomow/RS630/maxresdefault[1].jpg', 0),
(6373, 185, 'data/Robomow/RS630/Robomow_RS630_-_D_tente_1[1].jpg', 0),
(6385, 186, 'data/Robomow/RL855/robomow-rl855-robot-lawn-mower-large[1].jpg', 0),
(6383, 186, 'data/Robomow/RL855/images.jpg', 0),
(6384, 186, 'data/Robomow/RL855/6880_akkumulyatornayakosilka-robot_robomow_robomuv_rl_555_-_2[1].jpg', 0),
(6391, 187, 'data/Robomow/RL2000/tondeuse-robot-robomow-rl2000s[1].jpg', 0),
(6390, 187, 'data/Robomow/RL2000/rasenmaeher-roboter-robomow-rl2000-familie[1].jpg', 0),
(6389, 187, 'data/Robomow/RL2000/4980_0[1].jpg', 0),
(6399, 188, 'data/Robomow/RM510/Robomow-White_RM510_600[1].jpg', 0),
(6398, 188, 'data/Robomow/RM510/tondeuse-robot-robomow-rm-510[1].png', 0),
(6400, 188, 'data/Robomow/RM510/RM510-lussorian[1].jpg', 0),
(6408, 117, 'data/Caiman/Caiman Ambrogio L50 Basic/Caiman Ambrogio L50 Basic1.jpg', 0),
(6407, 117, 'data/Caiman/Caiman Ambrogio L50 Basic/Caiman Ambrogio L50 Basic.jpeg', 0),
(6415, 189, 'data/Caiman/Caiman Ambrogio L50 Basic/Caiman Ambrogio L50 Basic1.jpg', 0),
(6414, 189, 'data/Caiman/Caiman Ambrogio L50 Basic/Caiman Ambrogio L50 Basic.jpg', 0),
(6413, 189, 'data/Caiman/Caiman Ambrogio L50 Basic/Caiman Ambrogio L50 Basic.jpeg', 0),
(6424, 190, 'data/Caiman/L50 Deluxe/5-500x500[1].jpg', 0),
(6423, 190, 'data/Caiman/L50 Deluxe/9c6ccbec575cc1972f52d68f4bbdcb9a-500x500[1].jpg', 0),
(6422, 190, 'data/Caiman/L50 Deluxe/57bfcda081e436f48b4c8827ea3bd305-500x500[1].jpg', 0),
(6425, 191, 'data/Caiman/L50 Evolution/ambrogio_l50_evolution_23_am50eels2_1[1].jpg', 0),
(6426, 191, 'data/Caiman/L50 Evolution/ambrogio_l50_us_a08l50us_1[1].jpg', 0),
(6430, 192, 'data/Caiman/L200 Basic/4-Caiman-Ambrogio-L200-Basic-440x440[1].jpg', 0),
(6429, 192, 'data/Caiman/L200 Basic/2-Caiman-Ambrogio-L200-Basic-440x440[1].jpg', 0),
(6442, 195, 'data/Caiman/L200 elite/1306[1].jpg', 0),
(6441, 195, 'data/Caiman/L200 elite/4-Caiman-Ambrogio-L200-Elite-440x440[1].jpg', 0),
(6440, 195, 'data/Caiman/L200 elite/e58ab7921b74701ec102392c5f74c7f52480[2].jpg', 0),
(6443, 196, 'data/Caiman/3-Caiman-Ambrogio-L200-Carbon-440x440[1].jpg', 0),
(6444, 196, 'data/Caiman/1359[1].jpg', 0),
(6445, 196, 'data/Caiman/1308[1].jpg', 0),
(6451, 197, 'data/Caiman/l300/2-Caiman-Ambrogio-L300-Carbon-440x440[1].jpg', 0),
(6450, 197, 'data/Caiman/l300/667c500c8b255914e5e305cde58c966e_450x450_i17838d13ihz[1].jpg', 0),
(6457, 198, 'data/Wiper/Blitz X/foto-Wiper-BlitzX[1].jpg', 0),
(6456, 198, 'data/Wiper/Blitz X/img0235_klein[1].jpg', 0),
(6455, 198, 'data/Wiper/Blitz X/wiper-blitz-unten[1].jpg', 0),
(6458, 199, 'data/Wiper/Blitz XK/data-wiper-logo-cmp-8-srv-42-loc-fr-sid-15293-zoom-1-index-3-500x500-500x500[1].jpg', 0),
(6459, 199, 'data/Wiper/Blitz XK/wiper_blitz_xk[1].jpg', 0),
(6460, 199, 'data/Wiper/Blitz XK/7045_1[1].JPG', 0),
(6465, 200, 'data/Wiper/Runner XKH/2-Wiper-Runner-XKH-440x440[1].jpg', 0),
(6464, 200, 'data/Wiper/Runner XKH/gazonokosilka-robot-wiper-runner-xkh[1].jpg', 0),
(6466, 200, 'data/Wiper/Runner XKH/4-Wiper-Runner-XKH-440x440[1].jpg', 0),
(6467, 201, 'data/Wiper/One XH/Wiper_One_XH[1].jpg', 0),
(6468, 201, 'data/Wiper/One XH/1385556436OneXH_Rasenroboter_Tondeuse_à_gazon_robot_Wiper_hostettler_motoren_ag_gr.png', 0),
(6480, 202, 'data/Husqvarna/305/Husqvarna_Automower_305.jpg', 0),
(6479, 202, 'data/Husqvarna/305/IMG_1647[1].jpg', 0),
(6478, 202, 'data/Husqvarna/305/1_Automower_305_H320-0160-5B1-5D_1024-600x400[1].jpg', 0),
(6475, 204, 'data/Husqvarna/ACX230/7809608.82so04ab40[1].jpg', 0),
(6476, 204, 'data/Husqvarna/ACX230/auto230acx1[1].jpg', 0),
(6477, 204, 'data/Husqvarna/ACX230/Automower230ACX[1].jpg', 0),
(6481, 205, 'data/Husqvarna/ACX265/1552118-origpic-b49160[1].jpg', 0),
(6482, 205, 'data/Husqvarna/ACX265/husqvarna_automower_265acx_6[1].jpg', 0),
(6483, 205, 'data/Husqvarna/ACX265/13043[1].png', 0),
(6489, 206, 'data/Husqvarna/Solar/automower_solar_hybrid____h310-034921.jpg', 0),
(6488, 206, 'data/Husqvarna/Solar/Picture-13[1].jpg', 0),
(6487, 206, 'data/Husqvarna/Solar/husqvarna-automover-solar-hybrid4[1].jpg', 0),
(6551, 207, 'data/z1-320x320.jpg', 0),
(6550, 207, 'data/z3-500x500.jpg', 0);

-- --------------------------------------------------------

--
-- Структура таблицы `product_option`
--

CREATE TABLE IF NOT EXISTS `product_option` (
  `product_option_id` int(11) NOT NULL AUTO_INCREMENT,
  `product_id` int(11) NOT NULL,
  `option_id` int(11) NOT NULL,
  `option_value` text NOT NULL,
  `required` tinyint(1) NOT NULL,
  PRIMARY KEY (`product_option_id`)
) ENGINE=MyISAM  DEFAULT CHARSET=utf8 AUTO_INCREMENT=227 ;

-- --------------------------------------------------------

--
-- Структура таблицы `product_option_value`
--

CREATE TABLE IF NOT EXISTS `product_option_value` (
  `product_option_value_id` int(11) NOT NULL AUTO_INCREMENT,
  `product_option_id` int(11) NOT NULL,
  `product_id` int(11) NOT NULL,
  `option_id` int(11) NOT NULL,
  `option_value_id` int(11) NOT NULL,
  `quantity` int(3) NOT NULL,
  `subtract` tinyint(1) NOT NULL,
  `price` decimal(15,4) NOT NULL,
  `price_prefix` varchar(1) NOT NULL,
  `points` int(8) NOT NULL,
  `points_prefix` varchar(1) NOT NULL,
  `weight` decimal(15,8) NOT NULL,
  `weight_prefix` varchar(1) NOT NULL,
  PRIMARY KEY (`product_option_value_id`)
) ENGINE=MyISAM  DEFAULT CHARSET=utf8 AUTO_INCREMENT=17 ;

-- --------------------------------------------------------

--
-- Структура таблицы `product_related`
--

CREATE TABLE IF NOT EXISTS `product_related` (
  `product_id` int(11) NOT NULL,
  `related_id` int(11) NOT NULL,
  PRIMARY KEY (`product_id`,`related_id`)
) ENGINE=MyISAM DEFAULT CHARSET=utf8;

--
-- Дамп данных таблицы `product_related`
--

INSERT INTO `product_related` (`product_id`, `related_id`) VALUES
(52, 56),
(52, 98),
(52, 152),
(56, 52),
(56, 80),
(56, 98),
(56, 150),
(57, 149),
(58, 169),
(58, 170),
(65, 169),
(65, 170),
(74, 80),
(74, 150),
(80, 56),
(80, 74),
(80, 152),
(86, 87),
(87, 86),
(88, 171),
(92, 156),
(92, 157),
(92, 160),
(92, 161),
(92, 162),
(92, 171),
(96, 169),
(96, 170),
(98, 52),
(98, 56),
(98, 152),
(107, 164),
(107, 166),
(110, 163),
(110, 166),
(111, 163),
(111, 166),
(116, 163),
(116, 164),
(116, 166),
(149, 57),
(150, 56),
(150, 74),
(150, 152),
(152, 52),
(152, 80),
(152, 98),
(152, 150),
(154, 155),
(154, 169),
(154, 170),
(155, 154),
(156, 92),
(156, 157),
(156, 160),
(156, 161),
(156, 162),
(156, 171),
(157, 92),
(157, 156),
(157, 160),
(157, 161),
(157, 162),
(157, 171),
(160, 92),
(160, 156),
(160, 157),
(160, 161),
(160, 162),
(160, 171),
(161, 92),
(161, 156),
(161, 157),
(161, 160),
(161, 162),
(161, 171),
(162, 92),
(162, 156),
(162, 157),
(162, 160),
(162, 161),
(162, 171),
(163, 110),
(163, 111),
(163, 116),
(163, 164),
(163, 166),
(163, 167),
(163, 168),
(164, 107),
(164, 116),
(164, 163),
(164, 166),
(164, 167),
(164, 168),
(165, 167),
(166, 107),
(166, 110),
(166, 111),
(166, 116),
(166, 163),
(166, 164),
(166, 167),
(166, 168),
(167, 163),
(167, 164),
(167, 165),
(167, 166),
(167, 172),
(168, 163),
(168, 164),
(168, 166),
(169, 58),
(169, 65),
(169, 96),
(169, 154),
(169, 170),
(170, 58),
(170, 65),
(170, 96),
(170, 154),
(170, 169),
(171, 88),
(171, 92),
(171, 156),
(171, 157),
(171, 160),
(171, 161),
(171, 162),
(172, 167);

-- --------------------------------------------------------

--
-- Структура таблицы `product_reward`
--

CREATE TABLE IF NOT EXISTS `product_reward` (
  `product_reward_id` int(11) NOT NULL AUTO_INCREMENT,
  `product_id` int(11) NOT NULL DEFAULT '0',
  `customer_group_id` int(11) NOT NULL DEFAULT '0',
  `points` int(8) NOT NULL DEFAULT '0',
  PRIMARY KEY (`product_reward_id`)
) ENGINE=MyISAM  DEFAULT CHARSET=utf8 AUTO_INCREMENT=1705 ;

--
-- Дамп данных таблицы `product_reward`
--

INSERT INTO `product_reward` (`product_reward_id`, `product_id`, `customer_group_id`, `points`) VALUES
(1534, 50, 1, 0),
(1237, 51, 1, 0),
(1327, 52, 1, 0),
(1346, 54, 1, 0),
(1293, 55, 1, 0),
(1331, 56, 1, 0),
(1579, 57, 1, 0),
(1286, 58, 1, 0),
(1173, 59, 1, 0),
(1540, 60, 1, 0),
(1262, 61, 1, 0),
(1339, 62, 1, 0),
(1322, 154, 1, 0),
(1348, 65, 1, 0),
(1354, 66, 1, 0),
(1577, 67, 1, 0),
(1356, 68, 1, 0),
(1536, 69, 1, 0),
(1290, 74, 1, 0),
(1389, 80, 1, 0),
(1187, 73, 1, 0),
(1390, 79, 1, 0),
(1352, 78, 1, 0),
(1700, 92, 1, 0),
(1610, 90, 1, 0),
(1611, 88, 1, 0),
(1334, 87, 1, 0),
(1342, 86, 1, 0),
(1359, 93, 1, 0),
(1347, 94, 1, 0),
(1355, 95, 1, 0),
(1622, 96, 1, 0),
(1206, 97, 1, 0),
(1338, 98, 1, 0),
(1349, 99, 1, 0),
(1169, 100, 1, 0),
(1353, 101, 1, 0),
(1351, 102, 1, 0),
(1533, 103, 1, 0),
(1543, 104, 1, 0),
(1542, 105, 1, 0),
(1535, 106, 1, 0),
(1538, 107, 1, 0),
(1245, 108, 1, 0),
(1547, 109, 1, 0),
(1546, 110, 1, 0),
(1545, 111, 1, 0),
(1559, 112, 1, 0),
(1548, 113, 1, 0),
(1539, 114, 1, 0),
(1541, 115, 1, 0),
(1544, 116, 1, 0),
(1653, 117, 1, 0),
(1537, 118, 1, 0),
(1210, 119, 1, 0),
(1211, 120, 1, 0),
(1613, 121, 1, 0),
(1228, 122, 1, 0),
(1223, 123, 1, 0),
(1229, 124, 1, 0),
(1232, 125, 1, 0),
(1217, 126, 1, 0),
(1221, 127, 1, 0),
(1222, 128, 1, 0),
(1220, 129, 1, 0),
(1256, 130, 1, 0),
(1261, 131, 1, 0),
(1225, 132, 1, 0),
(1227, 133, 1, 0),
(1226, 134, 1, 0),
(1614, 135, 1, 0),
(1213, 136, 1, 0),
(1215, 137, 1, 0),
(1260, 138, 1, 0),
(1234, 139, 1, 0),
(1258, 140, 1, 0),
(1311, 141, 1, 0),
(1259, 142, 1, 0),
(1218, 143, 1, 0),
(1230, 144, 1, 0),
(1615, 145, 1, 0),
(1616, 146, 1, 0),
(1617, 147, 1, 0),
(1224, 148, 1, 0),
(1578, 149, 1, 0),
(1328, 150, 1, 0),
(1350, 151, 1, 0),
(1113, 152, 1, 0),
(1532, 153, 1, 0),
(1321, 155, 1, 0),
(1609, 156, 1, 0),
(1699, 157, 1, 0),
(1388, 158, 1, 0),
(1576, 159, 1, 0),
(1607, 160, 1, 0),
(1598, 161, 1, 0),
(1608, 162, 1, 0),
(1550, 163, 1, 0),
(1514, 164, 1, 0),
(1515, 165, 1, 0),
(1525, 166, 1, 0),
(1619, 167, 1, 0),
(1620, 168, 1, 0),
(1476, 169, 1, 0),
(1478, 170, 1, 0),
(1612, 171, 1, 0),
(1557, 172, 1, 0),
(1574, 173, 1, 0),
(1565, 174, 1, 0),
(1569, 175, 1, 0),
(1571, 176, 1, 0),
(1575, 177, 1, 0),
(1588, 178, 1, 0),
(1592, 179, 1, 0),
(1625, 180, 1, 0),
(1630, 181, 1, 0),
(1633, 182, 1, 0),
(1634, 183, 1, 0),
(1638, 184, 1, 0),
(1641, 185, 1, 0),
(1645, 186, 1, 0),
(1647, 187, 1, 0),
(1650, 188, 1, 0),
(1655, 189, 1, 0),
(1659, 190, 1, 0),
(1660, 191, 1, 0),
(1664, 192, 1, 0),
(1665, 193, 1, 0),
(1666, 194, 1, 0),
(1670, 195, 1, 0),
(1671, 196, 1, 0),
(1674, 197, 1, 0),
(1676, 198, 1, 0),
(1677, 199, 1, 0),
(1679, 200, 1, 0),
(1680, 201, 1, 0),
(1686, 202, 1, 0),
(1687, 203, 1, 0),
(1685, 204, 1, 0),
(1688, 205, 1, 0),
(1691, 206, 1, 0),
(1704, 207, 1, 0);

-- --------------------------------------------------------

--
-- Структура таблицы `product_special`
--

CREATE TABLE IF NOT EXISTS `product_special` (
  `product_special_id` int(11) NOT NULL AUTO_INCREMENT,
  `product_id` int(11) NOT NULL,
  `customer_group_id` int(11) NOT NULL,
  `priority` int(5) NOT NULL DEFAULT '1',
  `price` decimal(15,4) NOT NULL DEFAULT '0.0000',
  `date_start` date NOT NULL DEFAULT '0000-00-00',
  `date_end` date NOT NULL DEFAULT '0000-00-00',
  PRIMARY KEY (`product_special_id`),
  KEY `product_id` (`product_id`)
) ENGINE=MyISAM  DEFAULT CHARSET=utf8 AUTO_INCREMENT=614 ;

--
-- Дамп данных таблицы `product_special`
--

INSERT INTO `product_special` (`product_special_id`, `product_id`, `customer_group_id`, `priority`, `price`, `date_start`, `date_end`) VALUES
(612, 157, 1, 0, 19600.0000, '2013-03-15', '2014-05-01'),
(582, 60, 1, 0, 4750.0000, '2012-07-23', '2012-07-31'),
(583, 105, 1, 0, 15500.0000, '2012-07-31', '2012-10-31'),
(575, 166, 1, 0, 58000.0000, '2013-11-28', '2014-01-15'),
(613, 92, 1, 0, 19600.0000, '2014-04-01', '2014-04-26'),
(585, 163, 1, 0, 19600.0000, '2013-11-28', '2014-11-28');

-- --------------------------------------------------------

--
-- Структура таблицы `product_tag`
--

CREATE TABLE IF NOT EXISTS `product_tag` (
  `product_tag_id` int(11) NOT NULL AUTO_INCREMENT,
  `product_id` int(11) NOT NULL,
  `language_id` int(11) NOT NULL,
  `tag` varchar(32) NOT NULL,
  PRIMARY KEY (`product_tag_id`),
  KEY `product_id` (`product_id`),
  KEY `language_id` (`language_id`),
  KEY `tag` (`tag`)
) ENGINE=MyISAM  DEFAULT CHARSET=utf8 AUTO_INCREMENT=291 ;

--
-- Дамп данных таблицы `product_tag`
--

INSERT INTO `product_tag` (`product_tag_id`, `product_id`, `language_id`, `tag`) VALUES
(13, 168, 1, 'Робот андройд'),
(3, 172, 1, 'OLLO Action'),
(11, 173, 1, 'OLLO Figure'),
(12, 177, 1, 'Robotis OLLO Inventor Expansion'),
(269, 92, 1, 'iclebo arte'),
(270, 92, 1, 'робот пылесос iclebo arte'),
(268, 92, 1, 'Yujin Robot iClebo Arte'),
(24, 180, 1, 'Robomow RC302'),
(23, 180, 1, 'газонокосилка'),
(39, 181, 1, 'Robomow'),
(38, 181, 1, 'RC304'),
(37, 181, 1, 'газонокосилка'),
(47, 182, 1, 'Robomow'),
(46, 182, 1, 'газонокосилка'),
(48, 182, 1, 'RC306'),
(49, 183, 1, 'Газонокосилка'),
(50, 183, 1, 'Robomow'),
(51, 183, 1, 'RS612'),
(62, 184, 1, 'Газонокосилка'),
(63, 184, 1, 'RS622'),
(61, 184, 1, 'Robomow'),
(71, 185, 1, 'Robomow'),
(70, 185, 1, 'Газонокосилка'),
(72, 185, 1, 'RS630'),
(83, 186, 1, 'Газонокосилка'),
(84, 186, 1, 'RL855'),
(82, 186, 1, 'Robomow'),
(88, 187, 1, 'Газонокосилка'),
(89, 187, 1, 'Robomow'),
(90, 187, 1, 'RL2000'),
(98, 188, 1, 'Robomow'),
(97, 188, 1, 'Газонокосилка'),
(99, 188, 1, 'RM510'),
(107, 189, 1, 'Ambrogio'),
(106, 189, 1, 'Caiman'),
(105, 189, 1, 'газонокосилка'),
(108, 189, 1, 'L50'),
(109, 189, 1, 'Basic US'),
(124, 190, 1, 'Ambrogio'),
(123, 190, 1, 'Caiman'),
(122, 190, 1, 'газонокосилка'),
(125, 190, 1, 'L50 Deluxe'),
(126, 191, 1, 'Робот-газонокосилка Caiman Ambro'),
(141, 192, 1, 'Ambrogio'),
(140, 192, 1, 'Caiman'),
(139, 192, 1, 'газонокосилка'),
(142, 192, 1, 'L200 Basic'),
(143, 193, 1, 'газонокосилка'),
(144, 193, 1, 'Caiman'),
(145, 193, 1, 'Ambrogio'),
(146, 193, 1, 'L200 Deluxe'),
(147, 194, 1, 'газонокосилка'),
(148, 194, 1, 'Caiman'),
(149, 194, 1, 'Ambrogio'),
(150, 194, 1, 'L200 Evolution'),
(165, 195, 1, 'Ambrogio'),
(164, 195, 1, 'Caiman'),
(163, 195, 1, 'Газонокосилка'),
(166, 195, 1, 'L200 Elite'),
(167, 196, 1, 'Робот-газонокосилка Caiman Ambro'),
(178, 197, 1, 'газонокосилка'),
(177, 197, 1, 'Caiman'),
(176, 197, 1, 'Ambrogio'),
(179, 197, 1, 'L300 Carbon'),
(183, 198, 1, 'газонокосилка'),
(184, 198, 1, 'Wiper'),
(185, 198, 1, 'Blitz X'),
(186, 199, 1, 'газонокосилка'),
(187, 199, 1, 'Wiper'),
(188, 199, 1, 'Blitz XK'),
(192, 200, 1, 'газонокосилка'),
(193, 200, 1, 'Wiper'),
(194, 200, 1, 'Runner XKH'),
(195, 201, 1, 'газонокосилка'),
(196, 201, 1, 'Wiper'),
(197, 201, 1, 'One X'),
(215, 202, 1, 'Automower 305'),
(214, 202, 1, 'газонокосилка'),
(213, 202, 1, 'Husqvarna'),
(218, 203, 1, 'Automower 220 AC'),
(217, 203, 1, 'газонокосилка'),
(216, 203, 1, 'Husqvarna'),
(210, 204, 1, 'газонокосилка'),
(211, 204, 1, 'Husqvarna'),
(212, 204, 1, 'Automower 230 ACX'),
(219, 205, 1, 'газонокосилка'),
(220, 205, 1, 'Husqvarna'),
(221, 205, 1, 'Automower 265 ACX'),
(230, 206, 1, 'Automower Solar Hybrid'),
(229, 206, 1, 'газонокосилка'),
(228, 206, 1, 'Husqvarna'),
(267, 92, 1, 'купить iclebo arte'),
(266, 92, 1, 'пылесос iclebo arte'),
(290, 207, 1, 'домашний'),
(289, 207, 1, 'clever&amp;clean z10'),
(288, 207, 1, 'робот пылесос'),
(287, 207, 1, 'качественный'),
(286, 207, 1, 'корейский');

-- --------------------------------------------------------

--
-- Структура таблицы `product_to_category`
--

CREATE TABLE IF NOT EXISTS `product_to_category` (
  `product_id` int(11) NOT NULL,
  `category_id` int(11) NOT NULL,
  `main_category` tinyint(1) NOT NULL DEFAULT '0',
  PRIMARY KEY (`product_id`,`category_id`)
) ENGINE=MyISAM DEFAULT CHARSET=utf8;

--
-- Дамп данных таблицы `product_to_category`
--

INSERT INTO `product_to_category` (`product_id`, `category_id`, `main_category`) VALUES
(50, 60, 0),
(51, 79, 0),
(52, 79, 0),
(54, 79, 0),
(55, 62, 1),
(56, 62, 1),
(57, 79, 0),
(58, 62, 1),
(59, 82, 0),
(60, 67, 1),
(61, 79, 0),
(62, 62, 1),
(154, 62, 0),
(65, 79, 0),
(66, 85, 0),
(67, 59, 1),
(68, 62, 1),
(69, 60, 0),
(50, 70, 1),
(154, 79, 1),
(69, 68, 1),
(60, 60, 0),
(73, 82, 0),
(74, 62, 1),
(80, 80, 0),
(79, 80, 0),
(78, 85, 0),
(92, 62, 1),
(90, 62, 1),
(88, 62, 1),
(87, 62, 1),
(86, 81, 0),
(93, 62, 1),
(94, 85, 0),
(95, 84, 0),
(96, 84, 0),
(97, 85, 0),
(98, 79, 0),
(99, 85, 0),
(100, 62, 1),
(101, 85, 0),
(102, 85, 0),
(103, 75, 1),
(104, 70, 1),
(105, 60, 0),
(105, 67, 1),
(106, 60, 0),
(106, 68, 1),
(107, 71, 1),
(108, 69, 1),
(109, 70, 1),
(109, 60, 0),
(114, 60, 1),
(110, 76, 1),
(111, 76, 1),
(111, 60, 0),
(112, 70, 1),
(113, 71, 0),
(113, 60, 1),
(110, 60, 0),
(114, 67, 0),
(115, 60, 1),
(115, 67, 0),
(116, 70, 0),
(116, 60, 1),
(116, 71, 0),
(158, 59, 1),
(118, 61, 1),
(119, 74, 1),
(120, 74, 1),
(121, 74, 1),
(122, 74, 1),
(123, 74, 1),
(124, 74, 1),
(125, 74, 1),
(126, 74, 1),
(127, 74, 1),
(128, 74, 1),
(129, 74, 1),
(130, 74, 1),
(131, 74, 1),
(132, 74, 1),
(133, 74, 1),
(134, 74, 1),
(135, 74, 1),
(136, 74, 1),
(137, 74, 1),
(138, 74, 1),
(139, 74, 1),
(140, 74, 1),
(141, 74, 1),
(142, 74, 1),
(143, 74, 1),
(144, 74, 1),
(145, 74, 1),
(146, 74, 1),
(147, 74, 1),
(148, 74, 1),
(65, 62, 1),
(94, 62, 1),
(79, 62, 1),
(80, 62, 1),
(99, 62, 1),
(62, 85, 0),
(68, 85, 0),
(57, 62, 1),
(98, 62, 1),
(52, 62, 1),
(56, 79, 0),
(55, 79, 0),
(51, 62, 1),
(61, 62, 1),
(54, 62, 1),
(59, 62, 1),
(58, 82, 0),
(102, 62, 1),
(101, 62, 1),
(78, 62, 1),
(66, 62, 1),
(90, 83, 0),
(88, 83, 0),
(92, 83, 0),
(93, 85, 0),
(87, 81, 0),
(86, 62, 1),
(97, 62, 1),
(74, 82, 0),
(73, 62, 1),
(95, 62, 1),
(96, 62, 1),
(149, 62, 0),
(149, 79, 1),
(150, 62, 0),
(150, 85, 1),
(151, 85, 1),
(156, 83, 1),
(152, 62, 0),
(152, 79, 1),
(153, 60, 1),
(153, 70, 0),
(155, 62, 0),
(155, 79, 1),
(156, 62, 0),
(157, 62, 0),
(157, 83, 1),
(159, 59, 1),
(160, 83, 1),
(160, 62, 0),
(161, 83, 1),
(161, 62, 0),
(162, 83, 1),
(162, 62, 0),
(164, 76, 0),
(164, 60, 0),
(163, 60, 0),
(163, 71, 1),
(166, 60, 0),
(166, 76, 0),
(165, 60, 0),
(167, 60, 0),
(168, 76, 0),
(168, 71, 1),
(169, 62, 0),
(169, 84, 1),
(170, 62, 0),
(170, 84, 1),
(171, 83, 0),
(171, 74, 1),
(163, 76, 0),
(168, 60, 0),
(164, 71, 1),
(165, 71, 1),
(167, 71, 1),
(107, 60, 0),
(166, 71, 1),
(172, 71, 1),
(172, 60, 0),
(173, 60, 0),
(173, 71, 1),
(174, 60, 0),
(174, 71, 1),
(175, 60, 0),
(175, 71, 1),
(176, 60, 0),
(176, 71, 1),
(177, 71, 1),
(177, 60, 0),
(178, 87, 1),
(179, 87, 1),
(180, 88, 1),
(180, 86, 0),
(181, 86, 0),
(181, 88, 1),
(182, 86, 0),
(182, 88, 1),
(183, 86, 0),
(183, 88, 1),
(184, 88, 1),
(184, 86, 0),
(185, 86, 0),
(185, 88, 1),
(186, 88, 1),
(186, 86, 0),
(187, 88, 1),
(187, 86, 0),
(188, 86, 0),
(188, 88, 1),
(117, 86, 0),
(117, 89, 1),
(189, 89, 1),
(189, 86, 0),
(190, 89, 1),
(190, 86, 0),
(191, 86, 0),
(191, 89, 1),
(192, 89, 1),
(192, 88, 0),
(193, 86, 0),
(193, 89, 1),
(194, 86, 0),
(194, 89, 1),
(195, 89, 1),
(195, 86, 0),
(196, 86, 0),
(196, 89, 1),
(197, 89, 1),
(197, 86, 0),
(198, 90, 1),
(198, 86, 0),
(199, 86, 0),
(199, 90, 1),
(200, 90, 1),
(200, 86, 0),
(201, 86, 0),
(201, 90, 1),
(202, 86, 0),
(202, 91, 1),
(203, 86, 0),
(203, 91, 1),
(204, 86, 0),
(204, 91, 1),
(205, 86, 0),
(205, 91, 1),
(206, 91, 1),
(206, 86, 0),
(207, 84, 1);

-- --------------------------------------------------------

--
-- Структура таблицы `product_to_download`
--

CREATE TABLE IF NOT EXISTS `product_to_download` (
  `product_id` int(11) NOT NULL,
  `download_id` int(11) NOT NULL,
  PRIMARY KEY (`product_id`,`download_id`)
) ENGINE=MyISAM DEFAULT CHARSET=utf8;

-- --------------------------------------------------------

--
-- Структура таблицы `product_to_layout`
--

CREATE TABLE IF NOT EXISTS `product_to_layout` (
  `product_id` int(11) NOT NULL,
  `store_id` int(11) NOT NULL,
  `layout_id` int(11) NOT NULL,
  PRIMARY KEY (`product_id`,`store_id`)
) ENGINE=MyISAM DEFAULT CHARSET=utf8;

--
-- Дамп данных таблицы `product_to_layout`
--

INSERT INTO `product_to_layout` (`product_id`, `store_id`, `layout_id`) VALUES
(50, 0, 3);

-- --------------------------------------------------------

--
-- Структура таблицы `product_to_store`
--

CREATE TABLE IF NOT EXISTS `product_to_store` (
  `product_id` int(11) NOT NULL,
  `store_id` int(11) NOT NULL DEFAULT '0',
  PRIMARY KEY (`product_id`,`store_id`)
) ENGINE=MyISAM DEFAULT CHARSET=utf8;

--
-- Дамп данных таблицы `product_to_store`
--

INSERT INTO `product_to_store` (`product_id`, `store_id`) VALUES
(51, 0),
(52, 0),
(54, 0),
(55, 0),
(56, 0),
(57, 0),
(58, 0),
(59, 0),
(61, 0),
(62, 0),
(65, 0),
(66, 0),
(67, 0),
(68, 0),
(73, 0),
(74, 0),
(78, 0),
(79, 0),
(80, 0),
(86, 0),
(87, 0),
(88, 0),
(90, 0),
(92, 0),
(93, 0),
(94, 0),
(95, 0),
(96, 0),
(97, 0),
(98, 0),
(99, 0),
(100, 0),
(101, 0),
(102, 0),
(108, 0),
(113, 0),
(117, 0),
(119, 0),
(120, 0),
(121, 0),
(122, 0),
(123, 0),
(124, 0),
(125, 0),
(126, 0),
(127, 0),
(128, 0),
(129, 0),
(130, 0),
(131, 0),
(132, 0),
(133, 0),
(134, 0),
(135, 0),
(136, 0),
(137, 0),
(138, 0),
(139, 0),
(140, 0),
(141, 0),
(142, 0),
(143, 0),
(144, 0),
(145, 0),
(146, 0),
(147, 0),
(148, 0),
(149, 0),
(150, 0),
(151, 0),
(152, 0),
(154, 0),
(155, 0),
(156, 0),
(157, 0),
(158, 0),
(159, 0),
(160, 0),
(161, 0),
(162, 0),
(163, 0),
(164, 0),
(165, 0),
(166, 0),
(167, 0),
(168, 0),
(169, 0),
(170, 0),
(171, 0),
(172, 0),
(173, 0),
(174, 0),
(175, 0),
(176, 0),
(177, 0),
(178, 0),
(179, 0),
(180, 0),
(181, 0),
(182, 0),
(183, 0),
(184, 0),
(185, 0),
(186, 0),
(187, 0),
(188, 0),
(189, 0),
(190, 0),
(191, 0),
(192, 0),
(193, 0),
(194, 0),
(195, 0),
(196, 0),
(197, 0),
(198, 0),
(199, 0),
(200, 0),
(201, 0),
(202, 0),
(203, 0),
(204, 0),
(205, 0),
(206, 0),
(207, 0);

-- --------------------------------------------------------

--
-- Структура таблицы `product_to_value`
--

CREATE TABLE IF NOT EXISTS `product_to_value` (
  `product_id` int(11) NOT NULL,
  `value_id` int(11) NOT NULL,
  `option_id` int(11) NOT NULL,
  PRIMARY KEY (`product_id`,`value_id`,`option_id`)
) ENGINE=MyISAM DEFAULT CHARSET=utf8 COLLATE=utf8_bin;

--
-- Дамп данных таблицы `product_to_value`
--

INSERT INTO `product_to_value` (`product_id`, `value_id`, `option_id`) VALUES
(51, 1, 1),
(51, 10, 4),
(51, 12, 5),
(51, 17, 7),
(51, 21, 8),
(52, 1, 1),
(52, 10, 4),
(52, 12, 5),
(52, 14, 6),
(52, 17, 7),
(52, 21, 8),
(54, 1, 1),
(54, 10, 4),
(54, 17, 7),
(54, 21, 8),
(55, 1, 1),
(55, 10, 4),
(55, 12, 5),
(55, 18, 7),
(55, 21, 8),
(56, 1, 1),
(56, 10, 4),
(56, 12, 5),
(56, 14, 6),
(56, 17, 7),
(56, 21, 8),
(57, 2, 1),
(57, 11, 4),
(57, 13, 5),
(57, 15, 6),
(57, 17, 7),
(57, 19, 8),
(58, 1, 1),
(58, 10, 4),
(58, 12, 5),
(58, 15, 6),
(58, 17, 7),
(58, 19, 8),
(59, 1, 1),
(59, 10, 4),
(59, 12, 5),
(59, 14, 6),
(59, 17, 7),
(59, 19, 8),
(61, 1, 1),
(61, 10, 4),
(61, 12, 5),
(61, 14, 6),
(61, 17, 7),
(61, 21, 8),
(62, 1, 1),
(62, 10, 4),
(62, 12, 5),
(62, 14, 6),
(62, 17, 7),
(62, 21, 8),
(65, 1, 1),
(65, 10, 4),
(65, 13, 5),
(65, 14, 6),
(65, 16, 7),
(65, 21, 8),
(68, 1, 1),
(68, 10, 4),
(68, 12, 5),
(68, 14, 6),
(68, 17, 7),
(68, 21, 8),
(73, 1, 1),
(73, 10, 4),
(73, 12, 5),
(73, 14, 6),
(73, 17, 7),
(73, 21, 8),
(74, 1, 1),
(74, 10, 4),
(74, 12, 5),
(74, 14, 6),
(74, 17, 7),
(74, 21, 8),
(78, 1, 1),
(78, 10, 4),
(78, 13, 5),
(78, 15, 6),
(78, 17, 7),
(78, 20, 8),
(79, 1, 1),
(79, 10, 4),
(79, 13, 5),
(79, 14, 6),
(79, 17, 7),
(79, 21, 8),
(80, 1, 1),
(80, 10, 4),
(80, 13, 5),
(80, 14, 6),
(80, 17, 7),
(80, 21, 8),
(86, 1, 1),
(86, 10, 4),
(86, 12, 5),
(86, 14, 6),
(86, 17, 7),
(86, 21, 8),
(87, 1, 1),
(87, 10, 4),
(87, 12, 5),
(87, 14, 6),
(87, 17, 7),
(87, 21, 8),
(88, 1, 1),
(88, 10, 4),
(88, 12, 5),
(88, 15, 6),
(88, 17, 7),
(88, 21, 8),
(90, 1, 1),
(90, 10, 4),
(90, 12, 5),
(90, 15, 6),
(90, 17, 7),
(90, 21, 8),
(92, 1, 1),
(92, 10, 4),
(92, 12, 5),
(92, 14, 6),
(92, 18, 7),
(92, 21, 8),
(93, 1, 1),
(93, 10, 4),
(93, 12, 5),
(93, 14, 6),
(93, 17, 7),
(93, 21, 8),
(94, 1, 1),
(94, 10, 4),
(94, 12, 5),
(94, 14, 6),
(94, 17, 7),
(94, 20, 8),
(95, 1, 1),
(95, 11, 4),
(95, 13, 5),
(95, 15, 6),
(95, 16, 7),
(95, 21, 8),
(96, 1, 1),
(96, 10, 4),
(96, 12, 5),
(96, 14, 6),
(96, 18, 7),
(96, 21, 8),
(97, 1, 1),
(97, 10, 4),
(97, 12, 5),
(97, 14, 6),
(97, 17, 7),
(97, 20, 8),
(98, 1, 1),
(98, 10, 4),
(98, 12, 5),
(98, 14, 6),
(98, 18, 7),
(98, 21, 8),
(99, 1, 1),
(99, 10, 4),
(99, 12, 5),
(99, 14, 6),
(99, 21, 8),
(100, 1, 1),
(100, 11, 4),
(100, 13, 5),
(100, 15, 6),
(100, 16, 7),
(100, 19, 8),
(101, 1, 1),
(101, 10, 4),
(101, 12, 5),
(101, 14, 6),
(101, 16, 7),
(101, 21, 8),
(102, 1, 1),
(102, 10, 4),
(102, 12, 5),
(102, 14, 6),
(102, 16, 7),
(102, 21, 8),
(149, 2, 1),
(149, 11, 4),
(149, 13, 5),
(149, 15, 6),
(149, 16, 7),
(149, 20, 8),
(150, 1, 1),
(150, 10, 4),
(150, 12, 5),
(150, 14, 6),
(150, 17, 7),
(150, 19, 8),
(150, 21, 8),
(151, 1, 1),
(151, 2, 1),
(151, 10, 4),
(151, 12, 5),
(151, 14, 6),
(151, 18, 7),
(151, 21, 8),
(152, 1, 1),
(152, 10, 4),
(152, 12, 5),
(152, 14, 6),
(152, 17, 7),
(152, 21, 8),
(155, 1, 1),
(155, 10, 4),
(155, 12, 5),
(155, 14, 6),
(155, 17, 7),
(155, 20, 8);

-- --------------------------------------------------------

--
-- Структура таблицы `record`
--

CREATE TABLE IF NOT EXISTS `record` (
  `record_id` int(11) NOT NULL AUTO_INCREMENT,
  `model` varchar(64) COLLATE utf8_bin NOT NULL,
  `sku` varchar(64) COLLATE utf8_bin NOT NULL,
  `upc` varchar(12) COLLATE utf8_bin NOT NULL,
  `location` varchar(128) COLLATE utf8_bin NOT NULL,
  `quantity` int(4) NOT NULL DEFAULT '0',
  `stock_status_id` int(11) NOT NULL,
  `image` varchar(255) COLLATE utf8_bin DEFAULT NULL,
  `manufacturer_id` int(11) NOT NULL,
  `shipping` tinyint(1) NOT NULL DEFAULT '1',
  `price` decimal(15,4) NOT NULL DEFAULT '0.0000',
  `points` int(8) NOT NULL DEFAULT '0',
  `tax_class_id` int(11) NOT NULL,
  `date_available` date NOT NULL,
  `weight` decimal(5,2) NOT NULL DEFAULT '0.00',
  `weight_class_id` int(11) NOT NULL DEFAULT '0',
  `length` decimal(5,2) NOT NULL DEFAULT '0.00',
  `width` decimal(5,2) NOT NULL DEFAULT '0.00',
  `height` decimal(5,2) NOT NULL DEFAULT '0.00',
  `length_class_id` int(11) NOT NULL DEFAULT '0',
  `subtract` tinyint(1) NOT NULL DEFAULT '1',
  `minimum` int(11) NOT NULL DEFAULT '1',
  `sort_order` int(11) NOT NULL DEFAULT '0',
  `status` tinyint(1) NOT NULL DEFAULT '0',
  `comment_status` tinyint(1) NOT NULL,
  `comment_status_reg` tinyint(1) NOT NULL,
  `comment_status_now` tinyint(1) NOT NULL,
  `date_added` datetime NOT NULL DEFAULT '0000-00-00 00:00:00',
  `date_modified` datetime NOT NULL DEFAULT '0000-00-00 00:00:00',
  `viewed` int(5) NOT NULL DEFAULT '0',
  PRIMARY KEY (`record_id`)
) ENGINE=MyISAM  DEFAULT CHARSET=utf8 COLLATE=utf8_bin AUTO_INCREMENT=74 ;

--
-- Дамп данных таблицы `record`
--

INSERT INTO `record` (`record_id`, `model`, `sku`, `upc`, `location`, `quantity`, `stock_status_id`, `image`, `manufacturer_id`, `shipping`, `price`, `points`, `tax_class_id`, `date_available`, `weight`, `weight_class_id`, `length`, `width`, `height`, `length_class_id`, `subtract`, `minimum`, `sort_order`, `status`, `comment_status`, `comment_status_reg`, `comment_status_now`, `date_added`, `date_modified`, `viewed`) VALUES
(63, '', '', '', '', 0, 0, 'data/0000318_400.jpeg', 0, 1, 0.0000, 0, 0, '2014-04-12', 0.00, 0, 0.00, 0.00, 0.00, 0, 1, 1, 1, 1, 1, 0, 0, '2014-04-13 20:54:52', '2014-04-15 21:04:36', 24),
(64, '', '', '', '', 0, 0, 'data/1-500x500.jpg', 0, 1, 0.0000, 0, 0, '2014-04-12', 0.00, 0, 0.00, 0.00, 0.00, 0, 1, 1, 1, 1, 1, 0, 0, '2014-04-13 20:57:10', '2014-04-15 22:21:33', 2),
(65, '', '', '', '', 0, 0, 'data/1892476359.jpg', 0, 1, 0.0000, 0, 0, '2014-04-14', 0.00, 0, 0.00, 0.00, 0.00, 0, 1, 1, 1, 1, 1, 0, 0, '2014-04-15 22:21:49', '0000-00-00 00:00:00', 0),
(66, '', '', '', '', 0, 0, '', 0, 1, 0.0000, 0, 0, '2014-04-16', 0.00, 0, 0.00, 0.00, 0.00, 0, 1, 1, 1, 1, 1, 0, 0, '2014-04-17 23:05:45', '0000-00-00 00:00:00', 0),
(67, '', '', '', '', 0, 0, '', 0, 1, 0.0000, 0, 0, '2014-04-16', 0.00, 0, 0.00, 0.00, 0.00, 0, 1, 1, 1, 1, 1, 0, 0, '2014-04-17 23:06:00', '0000-00-00 00:00:00', 0),
(68, '', '', '', '', 0, 0, '', 0, 1, 0.0000, 0, 0, '2014-04-16', 0.00, 0, 0.00, 0.00, 0.00, 0, 1, 1, 1, 1, 1, 0, 0, '2014-04-17 23:06:12', '0000-00-00 00:00:00', 0),
(69, '', '', '', '', 0, 0, '', 0, 1, 0.0000, 0, 0, '2014-04-16', 0.00, 0, 0.00, 0.00, 0.00, 0, 1, 1, 1, 1, 1, 0, 0, '2014-04-17 23:06:22', '0000-00-00 00:00:00', 0),
(70, '', '', '', '', 0, 0, '', 0, 1, 0.0000, 0, 0, '2014-04-16', 0.00, 0, 0.00, 0.00, 0.00, 0, 1, 1, 1, 1, 1, 0, 0, '2014-04-17 23:06:31', '0000-00-00 00:00:00', 0),
(71, '', '', '', '', 0, 0, '', 0, 1, 0.0000, 0, 0, '2014-04-16', 0.00, 0, 0.00, 0.00, 0.00, 0, 1, 1, 1, 1, 1, 0, 0, '2014-04-17 23:06:39', '0000-00-00 00:00:00', 0),
(72, '', '', '', '', 0, 0, '', 0, 1, 0.0000, 0, 0, '2014-04-16', 0.00, 0, 0.00, 0.00, 0.00, 0, 1, 1, 1, 1, 1, 0, 0, '2014-04-17 23:06:53', '0000-00-00 00:00:00', 0),
(73, '', '', '', '', 0, 0, '', 0, 1, 0.0000, 0, 0, '2014-04-16', 0.00, 0, 0.00, 0.00, 0.00, 0, 1, 1, 1, 1, 1, 0, 0, '2014-04-17 23:07:02', '0000-00-00 00:00:00', 0);

-- --------------------------------------------------------

--
-- Структура таблицы `record_attribute`
--

CREATE TABLE IF NOT EXISTS `record_attribute` (
  `record_id` int(11) NOT NULL,
  `attribute_id` int(11) NOT NULL,
  `language_id` int(11) NOT NULL,
  `text` text COLLATE utf8_bin NOT NULL,
  PRIMARY KEY (`record_id`,`attribute_id`,`language_id`)
) ENGINE=MyISAM DEFAULT CHARSET=utf8 COLLATE=utf8_bin;

-- --------------------------------------------------------

--
-- Структура таблицы `record_description`
--

CREATE TABLE IF NOT EXISTS `record_description` (
  `record_id` int(11) NOT NULL AUTO_INCREMENT,
  `language_id` int(11) NOT NULL,
  `name` varchar(255) COLLATE utf8_bin NOT NULL,
  `description` text COLLATE utf8_bin NOT NULL,
  `meta_description` varchar(255) COLLATE utf8_bin NOT NULL,
  `meta_keyword` varchar(255) COLLATE utf8_bin NOT NULL,
  PRIMARY KEY (`record_id`,`language_id`),
  KEY `name` (`name`)
) ENGINE=MyISAM  DEFAULT CHARSET=utf8 COLLATE=utf8_bin AUTO_INCREMENT=74 ;

--
-- Дамп данных таблицы `record_description`
--

INSERT INTO `record_description` (`record_id`, `language_id`, `name`, `description`, `meta_description`, `meta_keyword`) VALUES
(63, 1, 'Инструкция iRobot Roomba 521', '&lt;p&gt;\r\n	Здесь можно скачать инструкцию к роботу пылесосу iRobot Roomba 521. С инструкцией можно ознакомиться и без скачивания.&lt;/p&gt;\r\n', 'Здесь можно скачать инструкцию к роботу пылесосу iRobot Roomba 521. С инструкцией можно ознакомиться и без скачивания.', 'qwe'),
(64, 1, 'йцу', '', 'йцу', 'йцу'),
(65, 1, '123', '&lt;p&gt;\r\n	123&lt;/p&gt;\r\n', '123', '123'),
(66, 1, '31233', '&lt;p&gt;\r\n	фываыфвафы&lt;/p&gt;\r\n', 'выаываф', 'ваывафыва'),
(67, 1, 'фвафывафывафыва', '&lt;p&gt;\r\n	фвафывафа&lt;/p&gt;\r\n', 'фывафывафафываф', 'фывафывафыа'),
(68, 1, 'ячсмячмячсм', '&lt;p&gt;\r\n	ясмямясмям&lt;/p&gt;\r\n', 'ывафывафав', 'ячсмямям'),
(69, 1, 'ясмячсм', '&lt;p&gt;\r\n	ясмясмямясм&lt;/p&gt;\r\n', 'ячсмячмячм', 'ясмясмясм'),
(70, 1, 'ячсмячсмячм', '&lt;p&gt;\r\n	ясмямячмясм&lt;/p&gt;\r\n', 'ячсмямям', 'ячсмячсм'),
(71, 1, 'фывафывап', '&lt;p&gt;\r\n	чсмичсичсми&lt;/p&gt;\r\n', 'чсм', 'исчмичси'),
(72, 1, 'чсмичмис', '&lt;p&gt;\r\n	чсичсмичсми&lt;/p&gt;\r\n', 'чсмичсмичсми', 'счмичсичсим'),
(73, 1, 'ывапывпаывпа', '&lt;p&gt;\r\n	ыапыавпып&lt;/p&gt;\r\n', 'ывапывапывп', 'ывпывапывпаы');

-- --------------------------------------------------------

--
-- Структура таблицы `record_discount`
--

CREATE TABLE IF NOT EXISTS `record_discount` (
  `record_discount_id` int(11) NOT NULL AUTO_INCREMENT,
  `record_id` int(11) NOT NULL,
  `customer_group_id` int(11) NOT NULL,
  `quantity` int(4) NOT NULL DEFAULT '0',
  `priority` int(5) NOT NULL DEFAULT '1',
  `price` decimal(15,4) NOT NULL DEFAULT '0.0000',
  `date_start` date NOT NULL DEFAULT '0000-00-00',
  `date_end` date NOT NULL DEFAULT '0000-00-00',
  PRIMARY KEY (`record_discount_id`),
  KEY `record_id` (`record_id`)
) ENGINE=MyISAM  DEFAULT CHARSET=utf8 COLLATE=utf8_bin AUTO_INCREMENT=441 ;

-- --------------------------------------------------------

--
-- Структура таблицы `record_image`
--

CREATE TABLE IF NOT EXISTS `record_image` (
  `record_image_id` int(11) NOT NULL AUTO_INCREMENT,
  `record_id` int(11) NOT NULL,
  `image` varchar(255) COLLATE utf8_bin DEFAULT NULL,
  `sort_order` int(3) NOT NULL DEFAULT '0',
  PRIMARY KEY (`record_image_id`)
) ENGINE=MyISAM  DEFAULT CHARSET=utf8 COLLATE=utf8_bin AUTO_INCREMENT=2356 ;

--
-- Дамп данных таблицы `record_image`
--

INSERT INTO `record_image` (`record_image_id`, `record_id`, `image`, `sort_order`) VALUES
(2355, 63, 'data/1 (2).jpg', 0);

-- --------------------------------------------------------

--
-- Структура таблицы `record_option`
--

CREATE TABLE IF NOT EXISTS `record_option` (
  `record_option_id` int(11) NOT NULL AUTO_INCREMENT,
  `record_id` int(11) NOT NULL,
  `option_id` int(11) NOT NULL,
  `option_value` text COLLATE utf8_bin NOT NULL,
  `required` tinyint(1) NOT NULL,
  PRIMARY KEY (`record_option_id`)
) ENGINE=MyISAM  DEFAULT CHARSET=utf8 COLLATE=utf8_bin AUTO_INCREMENT=227 ;

-- --------------------------------------------------------

--
-- Структура таблицы `record_option_value`
--

CREATE TABLE IF NOT EXISTS `record_option_value` (
  `record_option_value_id` int(11) NOT NULL AUTO_INCREMENT,
  `record_option_id` int(11) NOT NULL,
  `record_id` int(11) NOT NULL,
  `option_id` int(11) NOT NULL,
  `option_value_id` int(11) NOT NULL,
  `quantity` int(3) NOT NULL,
  `subtract` tinyint(1) NOT NULL,
  `price` decimal(15,4) NOT NULL,
  `price_prefix` varchar(1) COLLATE utf8_bin NOT NULL,
  `points` int(8) NOT NULL,
  `points_prefix` varchar(1) COLLATE utf8_bin NOT NULL,
  `weight` decimal(15,8) NOT NULL,
  `weight_prefix` varchar(1) COLLATE utf8_bin NOT NULL,
  PRIMARY KEY (`record_option_value_id`)
) ENGINE=MyISAM  DEFAULT CHARSET=utf8 COLLATE=utf8_bin AUTO_INCREMENT=17 ;

-- --------------------------------------------------------

--
-- Структура таблицы `record_related`
--

CREATE TABLE IF NOT EXISTS `record_related` (
  `record_id` int(11) NOT NULL,
  `related_id` int(11) NOT NULL,
  PRIMARY KEY (`record_id`,`related_id`)
) ENGINE=MyISAM DEFAULT CHARSET=utf8 COLLATE=utf8_bin;

-- --------------------------------------------------------

--
-- Структура таблицы `record_reward`
--

CREATE TABLE IF NOT EXISTS `record_reward` (
  `record_reward_id` int(11) NOT NULL AUTO_INCREMENT,
  `record_id` int(11) NOT NULL DEFAULT '0',
  `customer_group_id` int(11) NOT NULL DEFAULT '0',
  `points` int(8) NOT NULL DEFAULT '0',
  PRIMARY KEY (`record_reward_id`)
) ENGINE=MyISAM  DEFAULT CHARSET=utf8 COLLATE=utf8_bin AUTO_INCREMENT=563 ;

-- --------------------------------------------------------

--
-- Структура таблицы `record_special`
--

CREATE TABLE IF NOT EXISTS `record_special` (
  `record_special_id` int(11) NOT NULL AUTO_INCREMENT,
  `record_id` int(11) NOT NULL,
  `customer_group_id` int(11) NOT NULL,
  `priority` int(5) NOT NULL DEFAULT '1',
  `price` decimal(15,4) NOT NULL DEFAULT '0.0000',
  `date_start` date NOT NULL DEFAULT '0000-00-00',
  `date_end` date NOT NULL DEFAULT '0000-00-00',
  PRIMARY KEY (`record_special_id`),
  KEY `record_id` (`record_id`)
) ENGINE=MyISAM  DEFAULT CHARSET=utf8 COLLATE=utf8_bin AUTO_INCREMENT=440 ;

-- --------------------------------------------------------

--
-- Структура таблицы `record_tag`
--

CREATE TABLE IF NOT EXISTS `record_tag` (
  `record_tag_id` int(11) NOT NULL AUTO_INCREMENT,
  `record_id` int(11) NOT NULL,
  `language_id` int(11) NOT NULL,
  `tag` varchar(32) COLLATE utf8_bin NOT NULL,
  PRIMARY KEY (`record_tag_id`),
  KEY `record_id` (`record_id`),
  KEY `language_id` (`language_id`),
  KEY `tag` (`tag`)
) ENGINE=MyISAM  DEFAULT CHARSET=utf8 COLLATE=utf8_bin AUTO_INCREMENT=358 ;

--
-- Дамп данных таблицы `record_tag`
--

INSERT INTO `record_tag` (`record_tag_id`, `record_id`, `language_id`, `tag`) VALUES
(355, 63, 1, 'qweqwe'),
(356, 66, 1, 'фывафыва'),
(357, 67, 1, 'фвафыафа');

-- --------------------------------------------------------

--
-- Структура таблицы `record_to_blog`
--

CREATE TABLE IF NOT EXISTS `record_to_blog` (
  `record_id` int(11) NOT NULL,
  `blog_id` int(11) NOT NULL,
  PRIMARY KEY (`record_id`,`blog_id`)
) ENGINE=MyISAM DEFAULT CHARSET=utf8 COLLATE=utf8_bin;

--
-- Дамп данных таблицы `record_to_blog`
--

INSERT INTO `record_to_blog` (`record_id`, `blog_id`) VALUES
(63, 65),
(64, 66);

-- --------------------------------------------------------

--
-- Структура таблицы `record_to_download`
--

CREATE TABLE IF NOT EXISTS `record_to_download` (
  `record_id` int(11) NOT NULL,
  `download_id` int(11) NOT NULL,
  PRIMARY KEY (`record_id`,`download_id`)
) ENGINE=MyISAM DEFAULT CHARSET=utf8 COLLATE=utf8_bin;

-- --------------------------------------------------------

--
-- Структура таблицы `record_to_layout`
--

CREATE TABLE IF NOT EXISTS `record_to_layout` (
  `record_id` int(11) NOT NULL,
  `store_id` int(11) NOT NULL,
  `layout_id` int(11) NOT NULL,
  PRIMARY KEY (`record_id`,`store_id`)
) ENGINE=MyISAM DEFAULT CHARSET=utf8 COLLATE=utf8_bin;

--
-- Дамп данных таблицы `record_to_layout`
--

INSERT INTO `record_to_layout` (`record_id`, `store_id`, `layout_id`) VALUES
(63, 0, 15);

-- --------------------------------------------------------

--
-- Структура таблицы `record_to_store`
--

CREATE TABLE IF NOT EXISTS `record_to_store` (
  `record_id` int(11) NOT NULL,
  `store_id` int(11) NOT NULL DEFAULT '0',
  PRIMARY KEY (`record_id`,`store_id`)
) ENGINE=MyISAM DEFAULT CHARSET=utf8 COLLATE=utf8_bin;

--
-- Дамп данных таблицы `record_to_store`
--

INSERT INTO `record_to_store` (`record_id`, `store_id`) VALUES
(63, 0),
(64, 0),
(65, 0),
(66, 0),
(67, 0),
(68, 0),
(69, 0),
(70, 0),
(71, 0),
(72, 0),
(73, 0);

-- --------------------------------------------------------

--
-- Структура таблицы `return`
--

CREATE TABLE IF NOT EXISTS `return` (
  `return_id` int(11) NOT NULL AUTO_INCREMENT,
  `order_id` int(11) NOT NULL,
  `product_id` int(11) NOT NULL,
  `customer_id` int(11) NOT NULL,
  `firstname` varchar(32) NOT NULL,
  `lastname` varchar(32) NOT NULL,
  `email` varchar(96) NOT NULL,
  `telephone` varchar(32) NOT NULL,
  `product` varchar(255) NOT NULL,
  `model` varchar(64) NOT NULL,
  `quantity` int(4) NOT NULL,
  `opened` tinyint(1) NOT NULL,
  `return_reason_id` int(11) NOT NULL,
  `return_action_id` int(11) NOT NULL,
  `return_status_id` int(11) NOT NULL,
  `comment` text,
  `date_ordered` date NOT NULL,
  `date_added` datetime NOT NULL,
  `date_modified` datetime NOT NULL,
  PRIMARY KEY (`return_id`)
) ENGINE=MyISAM DEFAULT CHARSET=utf8 AUTO_INCREMENT=1 ;

-- --------------------------------------------------------

--
-- Структура таблицы `return_action`
--

CREATE TABLE IF NOT EXISTS `return_action` (
  `return_action_id` int(11) NOT NULL AUTO_INCREMENT,
  `language_id` int(11) NOT NULL DEFAULT '0',
  `name` varchar(64) NOT NULL DEFAULT '',
  PRIMARY KEY (`return_action_id`,`language_id`)
) ENGINE=MyISAM  DEFAULT CHARSET=utf8 AUTO_INCREMENT=4 ;

--
-- Дамп данных таблицы `return_action`
--

INSERT INTO `return_action` (`return_action_id`, `language_id`, `name`) VALUES
(1, 1, 'Возврат выполнен'),
(2, 1, 'Покупка в кредит'),
(3, 1, 'Отправлена замена');

-- --------------------------------------------------------

--
-- Структура таблицы `return_history`
--

CREATE TABLE IF NOT EXISTS `return_history` (
  `return_history_id` int(11) NOT NULL AUTO_INCREMENT,
  `return_id` int(11) NOT NULL,
  `return_status_id` int(11) NOT NULL,
  `notify` tinyint(1) NOT NULL,
  `comment` text NOT NULL,
  `date_added` datetime NOT NULL,
  PRIMARY KEY (`return_history_id`)
) ENGINE=MyISAM DEFAULT CHARSET=utf8 AUTO_INCREMENT=1 ;

-- --------------------------------------------------------

--
-- Структура таблицы `return_reason`
--

CREATE TABLE IF NOT EXISTS `return_reason` (
  `return_reason_id` int(11) NOT NULL AUTO_INCREMENT,
  `language_id` int(11) NOT NULL DEFAULT '0',
  `name` varchar(128) NOT NULL DEFAULT '',
  PRIMARY KEY (`return_reason_id`,`language_id`)
) ENGINE=MyISAM  DEFAULT CHARSET=utf8 AUTO_INCREMENT=6 ;

--
-- Дамп данных таблицы `return_reason`
--

INSERT INTO `return_reason` (`return_reason_id`, `language_id`, `name`) VALUES
(1, 1, 'Сломан при доставке'),
(2, 1, 'Отправлен не по адресу'),
(3, 1, 'Ошибка при заказе'),
(4, 1, 'Данный товар уже не нужен'),
(5, 1, 'Другое');

-- --------------------------------------------------------

--
-- Структура таблицы `return_status`
--

CREATE TABLE IF NOT EXISTS `return_status` (
  `return_status_id` int(11) NOT NULL AUTO_INCREMENT,
  `language_id` int(11) NOT NULL DEFAULT '0',
  `name` varchar(32) NOT NULL DEFAULT '',
  PRIMARY KEY (`return_status_id`,`language_id`)
) ENGINE=MyISAM  DEFAULT CHARSET=utf8 AUTO_INCREMENT=4 ;

--
-- Дамп данных таблицы `return_status`
--

INSERT INTO `return_status` (`return_status_id`, `language_id`, `name`) VALUES
(1, 1, 'Ожидание'),
(3, 1, 'Возврат выполнен'),
(2, 1, 'Ожидание товара');

-- --------------------------------------------------------

--
-- Структура таблицы `review`
--

CREATE TABLE IF NOT EXISTS `review` (
  `review_id` int(11) NOT NULL AUTO_INCREMENT,
  `product_id` int(11) NOT NULL,
  `customer_id` int(11) NOT NULL,
  `author` varchar(64) NOT NULL DEFAULT '',
  `text` text NOT NULL,
  `rating` int(1) NOT NULL,
  `status` tinyint(1) NOT NULL DEFAULT '0',
  `date_added` datetime NOT NULL DEFAULT '0000-00-00 00:00:00',
  `date_modified` datetime NOT NULL DEFAULT '0000-00-00 00:00:00',
  PRIMARY KEY (`review_id`),
  KEY `product_id` (`product_id`)
) ENGINE=MyISAM  DEFAULT CHARSET=utf8 AUTO_INCREMENT=24 ;

--
-- Дамп данных таблицы `review`
--

INSERT INTO `review` (`review_id`, `product_id`, `customer_id`, `author`, `text`, `rating`, `status`, `date_added`, `date_modified`) VALUES
(1, 51, 0, 'Денис', 'Пылесос отлично убирает шерсть животных.', 5, 1, '2012-07-07 12:46:53', '0000-00-00 00:00:00'),
(4, 52, 0, 'Алина', 'При разработке данного пылесоса, за основу бралось самое лучшее из более старых представителей данной модели, а также  современные инновационные технологии. Чудо-робот действительно на высоком уровне осуществляет уборку,  самостоятельно находя загрязнённые участки. Даже отсутствие мусорного контейнера не делает пылесос менее востребованным. ', 5, 1, '2012-12-01 12:13:40', '0000-00-00 00:00:00'),
(5, 98, 0, 'Саша К.', 'Пожалуй лучшая модель из всей  700-й линейки. Пылесос оснащён тремя координаторами, благодаря которым появляется возможность убирать довольно большие площади. Кроме того, робот без проблем  собирает как шерсть животных, так и пыль. Влажную уборку после него можно делать значительно реже. \r\n', 5, 1, '2012-12-02 01:44:54', '0000-00-00 00:00:00'),
(6, 92, 0, 'Егор ', 'Данная модель может стать отличным подарком как для жены, так и мамы. Надо сказать, что подобный робот способен на довольно высоком уровне осуществлять уборку, а в частности собирать мусор. При этом работает он очень тихо. Кроме того, нигде не застревает  и достаточно резво преодолевает  различные препятствия. Надо сказать, что подобный пылесос стоит достаточно немало, однако недостатком это назвать можно с большой натяжкой.', 5, 1, '2012-12-02 01:46:04', '0000-00-00 00:00:00'),
(7, 51, 0, 'Алла', 'Подобный чудо-пылесос  способен быстро и при этом достаточно качественно произвести уборку в вашем доме. А очистка контейнера для сбора мусора весьма удобна и не займёт у вас много времени. Умный пылесос работает практически бесшумно и в силах самостоятельно доехать до базы. Однако проблему  представляют проводу, которые нужно прибрать.  Цена агрегата может порадовать далеко не каждого, однако качество того стоит.', 5, 1, '2012-12-02 01:47:55', '0000-00-00 00:00:00'),
(8, 150, 0, 'Кирилл', 'Удобный агрегат для качественной уборки, однако стоимость, мягко говоря немаленькая. \r\n Пылесос оснащён довольно широким функционалом с возможностью различного программирования, а также достаточно удобный контейнером. Кроме того, обладает мощным мотором, при этом работает практически бесшумно.\r\nСтоит отметить, что влажную уборку данная модель делает не очень качественно и в режиме  авто довольно плохо ориентируется.\r\n', 4, 1, '2012-12-02 01:48:44', '0000-00-00 00:00:00'),
(9, 57, 0, 'Андрей Л.', 'Отличная и качественная модель для осуществления в доме влажной уборки. Для мытья, агрегат использует только чистую воду, а уже использованную он сливает в специально предназначенный резервуар. Процесс уборки занимает минимальное количество времени, а также усилий с вашей стороны. Однако стоит отметить, что данная  модель не заменяет пылесос, и к тому же достаточно шумно работает.', 4, 1, '2012-12-02 01:50:20', '0000-00-00 00:00:00'),
(10, 56, 0, 'Мария', 'Отличная и качественная модель, которая сможет помочь вам в уборке по дому.  В доме с подобным агрегатом чисто будет  всегда и вам даже не придётся пользоваться веником. Робот достаточно прост в управлении, имеет довольно широкий функционал и при этом работает практически бесшумно. Но следует отметить, что пылесос неравнодушен к проводам – перед уборкой их нужно убирать, кроме того он может застревать под мебелью.', 5, 1, '2012-12-02 01:51:01', '0000-00-00 00:00:00'),
(11, 74, 0, 'Филипп', 'Подобная модель может стать отличным помощником  для уборки, в которой вам даже не придется участвовать. Достаточно лишь запрограммировать робота и он выполнит всю работу самостоятельно.  Легко программируется, имеет функцию самоочищения, кроме того, практически никогда не застревает', 5, 1, '2012-12-02 01:51:44', '0000-00-00 00:00:00'),
(12, 87, 0, 'Юрий', 'Хороший и довольно качественный агрегат, который способен помочь вам уборкой квартиры.  Работает  совершенно на любом покрытия. Подобное изделие оснащено достаточно широким функционалом, который довольно удобен в управлении.', 5, 1, '2012-12-02 01:52:39', '0000-00-00 00:00:00'),
(13, 80, 0, 'Дамир К.', 'Данная модель имеет достаточно качественные щётки,  благодаря которым уборка выполняется на высоком уровне. Кроме того, агрегат имеет широкий функционал, а также большой контейнер для мусора. Однако надо сказать, что как и другие модели, он имеет привычку застревать под мебелью.', 4, 1, '2012-12-02 01:53:59', '0000-00-00 00:00:00'),
(15, 52, 0, 'Вова', 'Прежде чем купить этот пылесос очень много лазил по интернету. В итоге остановился на этой модели и iclebo arte. Вообщем оказался весьма доволен покупкой. Модель, конечно более дорогая чем арте, и, возможно, в больше степени из-за бренда, но потраченных денег я не жалею. пылесос работает исправно, мою квартиру в 140 м2 убирает сам без моего участия.', 5, 1, '2012-12-08 21:51:11', '0000-00-00 00:00:00'),
(16, 92, 0, 'Андрей', 'Отличная модель, приобретением доволен. Дома с успехом убирает залу и коридор от шерсти собаки(и там и там ламинат). Вообщем, не смотря на высокую цену, пылесосом доволен, нареканий по качеству или работе нет.', 5, 1, '2012-12-08 21:52:20', '0000-00-00 00:00:00'),
(17, 98, 0, 'Леша', 'Что сказать топовая модель irobot, айфон среди пылесосов) Аппаратом доволен, когда покупал рассчитывал на меньшее. Прекрасно убирает шерсть,пыль, мелкий мусор с паркета. Плюс кошка очень довольна, все время за ним носится.', 5, 1, '2012-12-08 21:52:07', '0000-00-00 00:00:00'),
(18, 57, 0, 'Денис', 'Интересный пылесос, данная модель отличается от большинства других тем, что он моющий. Покупал его для того, чтобы он в мое отсутствие протирал пол по всей квартире, с этой задачей аппарат справляется. В итоге дома всегда свежо. Как писал автор выше пылесос немного шумноват, но лично меня это не особо напрягает.', 5, 1, '2012-12-08 21:51:48', '0000-00-00 00:00:00'),
(19, 92, 0, 'Иван', 'Отличный аппарат за свою цену. По функционалу ничем не уступает более дорогим irobot 780. С плюсов этого аппарата можно назвать долгое время работы от аккумулятора, хорошо ищет базу, может преодолевать небольшие препятствия. Из недостатков он немного шумноват, но думаю это проблема всех пылесосов.', 5, 1, '2012-12-08 21:51:27', '0000-00-00 00:00:00'),
(21, 157, 0, 'Анастасия', 'Всегда находит базу, уверено перемещается по квартире,грязи после себя не оставляет, сложные места убирает дважды. \r\nНравится что можно задать время уборки (у меня убирает раз в два дня днем, когда я на работе). \r\nОчень довольна приобретением!\r\n', 5, 1, '2013-07-14 19:13:02', '0000-00-00 00:00:00'),
(22, 156, 0, 'Сергей', 'Купил сегодня iclebo arte в подарок. Магазин классный,доставили быстро (четко в обговоренное время) во всем идут навстречу клиенту. ', 5, 1, '2013-07-14 19:12:51', '0000-00-00 00:00:00'),
(23, 156, 0, 'Миша', 'Благодарю Vseroboty за помощь в выборе домашнего помощника! \r\nПользуюсь им чуть меньше месяца. В целом очень нравится, экономит время, не шумный? способен убрать там, где обычным пылесосом не подлезешь...  Из недостатков - иногда застревает на коврах.\r\nНо в целом приобретением доволен.', 5, 1, '2013-07-14 19:12:41', '0000-00-00 00:00:00');

-- --------------------------------------------------------

--
-- Структура таблицы `setting`
--

CREATE TABLE IF NOT EXISTS `setting` (
  `setting_id` int(11) NOT NULL AUTO_INCREMENT,
  `store_id` int(11) NOT NULL DEFAULT '0',
  `group` varchar(32) NOT NULL,
  `key` varchar(64) NOT NULL DEFAULT '',
  `value` text NOT NULL,
  `serialized` tinyint(1) NOT NULL,
  PRIMARY KEY (`setting_id`)
) ENGINE=MyISAM  DEFAULT CHARSET=utf8 AUTO_INCREMENT=12559 ;

--
-- Дамп данных таблицы `setting`
--

INSERT INTO `setting` (`setting_id`, `store_id`, `group`, `key`, `value`, `serialized`) VALUES
(12387, 0, 'shipping', 'shipping_sort_order', '3', 0),
(2, 0, 'sub_total', 'sub_total_sort_order', '1', 0),
(3, 0, 'sub_total', 'sub_total_status', '1', 0),
(6735, 0, 'tax', 'tax_sort_order', '5', 0),
(5, 0, 'total', 'total_sort_order', '9', 0),
(6, 0, 'total', 'total_status', '1', 0),
(6734, 0, 'tax', 'tax_status', '0', 0),
(8, 0, 'free_checkout', 'free_checkout_sort_order', '1', 0),
(9, 0, 'cod', 'cod_sort_order', '5', 0),
(10, 0, 'cod', 'cod_total', '0.01', 0),
(11, 0, 'cod', 'cod_order_status_id', '1', 0),
(12, 0, 'cod', 'cod_geo_zone_id', '0', 0),
(13, 0, 'cod', 'cod_status', '1', 0),
(12386, 0, 'shipping', 'shipping_status', '0', 0),
(12385, 0, 'shipping', 'shipping_estimator', '0', 0),
(8729, 0, 'randprod', 'randprod_module', 'a:1:{i:0;a:7:{s:5:"limit";s:1:"5";s:11:"image_width";s:3:"130";s:12:"image_height";s:3:"130";s:9:"layout_id";s:1:"1";s:8:"position";s:14:"content_bottom";s:6:"status";s:1:"0";s:10:"sort_order";s:1:"7";}}', 1),
(7550, 0, 'yandex_market', 'yandex_market_company', '', 0),
(7549, 0, 'yandex_market', 'yandex_market_shopname', '', 0),
(7548, 0, 'yandex_market', 'yandex_market_status', '1', 0),
(7551, 0, 'yandex_market', 'yandex_market_categories', '62,79,80,83,81,82,84,85', 0),
(12384, 0, 'news', 'news_popup_height', '100', 0),
(27, 0, 'coupon', 'coupon_sort_order', '4', 0),
(28, 0, 'coupon', 'coupon_status', '1', 0),
(12383, 0, 'news', 'news_popup_width', '100', 0),
(12110, 0, 'free', 'free_sort_order', '3', 0),
(12106, 0, 'flat', 'flat_sort_order', '1', 0),
(12105, 0, 'flat', 'flat_status', '0', 0),
(12104, 0, 'flat', 'flat_geo_zone_id', '0', 0),
(12103, 0, 'flat', 'flat_tax_class_id', '0', 0),
(12102, 0, 'flat', 'flat_cost', '300', 0),
(42, 0, 'credit', 'credit_sort_order', '7', 0),
(43, 0, 'credit', 'credit_status', '1', 0),
(6737, 0, 'reward', 'reward_sort_order', '2', 0),
(6736, 0, 'reward', 'reward_status', '0', 0),
(56, 0, 'affiliate', 'affiliate_module', 'a:1:{i:0;a:4:{s:9:"layout_id";s:2:"10";s:8:"position";s:12:"column_right";s:6:"status";s:1:"1";s:10:"sort_order";s:1:"1";}}', 1),
(57, 0, 'category', 'category_module', 'a:2:{i:0;a:5:{s:9:"layout_id";s:1:"3";s:8:"position";s:11:"column_left";s:5:"count";s:1:"0";s:6:"status";s:1:"1";s:10:"sort_order";s:1:"1";}i:1;a:5:{s:9:"layout_id";s:1:"2";s:8:"position";s:11:"column_left";s:5:"count";s:1:"0";s:6:"status";s:1:"1";s:10:"sort_order";s:1:"1";}}', 1),
(60, 0, 'account', 'account_module', 'a:1:{i:0;a:4:{s:9:"layout_id";s:1:"6";s:8:"position";s:12:"column_right";s:6:"status";s:1:"1";s:10:"sort_order";s:1:"1";}}', 1),
(12506, 0, 'config', 'config_error_log', '1', 0),
(12507, 0, 'config', 'config_error_filename', 'error.txt', 0),
(12508, 0, 'config', 'config_google_analytics', '&lt;script type=&quot;text/javascript&quot;&gt;\r\n\r\n  var _gaq = _gaq || [];\r\n  _gaq.push([''_setAccount'', ''UA-33926371-1'']);\r\n  _gaq.push([''_trackPageview'']);\r\n\r\n  (function() {\r\n    var ga = document.createElement(''script''); ga.type = ''text/javascript''; ga.async = true;\r\n    ga.src = (''https:'' == document.location.protocol ? ''https://ssl'' : ''http://www'') + ''.google-analytics.com/ga.js'';\r\n    var s = document.getElementsByTagName(''script'')[0]; s.parentNode.insertBefore(ga, s);\r\n  })();\r\n\r\n&lt;/script&gt;\r\n&lt;!-- Yandex.Metrika counter --&gt;\r\n&lt;script type=&quot;text/javascript&quot;&gt;\r\n(function (d, w, c) {\r\n    (w[c] = w[c] || []).push(function() {\r\n        try {\r\n            w.yaCounter15125227 = new Ya.Metrika({id:15125227, enableAll: true, webvisor:true});\r\n        } catch(e) { }\r\n    });\r\n    \r\n    var n = d.getElementsByTagName(&quot;script&quot;)[0],\r\n        s = d.createElement(&quot;script&quot;),\r\n        f = function () { n.parentNode.insertBefore(s, n); };\r\n    s.type = &quot;text/javascript&quot;;\r\n    s.async = true;\r\n    s.src = (d.location.protocol == &quot;https:&quot; ? &quot;https:&quot; : &quot;http:&quot;) + &quot;//mc.yandex.ru/metrika/watch.js&quot;;\r\n\r\n    if (w.opera == &quot;[object Opera]&quot;) {\r\n        d.addEventListener(&quot;DOMContentLoaded&quot;, f);\r\n    } else { f(); }\r\n})(document, window, &quot;yandex_metrika_callbacks&quot;);\r\n&lt;/script&gt;\r\n&lt;noscript&gt;&lt;div&gt;&lt;img src=&quot;//mc.yandex.ru/watch/15125227&quot; style=&quot;position:absolute; left:-9999px;&quot; alt=&quot;&quot; /&gt;&lt;/div&gt;&lt;/noscript&gt;\r\n&lt;!-- /Yandex.Metrika counter --&gt;', 0),
(12505, 0, 'config', 'config_error_display', '0', 0),
(12504, 0, 'config', 'config_compression', '0', 0),
(6733, 0, 'voucher', 'voucher_sort_order', '8', 0),
(6732, 0, 'voucher', 'voucher_status', '0', 0),
(102, 0, 'free_checkout', 'free_checkout_status', '1', 0),
(103, 0, 'free_checkout', 'free_checkout_order_status_id', '1', 0),
(12503, 0, 'config', 'config_encryption', 'ofjirefjirejfirejfire83892389124ewjfkewjfierjfirjf', 0),
(9887, 0, 'page_content', 'page_content_module', 'a:1:{i:1;a:8:{s:9:"startdate";a:1:{i:1;s:0:"";}s:7:"enddate";a:1:{i:1;s:0:"";}s:5:"title";a:1:{i:1;s:176:"&lt;h1&gt;\r\n	&lt;span style=&quot;font-size:14px;&quot;&gt;Добро пожаловать в интернет-магазин ВсеРоботы.ру!&lt;/span&gt;&lt;/h1&gt;\r\n";}s:11:"description";a:1:{i:1;s:3998:"&lt;p&gt;\r\n	Роботизированные устройства всё теснее входят в нашу жизнь. Никого уже не удивишь пылесосом или чистящим бассейн роботом. Выбор предложений на рынке увеличивается с каждым месяцем, всё больше производителей разрабатывают собственные механизмы.&lt;/p&gt;\r\n&lt;p&gt;\r\n	Если раньше роботы выпускались специализированными небольшими компаниями, то сейчас со своими моделями выходят на рынок такие гиганты как LG, Samsung и Karcher.&lt;/p&gt;\r\n&lt;p&gt;\r\n	Запутаться в таком изобилии товаров очень легко, но на Vseroboty.ru вы всегда сможете найти подробное описание товаров и узнать их достоинства. На все товары, купленные в нашем интернет-магазине, распространяется гарантия производителя.&lt;/p&gt;\r\n&lt;p&gt;\r\n	В нашем интернет магазине вы найдёте &lt;a href=&quot;http://roboti.grishinmikhail.com/vacuum-cleaner/&quot;&gt;&lt;strong&gt;роботы-пылесосы&lt;/strong&gt;&lt;/a&gt;&lt;strong&gt;&lt;/strong&gt;, как премиум-класса от &lt;a href=&quot;http://roboti.grishinmikhail.com/vacuum-cleaner/cat-irobot/&quot;&gt;iRobot&lt;/a&gt;&amp;nbsp;или &lt;a href=&quot;http://roboti.grishinmikhail.com/vacuum-cleaner/iclebo-arte.html&quot;&gt;iClebo Arte&lt;/a&gt;, так и недорогие решения от китайских производителей.&lt;/p&gt;\r\n&lt;p&gt;\r\n	Владельцев частных домов заинтересует робот для чистки бассейна, который не только обеспечивает качественную очистку, но и позволяет экономить на расходных материалах для бассейна. Идеально ровный газон при минимуме усилий обеспечат роботы-газонокосилки.&lt;/p&gt;\r\n&lt;p&gt;\r\n	На Vseroboty.ru предлагается также широкий ассортимент развлекательных роботизированных игрушек, которые обязательно доставят радость ребёнку.&lt;/p&gt;\r\n&lt;p&gt;\r\n	С микророботами можно организовывать настоящие соревнования на скорость или преодоление препятствий. Вертолёты разных классов позволят попробовать себя в авиамоделировании начинающим или сменить свою модель на более продвинутую опытным пилотам. Разнообразные машинки: от багги до шоссейных - всегда порадуют мальчиков, а девочки будут в восторге от интерактивных мягких игрушек.&lt;/p&gt;\r\n&lt;p&gt;\r\n	Также у нас есть проффесиоанльные роботы и комлектующие&amp;nbsp;для них.&lt;/p&gt;\r\n&lt;p&gt;\r\n	Покупая на Vseroboty.ru, вы получаете:&lt;/p&gt;\r\n&lt;ul&gt;\r\n	&lt;li&gt;\r\n		Большой выбор самых последних моделей роботов.&lt;/li&gt;\r\n	&lt;li&gt;\r\n		Подробное описание товаров.&lt;/li&gt;\r\n	&lt;li&gt;\r\n		Быстрое и качественное обслуживание.&lt;/li&gt;\r\n	&lt;li&gt;\r\n		Гарантию от производителя на весь купленный товар.&lt;/li&gt;\r\n&lt;/ul&gt;\r\n";}s:9:"layout_id";s:1:"1";s:8:"position";s:14:"content_bottom";s:6:"status";s:1:"1";s:10:"sort_order";s:2:"12";}}', 1),
(12555, 0, 'filter', 'filter_style', 'filter3.tpl', 0),
(12556, 0, 'filter', 'filter_module', 'a:2:{i:0;a:4:{s:9:"layout_id";s:1:"3";s:8:"position";s:12:"column_right";s:6:"status";s:1:"1";s:10:"sort_order";s:0:"";}i:1;a:4:{s:9:"layout_id";s:1:"1";s:8:"position";s:12:"column_right";s:6:"status";s:1:"0";s:10:"sort_order";s:1:"1";}}', 1),
(11973, 0, 'testimonial', 'testimonial_module', 'a:1:{i:1;a:6:{s:17:"testimonial_title";a:1:{i:1;s:35:"Отзывы покупателей";}s:17:"testimonial_limit";s:1:"5";s:9:"layout_id";s:1:"1";s:8:"position";s:12:"column_right";s:6:"status";s:1:"0";s:10:"sort_order";s:1:"4";}}', 1),
(12502, 0, 'config', 'config_seo_url_postfix', '.html', 0),
(12501, 0, 'config', 'config_seo_url_include_path', '1', 0),
(12500, 0, 'config', 'config_seo_url_type', 'seo_pro', 0),
(12499, 0, 'config', 'config_seo_url', '1', 0),
(12498, 0, 'config', 'config_maintenance', '0', 0),
(12497, 0, 'config', 'config_use_ssl', '0', 0),
(12496, 0, 'config', 'config_symbols_nsearch', '300', 0),
(12495, 0, 'config', 'config_symbols_ncategory', '300', 0),
(12492, 0, 'config', 'config_mod_news', '150', 0),
(12493, 0, 'config', 'config_mod_news_side', '100', 0),
(12494, 0, 'config', 'config_symbols_headlines', '400', 0),
(12491, 0, 'config', 'config_bnews_order', '0', 0),
(12490, 0, 'config', 'config_bnews_thumb_height', '150', 0),
(12489, 0, 'config', 'config_bnews_thumb_width', '150', 0),
(12488, 0, 'config', 'config_bnews_image_height', '80', 0),
(12487, 0, 'config', 'config_bnews_image_width', '80', 0),
(12486, 0, 'config', 'config_image_ncategory_height', '80', 0),
(12485, 0, 'config', 'config_image_ncategory_width', '80', 0),
(12481, 0, 'config', 'config_sms_copy', '', 0),
(12482, 0, 'config', 'config_sms_message', '', 0),
(12483, 0, 'config', 'config_sms_gate_username', '', 0),
(12484, 0, 'config', 'config_sms_gate_password', '', 0),
(12479, 0, 'config', 'config_sms_from', '', 0),
(12480, 0, 'config', 'config_sms_to', '', 0),
(12478, 0, 'config', 'config_sms_gatename', 'alphasms', 0),
(12477, 0, 'config', 'config_sms_alert', '0', 0),
(12476, 0, 'config', 'config_fraud_status_id', '14', 0),
(12475, 0, 'config', 'config_fraud_score', '', 0),
(12474, 0, 'config', 'config_fraud_key', '', 0),
(12472, 0, 'config', 'config_alert_emails', '', 0),
(12473, 0, 'config', 'config_fraud_detection', '0', 0),
(12470, 0, 'config', 'config_alert_mail', '1', 0),
(12471, 0, 'config', 'config_account_mail', '1', 0),
(12469, 0, 'config', 'config_smtp_timeout', '5', 0),
(12468, 0, 'config', 'config_smtp_port', '25', 0),
(12466, 0, 'config', 'config_smtp_username', '', 0),
(12467, 0, 'config', 'config_smtp_password', '', 0),
(12464, 0, 'config', 'config_mail_parameter', '', 0),
(12465, 0, 'config', 'config_smtp_host', '', 0),
(12463, 0, 'config', 'config_mail_protocol', 'mail', 0),
(12461, 0, 'config', 'config_image_cart_width', '70', 0),
(12462, 0, 'config', 'config_image_cart_height', '70', 0),
(12460, 0, 'config', 'config_image_wishlist_height', '100', 0),
(12459, 0, 'config', 'config_image_wishlist_width', '100', 0),
(12458, 0, 'config', 'config_image_compare_height', '110', 0),
(12457, 0, 'config', 'config_image_compare_width', '110', 0),
(12455, 0, 'config', 'config_image_related_width', '130', 0),
(12453, 0, 'config', 'config_image_additional_width', '80', 0),
(2936, 0, 'video', 'video_module', 'a:1:{s:10:"video_code";s:173:"&lt;iframe width=&quot;560&quot; height=&quot;315&quot; src=&quot;http://www.youtube.com/embed/8Jke6pUO0T0&quot; frameborder=&quot;0&quot; allowfullscreen&gt;&lt;/iframe&gt;";}', 1),
(12456, 0, 'config', 'config_image_related_height', '130', 0),
(12454, 0, 'config', 'config_image_additional_height', '80', 0),
(12541, 0, 'sidebarsearch', 'sidebarsearch_module', 'a:4:{i:0;a:4:{s:9:"layout_id";s:1:"1";s:8:"position";s:12:"column_right";s:6:"status";s:1:"0";s:10:"sort_order";s:1:"1";}i:1;a:4:{s:9:"layout_id";s:1:"3";s:8:"position";s:12:"column_right";s:6:"status";s:1:"0";s:10:"sort_order";s:1:"1";}i:2;a:4:{s:9:"layout_id";s:1:"2";s:8:"position";s:12:"column_right";s:6:"status";s:1:"0";s:10:"sort_order";s:1:"1";}i:3;a:4:{s:9:"layout_id";s:2:"15";s:8:"position";s:12:"column_right";s:6:"status";s:1:"0";s:10:"sort_order";s:3:"100";}}', 1),
(12092, 0, 'google_sitemap', 'google_sitemap_status', '0', 0),
(12452, 0, 'config', 'config_image_product_height', '166', 0),
(12382, 0, 'news', 'news_thumb_height', '100', 0),
(12381, 0, 'news', 'news_thumb_width', '100', 0),
(12451, 0, 'config', 'config_image_product_width', '166', 0),
(12450, 0, 'config', 'config_image_popup_height', '550', 0),
(12449, 0, 'config', 'config_image_popup_width', '550', 0),
(12448, 0, 'config', 'config_image_thumb_height', '270', 0),
(12447, 0, 'config', 'config_image_thumb_width', '270', 0),
(12446, 0, 'config', 'config_image_category_height', '80', 0),
(12445, 0, 'config', 'config_image_category_width', '80', 0),
(12444, 0, 'config', 'config_icon', 'data/cart.png', 0),
(12443, 0, 'config', 'config_logo', 'data/logo-460.png', 0),
(12442, 0, 'config', 'config_return_status_id', '2', 0),
(12109, 0, 'free', 'free_status', '1', 0),
(12108, 0, 'free', 'free_geo_zone_id', '0', 0),
(12107, 0, 'free', 'free_total', '0', 0),
(12441, 0, 'config', 'config_commission', '5', 0),
(12440, 0, 'config', 'config_affiliate_id', '0', 0),
(12439, 0, 'config', 'config_stock_status_id', '8', 0),
(12438, 0, 'config', 'config_stock_checkout', '1', 0),
(12437, 0, 'config', 'config_stock_warning', '0', 0),
(12436, 0, 'config', 'config_stock_display', '0', 0),
(12435, 0, 'config', 'config_complete_status_id', '5', 0),
(12434, 0, 'config', 'config_order_status_id', '2', 0),
(12380, 0, 'news', 'news_headline_chars', '100', 0),
(7552, 0, 'yandex_market', 'yandex_market_currency', 'RUB', 0),
(7553, 0, 'yandex_market', 'yandex_market_in_stock', '7', 0),
(7554, 0, 'yandex_market', 'yandex_market_out_of_stock', '5', 0),
(12430, 0, 'config', 'config_guest_checkout', '1', 0),
(12431, 0, 'config', 'config_checkout_id', '0', 0),
(12432, 0, 'config', 'config_order_edit', '100', 0),
(8275, 0, 'store', 'store_admin', '0', 0),
(12554, 0, 'carousel', 'carousel_module', 'a:1:{i:0;a:9:{s:9:"banner_id";s:1:"8";s:5:"limit";s:1:"5";s:6:"scroll";s:1:"1";s:5:"width";s:3:"120";s:6:"height";s:3:"120";s:9:"layout_id";s:1:"1";s:8:"position";s:14:"content_bottom";s:6:"status";s:1:"1";s:10:"sort_order";s:2:"13";}}', 1),
(12433, 0, 'config', 'config_invoice_prefix', 'INV-2012-00', 0),
(12428, 0, 'config', 'config_account_id', '0', 0),
(12429, 0, 'config', 'config_cart_weight', '0', 0),
(12427, 0, 'config', 'config_customer_price', '0', 0),
(12426, 0, 'config', 'config_customer_group_display', 'a:1:{i:0;s:1:"1";}', 1),
(12425, 0, 'config', 'config_customer_group_id', '1', 0),
(12424, 0, 'config', 'config_tax_customer', 'shipping', 0),
(12422, 0, 'config', 'config_vat', '0', 0),
(12423, 0, 'config', 'config_tax_default', 'shipping', 0),
(12420, 0, 'config', 'config_voucher_max', '1000000', 0),
(12421, 0, 'config', 'config_tax', '0', 0),
(12419, 0, 'config', 'config_voucher_min', '1000', 0),
(12415, 0, 'config', 'config_admin_limit', '50', 0),
(12416, 0, 'config', 'config_review_status', '1', 0),
(12417, 0, 'config', 'config_download', '1', 0),
(12418, 0, 'config', 'config_upload_allowed', 'jpg, JPG, jpeg, gif, png, txt', 0),
(12405, 0, 'config', 'config_zone_id', '2761', 0),
(12406, 0, 'config', 'config_language', 'ru', 0),
(12407, 0, 'config', 'config_admin_language', 'ru', 0),
(12408, 0, 'config', 'config_currency', 'RUB', 0),
(12409, 0, 'config', 'config_currency_auto', '1', 0),
(12410, 0, 'config', 'config_length_class_id', '1', 0),
(12411, 0, 'config', 'config_weight_class_id', '1', 0),
(12412, 0, 'config', 'config_main_menu', '0', 0),
(12413, 0, 'config', 'config_product_count', '0', 0),
(12414, 0, 'config', 'config_catalog_limit', '20', 0),
(12404, 0, 'config', 'config_country_id', '176', 0),
(12403, 0, 'config', 'config_layout_id', '4', 0),
(12402, 0, 'config', 'config_template', 'default', 0),
(12394, 0, 'config', 'config_name', 'ВсеРоботы.ру', 0),
(12395, 0, 'config', 'config_owner', 'ВсеРоботы.ру', 0),
(12396, 0, 'config', 'config_address', 'г. Москва, Ленинский проспект 55А', 0),
(12397, 0, 'config', 'config_email', 'vseroboty@mail.ru, info@qrobot.ru, aduhovnyj@yandex.ru', 0),
(12398, 0, 'config', 'config_telephone', '+7(499) 347 02 75', 0),
(12399, 0, 'config', 'config_fax', '', 0),
(12400, 0, 'config', 'config_title', 'Все Роботы: роботы пылесосы iRobot, iClebo, Deebot, роботы для бассейна и газона, роботы игрушки', 0),
(12401, 0, 'config', 'config_meta_description', 'Роботы-пылесосы iClebo. Робот пылесос, роботы игрушки, роботы газонокосилки, роботы для чистки бассейна, профессиональные роботы, комплектующие к роботам. ', 0),
(12536, 0, 'featured', 'featured_module', 'a:1:{i:0;a:7:{s:5:"limit";s:2:"15";s:11:"image_width";s:3:"130";s:12:"image_height";s:3:"130";s:9:"layout_id";s:1:"1";s:8:"position";s:11:"content_top";s:6:"status";s:1:"1";s:10:"sort_order";s:1:"2";}}', 1),
(12552, 0, 'banner', 'banner_module', 'a:2:{i:0;a:7:{s:9:"banner_id";s:1:"6";s:5:"width";s:3:"182";s:6:"height";s:3:"182";s:9:"layout_id";s:1:"1";s:8:"position";s:14:"content_bottom";s:6:"status";s:1:"0";s:10:"sort_order";s:1:"3";}i:1;a:7:{s:9:"banner_id";s:1:"9";s:5:"width";s:3:"182";s:6:"height";s:3:"182";s:9:"layout_id";s:1:"1";s:8:"position";s:12:"column_right";s:6:"status";s:1:"0";s:10:"sort_order";s:1:"1";}}', 1),
(12527, 0, 'blog', 'blog_module', 'a:1:{i:0;a:4:{s:9:"layout_id";s:2:"15";s:8:"position";s:12:"column_right";s:6:"status";s:1:"1";s:10:"sort_order";s:1:"1";}}', 1),
(12535, 0, 'featured', 'featured_product', '98,161,157,87,92,110', 0),
(12534, 0, 'featured', 'product', 'Ро', 0),
(12548, 0, 'glavblog', 'glavblog_module', 'a:1:{i:1;a:4:{s:9:"layout_id";s:1:"1";s:8:"position";s:14:"content_bottom";s:6:"status";s:1:"1";s:10:"sort_order";s:1:"1";}}', 1),
(12558, 0, 'slideshow', 'slideshow_module', 'a:1:{i:0;a:7:{s:9:"banner_id";s:1:"7";s:5:"width";s:4:"1040";s:6:"height";s:3:"280";s:9:"layout_id";s:1:"1";s:8:"position";s:11:"content_top";s:6:"status";s:1:"1";s:10:"sort_order";s:1:"1";}}', 1);

-- --------------------------------------------------------

--
-- Структура таблицы `shop_rewies`
--

CREATE TABLE IF NOT EXISTS `shop_rewies` (
  `id` int(5) NOT NULL AUTO_INCREMENT,
  `name` varchar(200) NOT NULL,
  `city` varchar(100) NOT NULL,
  `text` varchar(400) NOT NULL,
  `foto` varchar(100) NOT NULL,
  PRIMARY KEY (`id`)
) ENGINE=MyISAM  DEFAULT CHARSET=utf8 AUTO_INCREMENT=9 ;

--
-- Дамп данных таблицы `shop_rewies`
--

INSERT INTO `shop_rewies` (`id`, `name`, `city`, `text`, `foto`) VALUES
(5, 'Сергей', 'Саратов', 'отличный магазинчик', '1342360529177dfb3.jpg'),
(8, 'dyanhakelifxpco', 'МОСКВА', 'Здравствуйте! \r\nЗаконно по договору сделаем на частных лиц и сотрудников организаций пропуска в метrо в сеть немецких магазинов  МЕТРО КЕШ ЭНД КЕРРИ:карточка metro только с вашим фото(делается при вас в самом магазине METRO),с индификационным номером,кодом,магнитной полосой, названием организации, от которой вы будете нами зарегистрированы. Вы можете проводить с собой двух человек. Пропуска в метr', ''),
(7, 'Денис', 'Москва', 'Большой выбор и низкие цены!', '');

-- --------------------------------------------------------

--
-- Структура таблицы `stock_status`
--

CREATE TABLE IF NOT EXISTS `stock_status` (
  `stock_status_id` int(11) NOT NULL AUTO_INCREMENT,
  `language_id` int(11) NOT NULL,
  `name` varchar(32) NOT NULL,
  PRIMARY KEY (`stock_status_id`,`language_id`)
) ENGINE=MyISAM  DEFAULT CHARSET=utf8 AUTO_INCREMENT=10 ;

--
-- Дамп данных таблицы `stock_status`
--

INSERT INTO `stock_status` (`stock_status_id`, `language_id`, `name`) VALUES
(7, 1, 'В наличии'),
(8, 1, 'Предзаказ'),
(5, 1, 'Нет в наличии'),
(6, 1, 'Ожидание 2-3 дня'),
(9, 1, 'Снят с производства');

-- --------------------------------------------------------

--
-- Структура таблицы `store`
--

CREATE TABLE IF NOT EXISTS `store` (
  `store_id` int(11) NOT NULL AUTO_INCREMENT,
  `name` varchar(64) NOT NULL,
  `url` varchar(255) NOT NULL,
  `ssl` varchar(255) NOT NULL,
  PRIMARY KEY (`store_id`)
) ENGINE=MyISAM DEFAULT CHARSET=utf8 AUTO_INCREMENT=1 ;

-- --------------------------------------------------------

--
-- Структура таблицы `tax_class`
--

CREATE TABLE IF NOT EXISTS `tax_class` (
  `tax_class_id` int(11) NOT NULL AUTO_INCREMENT,
  `title` varchar(32) NOT NULL DEFAULT '',
  `description` varchar(255) NOT NULL DEFAULT '',
  `date_added` datetime NOT NULL DEFAULT '0000-00-00 00:00:00',
  `date_modified` datetime NOT NULL DEFAULT '0000-00-00 00:00:00',
  PRIMARY KEY (`tax_class_id`)
) ENGINE=MyISAM  DEFAULT CHARSET=utf8 AUTO_INCREMENT=10 ;

--
-- Дамп данных таблицы `tax_class`
--

INSERT INTO `tax_class` (`tax_class_id`, `title`, `description`, `date_added`, `date_modified`) VALUES
(9, 'Налоги', 'Облагаемые налогом', '2009-01-06 23:21:53', '2011-03-09 21:17:10');

-- --------------------------------------------------------

--
-- Структура таблицы `tax_rate`
--

CREATE TABLE IF NOT EXISTS `tax_rate` (
  `tax_rate_id` int(11) NOT NULL AUTO_INCREMENT,
  `geo_zone_id` int(11) NOT NULL DEFAULT '0',
  `name` varchar(32) NOT NULL,
  `rate` decimal(15,4) NOT NULL DEFAULT '0.0000',
  `type` char(1) NOT NULL,
  `date_added` datetime NOT NULL DEFAULT '0000-00-00 00:00:00',
  `date_modified` datetime NOT NULL DEFAULT '0000-00-00 00:00:00',
  PRIMARY KEY (`tax_rate_id`)
) ENGINE=MyISAM  DEFAULT CHARSET=utf8 AUTO_INCREMENT=88 ;

--
-- Дамп данных таблицы `tax_rate`
--

INSERT INTO `tax_rate` (`tax_rate_id`, `geo_zone_id`, `name`, `rate`, `type`, `date_added`, `date_modified`) VALUES
(86, 3, 'НДС 18%', 18.0000, 'P', '2011-03-09 21:17:10', '2011-09-22 22:24:29'),
(87, 3, 'Eco Tax (-2.00)', 2.0000, 'F', '2011-09-21 21:49:23', '2011-09-23 00:40:19');

-- --------------------------------------------------------

--
-- Структура таблицы `tax_rate_to_customer_group`
--

CREATE TABLE IF NOT EXISTS `tax_rate_to_customer_group` (
  `tax_rate_id` int(11) NOT NULL,
  `customer_group_id` int(11) NOT NULL,
  PRIMARY KEY (`tax_rate_id`,`customer_group_id`)
) ENGINE=MyISAM DEFAULT CHARSET=utf8;

--
-- Дамп данных таблицы `tax_rate_to_customer_group`
--

INSERT INTO `tax_rate_to_customer_group` (`tax_rate_id`, `customer_group_id`) VALUES
(86, 6),
(86, 8),
(87, 6),
(87, 8);

-- --------------------------------------------------------

--
-- Структура таблицы `tax_rule`
--

CREATE TABLE IF NOT EXISTS `tax_rule` (
  `tax_rule_id` int(11) NOT NULL AUTO_INCREMENT,
  `tax_class_id` int(11) NOT NULL,
  `tax_rate_id` int(11) NOT NULL,
  `based` varchar(10) NOT NULL,
  `priority` int(5) NOT NULL DEFAULT '1',
  PRIMARY KEY (`tax_rule_id`)
) ENGINE=MyISAM  DEFAULT CHARSET=utf8 AUTO_INCREMENT=129 ;

--
-- Дамп данных таблицы `tax_rule`
--

INSERT INTO `tax_rule` (`tax_rule_id`, `tax_class_id`, `tax_rate_id`, `based`, `priority`) VALUES
(121, 10, 86, 'payment', 1),
(120, 10, 87, 'store', 0),
(128, 9, 86, 'shipping', 1),
(127, 9, 87, 'shipping', 2);

-- --------------------------------------------------------

--
-- Структура таблицы `testimonial`
--

CREATE TABLE IF NOT EXISTS `testimonial` (
  `testimonial_id` int(11) NOT NULL AUTO_INCREMENT,
  `name` varchar(64) CHARACTER SET utf8 COLLATE utf8_bin NOT NULL,
  `city` varchar(64) CHARACTER SET utf8 COLLATE utf8_bin DEFAULT NULL,
  `email` varchar(96) CHARACTER SET utf8 COLLATE utf8_bin DEFAULT NULL,
  `status` int(1) NOT NULL DEFAULT '0',
  `rating` int(1) NOT NULL DEFAULT '0',
  `date_added` datetime NOT NULL DEFAULT '0000-00-00 00:00:00',
  PRIMARY KEY (`testimonial_id`)
) ENGINE=MyISAM  DEFAULT CHARSET=utf8 COLLATE=utf8_unicode_ci AUTO_INCREMENT=96 ;

--
-- Дамп данных таблицы `testimonial`
--

INSERT INTO `testimonial` (`testimonial_id`, `name`, `city`, `email`, `status`, `rating`, `date_added`) VALUES
(1, 'Виктор', 'Москва', '', 1, 5, '2012-07-24 16:09:57'),
(2, 'Алексей', ' Москва', '', 1, 5, '2012-08-29 21:01:27'),
(3, 'Сергей', 'Москва', '', 1, 5, '2012-11-02 13:01:33'),
(4, 'Лена', 'Москва', '', 1, 5, '2012-12-02 16:39:27'),
(25, 'Storm', 'FYHjGQovfvMuvlz', '', 1, 3, '2013-04-08 12:39:21'),
(26, 'Polly', 'EdoHAbXMSUArxfv', '', 1, 3, '2013-04-18 19:28:29'),
(27, 'Lois', 'djUZFBdtwqPCQFQnG', '', 1, 3, '2013-04-22 23:00:50'),
(22, 'Gina', 'WwIHFmuWbOET', '', 1, 3, '2013-04-05 13:45:36'),
(23, 'Lalaine', 'mxLJeVrlgfaBZ', '', 1, 3, '2013-04-08 12:38:35'),
(24, 'Storm', 'FYHjGQovfvMuvlz', '', 1, 3, '2013-04-08 12:39:15'),
(20, 'Foge', 'dSanXpgDd', '', 1, 3, '2013-03-22 08:42:51'),
(21, 'Debrah', 'ARVJihvQlohEeIs', '', 1, 3, '2013-03-26 15:21:33'),
(28, 'Lyndall', 'lYZIpNBLBNSGLCP', '', 1, 3, '2013-04-22 23:00:50'),
(29, 'Solyn', 'vTLvWxanKMcBpTqkv', '', 1, 3, '2013-04-22 23:00:56'),
(30, 'Sailor', 'HbFWkUUxScHRY', '', 1, 3, '2013-04-22 23:00:59'),
(31, 'Gytha', 'iasVkCoCrlltmxc', '', 1, 3, '2013-05-04 18:13:18'),
(32, 'Esther', 'hSmofykjP', '', 1, 3, '2013-05-09 08:23:38'),
(33, 'Susie', 'jbMxcQzUHdgFkt', '', 1, 3, '2013-05-11 11:58:17'),
(34, 'Roxie', 'LGHpvFMNz', '', 1, 3, '2013-05-24 22:06:40'),
(35, 'Maryland', 'zvFORgHymqJltx', '', 1, 3, '2013-05-27 01:03:20'),
(36, 'Melloney', 'wlQQPiCSMsoaCcKSs', '', 1, 3, '2013-05-29 14:49:29'),
(37, 'Latasha', 'unkeFaNRNWW', '', 1, 3, '2013-06-01 11:58:26'),
(38, 'Aggy', 'HFlUSabLpaQFXpCwI', '', 1, 3, '2013-06-02 16:30:39'),
(39, 'Lissa', 'ZlYJzHHlJXNVJLY', '', 1, 3, '2013-06-02 16:30:46'),
(40, 'Jacklyn', 'zdrrLqmkYgiOx', '', 1, 3, '2013-06-08 14:09:37'),
(41, 'Symona', 'pavURwztHqlRpNuXyvu', '', 1, 3, '2013-06-16 14:27:27'),
(42, 'Melia', 'recwkwuHgMXaiR', '', 1, 3, '2013-06-20 10:57:13'),
(43, 'Jimmy', 'tGfuLIiVLTjM', '', 1, 3, '2013-06-21 05:00:20'),
(44, 'Boston', 'svIlIfuIahnuH', '', 1, 3, '2013-06-21 20:27:13'),
(45, 'Betsy', 'ZMuxTLexYpJzPSpj', '', 1, 3, '2013-06-24 15:35:41'),
(46, 'Topher', 'RTXGlqoUgCNdsvpXQA', '', 1, 3, '2013-07-04 22:24:38'),
(47, 'Maryland', 'lPgHIKEoc', '', 1, 3, '2013-07-08 05:57:59'),
(48, 'Jacalyn', 'oBQVdumpDvhO', '', 1, 3, '2013-07-13 21:03:35'),
(49, 'Boftfoesque', 'Yako', '', 1, 3, '2013-07-19 02:58:01'),
(50, 'shecepaps', 'Yako', '', 1, 3, '2013-07-19 21:48:38'),
(51, 'Milly', 'eHegQSQGSsopy', '', 1, 3, '2013-07-22 13:05:28'),
(52, 'Quaniariupe', 'Yako', '', 1, 3, '2013-07-22 14:52:37'),
(53, 'Jody', 'eMPJLZPKFhiXX', '', 1, 3, '2013-07-25 13:00:03'),
(54, 'StelfBeKsoots', 'Yako', '', 1, 3, '2013-07-27 21:22:35'),
(55, 'SESEVUSADAY', 'Yako', '', 1, 3, '2013-07-31 16:47:19'),
(56, 'Matty', 'geCwjEIf', '', 1, 3, '2013-08-04 15:40:34'),
(57, 'Buffie', 'GavIuOlncEJxAzr', '', 1, 3, '2013-08-06 09:17:58'),
(58, 'Seven', 'xPMLfsTTKdyXSz', '', 1, 3, '2013-08-12 02:52:50'),
(59, 'Lawlabalt', 'Yako', '', 1, 3, '2013-08-14 14:38:51'),
(60, 'Lore', 'WwimiEGLoCH', '', 1, 3, '2013-08-16 09:06:37'),
(61, 'BledySaldaumebk', 'Yako', '', 1, 3, '2013-08-16 19:47:55'),
(62, 'SculabuhWhill', 'Yako', '', 1, 3, '2013-08-18 22:16:53'),
(63, 'doguigmamotpn', 'Yako', '', 1, 3, '2013-08-28 00:11:05'),
(64, 'Rowdy', 'VwWyG20Yv4ND', '', 1, 3, '2013-08-28 20:17:32'),
(65, 'RavineDoofivapn', 'Yako', '', 1, 3, '2013-08-29 13:37:13'),
(66, 'Morrie', '85LaXKsiC5', '', 1, 2, '2013-08-30 07:58:09'),
(67, 'accordadjudgebg', 'Yako', '', 1, 3, '2013-08-30 12:37:38'),
(68, 'accordadjudgepe', 'Yako', '', 1, 3, '2013-08-30 17:47:18'),
(69, 'Cassie', 'MQRKCddbnPh', '', 1, 5, '2013-09-03 11:20:06'),
(70, 'Keylon', 'ju8htFaGOIMe', '', 1, 4, '2013-09-04 01:27:21'),
(71, 'haurneloonumexv', 'Yako', '', 1, 3, '2013-09-05 10:22:32'),
(72, 'wenempampdi', 'Yako', '', 1, 3, '2013-09-11 14:07:26'),
(73, 'Mande', 'hAh3nJmyeo5o', '', 1, 1, '2013-09-18 12:00:41'),
(74, 'mitmedeerrichlz', 'Yako', '', 1, 3, '2013-09-26 13:06:46'),
(75, 'Eddi', 'xGzHyZhWUfA', '', 1, 1, '2013-09-29 17:59:12'),
(76, 'Chianna', 'Vz6NbEAVcj', '', 1, 5, '2013-10-13 15:57:05'),
(77, 'neiftdithiw', 'Yako', '', 1, 3, '2013-10-14 11:18:06'),
(78, 'Snowy', 'JbGprWMfY', '', 1, 1, '2013-10-15 12:52:54'),
(79, 'Xadrian', 'vpW5v1hLaH', '', 1, 4, '2013-10-21 22:24:28'),
(80, 'Gert', 'o0sXRiTzXRVZ', '', 1, 5, '2013-10-22 05:09:05'),
(81, 'Gawerawssnaphpu', 'Yako', '', 1, 3, '2013-10-22 14:29:01'),
(82, 'Hank', 'gVMxVXG7Hn', '', 1, 4, '2013-10-22 15:18:41'),
(83, 'Emmy', 'r3PmxFZBfJP5', '', 1, 1, '2013-10-28 20:48:28'),
(84, 'Hayle', 'VOKBm3Ub', '', 1, 4, '2013-10-31 19:50:45'),
(85, 'Zarya', '1UB6xXDbTuU', '', 1, 1, '2013-11-08 20:49:52'),
(86, 'Teiya', 'z2TdB43E', '', 1, 4, '2013-11-13 04:19:23'),
(87, 'Beyonce', 'WOhe2L3a', '', 1, 4, '2013-11-17 13:43:58'),
(88, 'Matilda', 'kw8BqWgIpYqP', '', 1, 1, '2013-11-20 01:43:50'),
(89, 'Jonalyn', '98A4LQLdco', '', 1, 1, '2013-11-22 22:41:47'),
(90, 'Dotty', 'SnQfaVSp', '', 1, 5, '2013-11-28 04:25:57'),
(91, 'Ethica', '682OZa1IluZs', '', 1, 2, '2013-11-28 18:57:07'),
(92, 'FluiniaFruisehv', 'Yako', '', 1, 3, '2014-01-23 21:53:49'),
(93, 'Migneezipew', 'Yako', '', 1, 3, '2014-01-29 13:35:44'),
(94, 'tagziteadebrakh', 'Yako', '', 1, 3, '2014-03-04 03:29:18'),
(95, 'tagziteadebrarw', 'Yako', '', 1, 3, '2014-03-23 21:37:30');

-- --------------------------------------------------------

--
-- Структура таблицы `testimonial_description`
--

CREATE TABLE IF NOT EXISTS `testimonial_description` (
  `testimonial_id` int(11) NOT NULL,
  `language_id` int(11) NOT NULL,
  `title` varchar(64) COLLATE utf8_unicode_ci NOT NULL DEFAULT '',
  `description` text COLLATE utf8_unicode_ci NOT NULL,
  PRIMARY KEY (`testimonial_id`,`language_id`)
) ENGINE=MyISAM DEFAULT CHARSET=utf8 COLLATE=utf8_unicode_ci;

--
-- Дамп данных таблицы `testimonial_description`
--

INSERT INTO `testimonial_description` (`testimonial_id`, `language_id`, `title`, `description`) VALUES
(1, 1, 'Отличный магазин', 'Заказывал робот-пылесос iRobot Roomba 531 доставили в этот же день, причем по привлекательной цене. Остался очень доволен сервисом. Спасибо!'),
(2, 1, ' iClebo Arte', 'Покупал пылесос iClebo Arte,качеством доволен, доставили на следующий день, был очень приятно удивлен скидкой в 1000 руб за заказ вечером, получилось реально дешевле чем в других магазинах.'),
(3, 1, 'Iclebo arte', 'Неделю назад покупал пылесос Iclebo arte, качеством доволен, компетентностью менеджеров тоже. Огорчило, что не смогли доставить в день заказа, но предполагаю что это везде так. Зато порадовала цена, дешевле явно не найти.'),
(4, 1, ' iRobot Roomba 780', 'Впечатления о магазине хорошие. Понравилось, что менеджеры (я общалась с Владимиром) хорошо разбираются в роботах пылесосах. Для меня было важно, чтоб покупаемый мной товар не был &quot;серым&quot; и поэтому при заказе я на этом акцентировала внимание. Меня внимательно выслушали и в итоге привезли именно о, что мне было нужно. Несмотря на то, что на сайте цена была немного выше, нежели я находила в других магазинах, при заказе менеджер сделал мне скидку, в результате чего я купила именно то, что хотела по цене даже ниже чем у других.'),
(24, 1, 'bjjZpBzmv', '&lt;a href=&quot;http://www.poetriesofplace.com/&quot;&gt;auto owners insurance&lt;/a&gt; &gt;:-P &lt;a href=&quot;http://www.mymedicationsonline.com/&quot;&gt;cialis online&lt;/a&gt; pwkq &lt;a href=&quot;http://www.cheapestcarinsuronline.com/&quot;&gt;cheapest car insurance&lt;/a&gt; &gt;:(( &lt;a href=&quot;http://www.cheapsildenafilonline.com/&quot;&gt;zenegra mg dysfunction erectile sildenafil&lt;/a&gt; 813924 &lt;a href=&quot;http://www.treatallergicdisorder.com/&quot;&gt;prednisone&lt;/a&gt; =((( '),
(23, 1, 'sRSyumFK', '&lt;a href=&quot;http://www.besttreatmentfored.com/&quot;&gt;viagra&lt;/a&gt; 8-DDD &lt;a href=&quot;http://www.tratamientodelaed.es/&quot;&gt;Realizar un pedido de Cialis online&lt;/a&gt; 5014 &lt;a href=&quot;http://www.poetriesofplace.com/&quot;&gt;buy car insurance online&lt;/a&gt; upx &lt;a href=&quot;http://www.edpillsshop.net/&quot;&gt;viagra&lt;/a&gt; igsd &lt;a href=&quot;http://www.cheapestcarinsuronline.com/&quot;&gt;insurance auto auctions&lt;/a&gt; &gt;:-PPP &lt;a href=&quot;http://www.carinsurcompanies.net/&quot;&gt;car insurance in florida&lt;/a&gt; 851327 &lt;a href=&quot;http://www.highestqualityedpills.com/&quot;&gt;buy viagra&lt;/a&gt; dryqws '),
(20, 1, 'mHVGepICdpdeXpdF', '&lt;a href=&quot;http://www.salmongonewild.com/&quot;&gt;ordering viagra&lt;/a&gt; vhl &lt;a href=&quot;http://www.getcheapinsuronline.com/&quot;&gt;car insureance&lt;/a&gt; 8-)) &lt;a href=&quot;http://www.lowestdrugprices.net/&quot;&gt;buy cialis&lt;/a&gt; hvgeid '),
(21, 1, 'zQivuzjzrxudnNat', '&lt;a href=&quot;http://www.swuse.com/&quot;&gt;buy cialis online&lt;/a&gt; 464466 &lt;a href=&quot;http://www.salmongonewild.com/&quot;&gt;cheapest viagra&lt;/a&gt; tncz &lt;a href=&quot;http://www.spamcarnival.com/&quot;&gt;cialis online&lt;/a&gt; %-]] '),
(22, 1, 'HnMoDVbvAXcpLIiUVeG', '&lt;a href=&quot;http://www.edpillsshop.net/&quot;&gt;viagra&lt;/a&gt; 993 &lt;a href=&quot;http://www.aoiiblog.com/&quot;&gt;free car insurance quotes&lt;/a&gt; 8604 &lt;a href=&quot;http://www.cheapsildenafilonline.com/&quot;&gt;sildenafil&lt;/a&gt; uvq &lt;a href=&quot;http://www.2011rsme.com/&quot;&gt;free auto insurance quotes&lt;/a&gt; virfvt &lt;a href=&quot;http://www.getcheapinsuronline.com/&quot;&gt;a auto insurance&lt;/a&gt; =-OOO '),
(25, 1, 'bjjZpBzmv', '&lt;a href=&quot;http://www.poetriesofplace.com/&quot;&gt;auto owners insurance&lt;/a&gt; &gt;:-P &lt;a href=&quot;http://www.mymedicationsonline.com/&quot;&gt;cialis online&lt;/a&gt; pwkq &lt;a href=&quot;http://www.cheapestcarinsuronline.com/&quot;&gt;cheapest car insurance&lt;/a&gt; &gt;:(( &lt;a href=&quot;http://www.cheapsildenafilonline.com/&quot;&gt;zenegra mg dysfunction erectile sildenafil&lt;/a&gt; 813924 &lt;a href=&quot;http://www.treatallergicdisorder.com/&quot;&gt;prednisone&lt;/a&gt; =((( '),
(26, 1, 'ZINykxCiW', '&lt;a href=&quot;http://www.edpricelist.com/&quot;&gt;viagra&lt;/a&gt; sks &lt;a href=&quot;http://www.tratamientodelaed.es/&quot;&gt;Cialis&lt;/a&gt; &gt;:OOO &lt;a href=&quot;http://www.pricesforedmeds.com/&quot;&gt;apcalis levitra viagra&lt;/a&gt; %-[[[ &lt;a href=&quot;http://www.locatemedsonline.com/&quot;&gt;viagra&lt;/a&gt; 401368 &lt;a href=&quot;http://www.insurcomparisonservice.com/&quot;&gt;new york car insurance&lt;/a&gt; lllk &lt;a href=&quot;http://www.topinsurdealsonline.com/&quot;&gt;car insurance quotes&lt;/a&gt; fvnb &lt;a href=&quot;http://www.stickfigurecat.com/&quot;&gt;inexpensive car insurance&lt;/a&gt; :DDD '),
(27, 1, 'PsJNIEqbzEKKNxa', '&lt;a href=&quot;http://www.medstabs4you.com/&quot;&gt;cialis&lt;/a&gt; 805 &lt;a href=&quot;http://www.medspricechart.com/&quot;&gt;buy pfizer viagra&lt;/a&gt; uagsae &lt;a href=&quot;http://www.edmedsonline4you.com/&quot;&gt;cheap cialis&lt;/a&gt; &gt;:(( &lt;a href=&quot;http://www.listofcarquotes.com/&quot;&gt;cheap auto insurance&lt;/a&gt; =-)) &lt;a href=&quot;http://www.shopforedtabs.com/&quot;&gt;viagra&lt;/a&gt; axqf &lt;a href=&quot;http://www.mdicamentsenligne.fr/&quot;&gt;Cialis&lt;/a&gt; 800 '),
(28, 1, 'lPtpqsspEsW', '&lt;a href=&quot;http://www.autocoverageonline.net/&quot;&gt;auto insurance&lt;/a&gt; vej &lt;a href=&quot;http://www.edpricelist.com/&quot;&gt;viagra&lt;/a&gt; =-DDD &lt;a href=&quot;http://www.carinsurcompanies.com/&quot;&gt;car insurance&lt;/a&gt; josz &lt;a href=&quot;http://www.compareinsuroffersonline.com/&quot;&gt;car insurance qoutes&lt;/a&gt; &gt;:((( &lt;a href=&quot;http://www.edmedsonline4you.com/&quot;&gt;generic cialis online&lt;/a&gt; 367 &lt;a href=&quot;http://www.carinsurproviders.com/&quot;&gt;cheap car insurance&lt;/a&gt; =]] &lt;a href=&quot;http://www.shopforedtabs.com/&quot;&gt;buy pfizer viagra&lt;/a&gt; 8-O '),
(29, 1, 'nanFJtbdW', '&lt;a href=&quot;http://www.autocoverageonline.net/&quot;&gt;auto insurance&lt;/a&gt; 447139 &lt;a href=&quot;http://www.findcheapinsurproviders.com/&quot;&gt;cheap car insurance&lt;/a&gt; 8D &lt;a href=&quot;http://www.locateinsurdeals.com/&quot;&gt;new jersey car insurance&lt;/a&gt; 627413 &lt;a href=&quot;http://www.insurcomparisonservice.com/&quot;&gt;car insurance quotes&lt;/a&gt; 614 &lt;a href=&quot;http://www.cheapinsurdealsfast.com/&quot;&gt;cheap auto insurance&lt;/a&gt; ianm &lt;a href=&quot;http://www.findbestinsurquotes.com/&quot;&gt;car insurance in florida&lt;/a&gt; :D &lt;a href=&quot;http://www.mdicamentsenligne.fr/&quot;&gt;Acheter du cialis&lt;/a&gt; %DDD '),
(30, 1, 'VTdSKtQFWxAPVWllGKT', '&lt;a href=&quot;http://www.tratamientodelaed.es/&quot;&gt;Cialis&lt;/a&gt; sbn &lt;a href=&quot;http://www.findcheapinsurproviders.com/&quot;&gt;new york car insurance&lt;/a&gt; %-))) &lt;a href=&quot;http://www.locatemedsonline.com/&quot;&gt;order viagra online&lt;/a&gt; gbje &lt;a href=&quot;http://www.carinsurcompanies.com/&quot;&gt;car insurance&lt;/a&gt; wci &lt;a href=&quot;http://www.pricesforedmeds.com/&quot;&gt;levitra&lt;/a&gt; 680 &lt;a href=&quot;http://www.cheapinsurdealsfast.com/&quot;&gt;cheap auto insurance&lt;/a&gt; 1184 &lt;a href=&quot;http://www.onlinecollegeseasily.com/&quot;&gt;colleges online&lt;/a&gt; :-OO '),
(31, 1, 'zKapmxVfjbHGw', '&lt;a href=&quot;http://www.pricesforedmeds.com/&quot;&gt;levitra and viagra&lt;/a&gt; gom &lt;a href=&quot;http://www.compareinsuroffersonline.com/&quot;&gt;cheap auto insurance&lt;/a&gt; bph &lt;a href=&quot;http://www.insurcomparisonservice.com/&quot;&gt;new york car insurance&lt;/a&gt; &gt;:-] &lt;a href=&quot;http://www.onlinecollegeseasily.com/&quot;&gt;degrees online&lt;/a&gt; eeuz &lt;a href=&quot;http://www.topinsurdealsonline.com/&quot;&gt;car insurance quotes&lt;/a&gt; uodlln '),
(32, 1, 'doFymoNQeXGHvKXl', '&lt;a href=&quot;http://www.medstabs4you.com/&quot;&gt;cialis&lt;/a&gt; aisk &lt;a href=&quot;http://www.compareinsuroffersonline.com/&quot;&gt;cheap car insurance&lt;/a&gt; 6143 &lt;a href=&quot;http://www.getyourquotesonline.com/&quot;&gt;car insurance rates&lt;/a&gt; :-P &lt;a href=&quot;http://www.carinsurproviders.com/&quot;&gt;cheap auto insurance&lt;/a&gt; vhfop &lt;a href=&quot;http://www.findbestinsurquotes.com/&quot;&gt;nj car insurance&lt;/a&gt; saz '),
(33, 1, 'JIXVywiB', '&lt;a href=&quot;http://www.autocoverageonline.net/&quot;&gt;auto insurance&lt;/a&gt; &gt;:PP &lt;a href=&quot;http://www.findcheapinsurproviders.com/&quot;&gt;florida auto insurance&lt;/a&gt; cfil &lt;a href=&quot;http://www.pricesforedmeds.com/&quot;&gt;levitra&lt;/a&gt; 8O &lt;a href=&quot;http://www.comparecarquotesonline.com/&quot;&gt;car insurance quotes&lt;/a&gt; 0081 &lt;a href=&quot;http://www.compareinsuroffersonline.com/&quot;&gt;auto insurance quotes&lt;/a&gt; &gt;:-(( '),
(34, 1, 'aYyodZNzjLBmwKrSE', '&lt;a href=&quot;http://gethairback.net/&quot;&gt;propecia&lt;/a&gt; %PP &lt;a href=&quot;http://edsupertabs.com/&quot;&gt;cialis&lt;/a&gt; &gt;:PP &lt;a href=&quot;http://www.usaglobalquotes.com/auto-insurance-quotes-texas.html&quot;&gt;auto insurance quotes Texas&lt;/a&gt; 2241 &lt;a href=&quot;http://www.onlinecollegeseasily.com/&quot;&gt;online colleges&lt;/a&gt; :PP &lt;a href=&quot;http://www.shopforedtabs.com/&quot;&gt;viagra&lt;/a&gt; 614 &lt;a href=&quot;http://www.usaglobalquotes.com/auto-insurance-quotes-new-jersey.html&quot;&gt;New Jersey auto insurance quotes&lt;/a&gt; 650 '),
(35, 1, 'QeCiBPIcUhDsrov', '&lt;a href=&quot;http://www.comfortedmeds.com/&quot;&gt;buy cialis&lt;/a&gt; 243 &lt;a href=&quot;http://www.searchinsurancedeals.com/&quot;&gt;insurance auto auctions&lt;/a&gt; 83575 &lt;a href=&quot;http://www.searchedmedsdeals.com/&quot;&gt;sildenafil for sale&lt;/a&gt; bpiy &lt;a href=&quot;http://www.anystatecarinsurance.com/cheap-car-insurance-IL.html&quot;&gt;Chicago cheap car insurance&lt;/a&gt; &gt;:PP &lt;a href=&quot;http://www.lookingforedmeds.com/&quot;&gt;cialis&lt;/a&gt; 94068 '),
(36, 1, 'IxcsKvqG', '&lt;a href=&quot;http://www.edprices4u.com/&quot;&gt;how does viagra work&lt;/a&gt; zzmvs &lt;a href=&quot;http://www.usaglobalquotes.com/&quot;&gt;auto insurance quotes&lt;/a&gt; hwhcc &lt;a href=&quot;http://www.anystatecarinsurance.com/cheap-car-insurance-OH.html&quot;&gt;cheap car insurance Columbus&lt;/a&gt; 5106 &lt;a href=&quot;http://www.edremedies.net/&quot;&gt;cialis online&lt;/a&gt; 6117 &lt;a href=&quot;http://www.yourcarinsurancequotes.net/&quot;&gt;car insurance quotes&lt;/a&gt; bevn '),
(37, 1, 'rDADKIYTEx', '&lt;a href=&quot;http://www.accesstomedssavings.com/&quot;&gt;buy prednisone online&lt;/a&gt; jof &lt;a href=&quot;http://www.getedtabletsonline.com/&quot;&gt;sildenafil&lt;/a&gt; 039 &lt;a href=&quot;http://www.lookingforedmeds.com/&quot;&gt;cialis&lt;/a&gt; btfp &lt;a href=&quot;http://www.edmedsonline4you.com/&quot;&gt;cialis&lt;/a&gt; oza &lt;a href=&quot;http://www.topallergytreatment.com/&quot;&gt;prednisone online&lt;/a&gt; 121712 &lt;a href=&quot;http://www.shopforedtabs.com/&quot;&gt;cheap viagra&lt;/a&gt; :) '),
(38, 1, 'ppxmONgPGiHhRKn', '&lt;a href=&quot;http://www.accesstomedssavings.com/&quot;&gt;buy prednisone on-line&lt;/a&gt; &gt;:( &lt;a href=&quot;http://www.protectyourlovedones.net/&quot;&gt;life insurance quotes&lt;/a&gt; :-] &lt;a href=&quot;http://www.comfortedmeds.com/&quot;&gt;buy cialis online&lt;/a&gt; =-] &lt;a href=&quot;http://www.anystatecarinsurance.com/&quot;&gt;cheap car insurance&lt;/a&gt; 991 &lt;a href=&quot;http://www.youredmedsinfo.com/&quot;&gt;purchase cialis on the internet&lt;/a&gt; 055 &lt;a href=&quot;http://www.lookingforedmeds.com/&quot;&gt;buy cialis&lt;/a&gt; 8-PP &lt;a href=&quot;http://www.shopforedtabs.com/&quot;&gt;viagra&lt;/a&gt; =OOO '),
(39, 1, 'nQWnEOvuAeh', '&lt;a href=&quot;http://www.accesstomedssavings.com/&quot;&gt;prednisone&lt;/a&gt; 8-[[[ &lt;a href=&quot;http://edpricesonline.com/&quot;&gt;buy viagra&lt;/a&gt; :PP &lt;a href=&quot;http://www.GetCollegeDegreesOnline.com/&quot;&gt;online accredited colleges&lt;/a&gt; zxqn &lt;a href=&quot;http://www.getedtabletsonline.com/&quot;&gt;sildenafil&lt;/a&gt; 1631 &lt;a href=&quot;http://www.searchedmedsdeals.com/&quot;&gt;sildenafil for sale&lt;/a&gt; 481110 &lt;a href=&quot;http://www.edmedscosts.com/&quot;&gt;levitra and viagra&lt;/a&gt; =[[ &lt;a href=&quot;http://www.edmedsonline4you.com/&quot;&gt;cialis&lt;/a&gt; =-[ '),
(40, 1, 'xoSyMwQhZSkvyIlvWa', '&lt;a href=&quot;http://www.usaglobalquotes.com/auto-insurance-quotes-nevada.html&quot;&gt;auto insurance quotes NV&lt;/a&gt; :OOO &lt;a href=&quot;http://www.searchinsurancedeals.com/&quot;&gt;nj car insurance&lt;/a&gt; 801 &lt;a href=&quot;http://www.getacnetreatment.net/&quot;&gt;accutane&lt;/a&gt; =PP &lt;a href=&quot;http://www.yourcarinsurancequotes.net/vermont-car-insurance-quotes.html&quot;&gt;car insurance quotes Vermont&lt;/a&gt; 8] &lt;a href=&quot;http://www.buyedtabletsonline.com/&quot;&gt;genericviagra&lt;/a&gt; iuqk &lt;a href=&quot;http://www.edmedspartners.com/&quot;&gt;buy cialis online&lt;/a&gt; mzhjpo &lt;a href=&quot;http://www.topautoguideonline.com/&quot;&gt;discount auto insurance&lt;/a&gt; 80528 '),
(41, 1, 'MauBYLJyhx', '&lt;a href=&quot;http://www.searchinsurancedeals.com/&quot;&gt;insurance auto auctions&lt;/a&gt; =-[[[ &lt;a href=&quot;http://www.usaglobalquotes.com/auto-insurance-quotes-kansas.html&quot;&gt;Kansas auto insurance quotes&lt;/a&gt; 913752 &lt;a href=&quot;http://www.edmedscosts.com/&quot;&gt;levitra addicting online games&lt;/a&gt; qnjd &lt;a href=&quot;http://www.duke-ssa.com/&quot;&gt;for insurance car rental&lt;/a&gt; %P &lt;a href=&quot;http://www.topratesforcarinsurance.com/&quot;&gt;car insurance rate&lt;/a&gt; zpizxw &lt;a href=&quot;http://www.seonadancing.com/&quot;&gt;get free auto insurance quotes online&lt;/a&gt; 9459 &lt;a href=&quot;http://www.aboutomaha8.com/&quot;&gt;omaha hold em poker&lt;/a&gt; &gt;:-))) '),
(42, 1, 'OLEtJFZIZpQhbd', '&lt;a href=&quot;http://autoinsurshopping.com/&quot;&gt;cheap auto insurance&lt;/a&gt; %]] &lt;a href=&quot;http://www.bestautoinsuranceservice.com/&quot;&gt;auto insurance quotes&lt;/a&gt; fwsp &lt;a href=&quot;http://www.houseofruffians.com/&quot;&gt;auto insurance quotes&lt;/a&gt; %]]] &lt;a href=&quot;http://www.treatingedonline.net/&quot;&gt;buy cialis&lt;/a&gt; 6021 &lt;a href=&quot;http://www.duke-ssa.com/&quot;&gt;auto insurance quote&lt;/a&gt; 8DD &lt;a href=&quot;http://www.berlincandybomber.com/&quot;&gt;insurance auto quote&lt;/a&gt; 698 '),
(43, 1, 'lxyqDIbDDnuzFe', '&lt;a href=&quot;http://www.locateinsurdeals.com/&quot;&gt;auto insurance quotes&lt;/a&gt; &gt;:-[[[ &lt;a href=&quot;http://www.bestqualityedtreatment.com/&quot;&gt;cialis&lt;/a&gt; 605 &lt;a href=&quot;http://www.usaglobalquotes.com/auto-insurance-quotes-hawaii.html&quot;&gt;Honolulu auto insurance quotes&lt;/a&gt; =DD &lt;a href=&quot;http://www.duke-ssa.com/&quot;&gt;auto insurance quotes&lt;/a&gt; 399442 &lt;a href=&quot;http://www.anystatecarinsurance.com/cheap-car-insurance-LA.html&quot;&gt;cheap car insurance LA&lt;/a&gt; 8OO '),
(44, 1, 'wwDoMUUmfqRdEFWDU', '&lt;a href=&quot;http://www.u3ayarraranges.com/&quot;&gt;insurance car quotes&lt;/a&gt; rzrs &lt;a href=&quot;http://www.aforaubergine.com/&quot;&gt;car insurance comparison quotes by state&lt;/a&gt; acx &lt;a href=&quot;http://www.jotorres.net/&quot;&gt;cheap nj auto insurance&lt;/a&gt; iwxk &lt;a href=&quot;http://getmedonline.net/&quot;&gt;generic viagra&lt;/a&gt; 68985 &lt;a href=&quot;http://www.klebergcountyairport.com/&quot;&gt;car insurance com&lt;/a&gt; =(( '),
(45, 1, 'fNuadkolHFdLCLYUh', '&lt;a href=&quot;http://www.mainevillemotors.com/&quot;&gt;free car insurance&lt;/a&gt; :]] &lt;a href=&quot;http://www.getacnetreatment.net/&quot;&gt;buying accutane&lt;/a&gt; 568627 &lt;a href=&quot;http://www.mycheapestinsurer.com/&quot;&gt;which is the cheapest affordable auto insurance in nj&lt;/a&gt; &gt;:-P &lt;a href=&quot;http://www.bestautoinsuranceservice.com/&quot;&gt;cheep car insuran&lt;/a&gt; ettyq &lt;a href=&quot;http://www.forgetyoured.net/&quot;&gt;levitra viagra&lt;/a&gt; vwy &lt;a href=&quot;http://choosecarinsurance.com/&quot;&gt;cheap auto insuarnce&lt;/a&gt; &gt;:( &lt;a href=&quot;http://www.geterection.net/&quot;&gt;info on online pharmacy for cheap cialis&lt;/a&gt; 524 '),
(46, 1, 'FRxEyPvXskyXeLJuTgC', '&lt;a href=&quot;http://www.tcdhorseracing.com/&quot;&gt;generic cialis&lt;/a&gt; &gt;:) &lt;a href=&quot;http://www.fabulousmuses.com/&quot;&gt;order generic viagara&lt;/a&gt; 4292 &lt;a href=&quot;http://www.tomoshibata.org/&quot;&gt;generic cialis&lt;/a&gt; ykntw &lt;a href=&quot;http://www.insurancequoteslist.net/&quot;&gt;cheapest auto insurance rates&lt;/a&gt; 807776 &lt;a href=&quot;http://www.airwomp.com/&quot;&gt;cialis online no perscription&lt;/a&gt; 6920 '),
(47, 1, 'gQiQgWPo', '&lt;a href=&quot;http://getcheapinsurancehere.com/&quot;&gt;canada car insurance compare&lt;/a&gt; =-[ &lt;a href=&quot;http://www.aboutcarinsurancerates.com/&quot;&gt;auto insurance quoats&lt;/a&gt; 8PP &lt;a href=&quot;http://www.choosingautoinsurance.net/&quot;&gt;cheap insurance phone&lt;/a&gt; swuhg &lt;a href=&quot;http://www.politicaldigestonline.com/&quot;&gt;Where can i buy Viagra&lt;/a&gt; 32142 &lt;a href=&quot;http://insuredcar.net/&quot;&gt;action insurance auto&lt;/a&gt; 9465 &lt;a href=&quot;http://www.erectionperformance.net/&quot;&gt;cialiss&lt;/a&gt; 63799 &lt;a href=&quot;http://www.airwomp.com/&quot;&gt;generic cialis&lt;/a&gt; 872 '),
(48, 1, 'KHvyqaOTWqYFA', '&lt;a href=&quot;http://www.onlinecollegeoffers.net/&quot;&gt;online university degrees&lt;/a&gt; 8-) &lt;a href=&quot;http://www.bestautoinsuranceservice.com/&quot;&gt;low car insurance price&lt;/a&gt; eov &lt;a href=&quot;http://www.autoinsurpolicy.com/&quot;&gt;free florida auto insurance quotes&lt;/a&gt; iieeeq &lt;a href=&quot;http://www.topratesforcarinsurance.com/&quot;&gt;car insurance rate&lt;/a&gt; 933 &lt;a href=&quot;http://www.drugsforedonline.com/&quot;&gt;cialis&lt;/a&gt; fnzgle &lt;a href=&quot;http://www.erectionperformance.net/&quot;&gt;Best Cialis Offer&lt;/a&gt; btjnc &lt;a href=&quot;http://insuredcar.net/&quot;&gt;broker insurance car&lt;/a&gt; 361 '),
(49, 1, 'jesdroffDasseda', '&lt;a href=http://genericviagrajbviagraonline.com&gt;viagra online&lt;/a&gt; - &lt;a href=&quot;http://genericviagrajbviagraonline.com/&quot;&gt;viagra&lt;/a&gt; - &lt;url&gt;http://genericviagrajbviagraonline.com/|generic viagra&lt;/url&gt;'),
(50, 1, 'Glalsimbfalda', '&lt;a href=http://cialissummerpills.com/&gt;cialis pills&lt;/a&gt; - &lt;a href=&quot;http://cialissummerpills.com/&quot;&gt;cialis online&lt;/a&gt; - http://cialissummerpills.com/'),
(51, 1, 'yXltPOycFejVaeA', '&lt;a href=&quot;http://autoinsurancechoice.net/&quot;&gt;nj auto insurance quotes&lt;/a&gt; %-OO &lt;a href=&quot;http://carinsuranceinbaltimore.net/&quot;&gt;car insurance quote MD&lt;/a&gt; =-[[[ &lt;a href=&quot;http://bestcollegeonline.net/&quot;&gt;degree online hotel management&lt;/a&gt; 546 &lt;a href=&quot;http://dallasinsuranceonline.com/&quot;&gt;cheap car jnsurance&lt;/a&gt; &gt;:O &lt;a href=&quot;http://www.floridainsurquotes.com&quot;&gt;car insurance pensioners Florida&lt;/a&gt; %-PPP &lt;a href=&quot;http://www.buyautocoveronline.com/cheap-auto-insurance-NJ.html&quot;&gt;New Jersey buy cheap auto insurance online&lt;/a&gt; 719745 &lt;a href=&quot;http://www.improveyourerection.com/&quot;&gt;order viagra online&lt;/a&gt; 199807 '),
(52, 1, 'Engaxareeda', '&lt;a href=http://genericviagrajbviagraonline.com&gt;viagra online&lt;/a&gt; - &lt;a href=&quot;http://genericviagrajbviagraonline.com/&quot;&gt;viagra&lt;/a&gt; - &lt;url&gt;http://genericviagrajbviagraonline.com/ |generic viagra&lt;/url&gt;'),
(53, 1, 'hhXPEpfESdHBtblucm', '&lt;a href=&quot;http://insuranceinhouston.net/&quot;&gt;car insurance quotes TX&lt;/a&gt; hctd &lt;a href=&quot;http://autoinsurancechoice.net/&quot;&gt;free online car insurance quotes&lt;/a&gt; 81980 &lt;a href=&quot;http://www.bestautoinsuranceservice.com/&quot;&gt;insurance car carrier&lt;/a&gt; 245841 &lt;a href=&quot;http://medformen.com/&quot;&gt;generic cialis&lt;/a&gt; neaw &lt;a href=&quot;http://www.buyedmedsonline.net/&quot;&gt;viagra&lt;/a&gt; 8-)) &lt;a href=&quot;http://www.topcarprotection.com/indianapolis-car-insurance-quotes.html&quot;&gt;car insurance IN&lt;/a&gt; rxnyj &lt;a href=&quot;http://carinsuranceinsanantonio.net/&quot;&gt;most economical car insurance San Antonio&lt;/a&gt; 474 '),
(54, 1, 'Proomsvobda', '&lt;a href=http://genericviagrajbviagraonline.com&gt;viagra&lt;/a&gt; - &lt;a href=&quot;http://genericviagrajbviagraonline.com/&quot;&gt;viagra&lt;/a&gt; - &lt;url&gt; http://genericviagrajbviagraonline.com/ |generic viagra&lt;/url&gt;'),
(55, 1, 'elexpeprettemda', 'Hi ! All &lt;a href=&quot;http://valtrexonlinenowbuy.com/over-the-counter-drug-for-valtrex.html&quot;&gt;Over the counter drug for valtrex&lt;/a&gt;,&lt;a href=&quot;http://valtrexonlinenowbuy.com/valtrex-causes-more-outbreaks.html&quot;&gt;Valtrex causes more outbreaks&lt;/a&gt;,&lt;a href=&quot;http://valtrexonlinenowbuy.com/valtrex-safe-breastfeeding.html&quot;&gt;Valtrex safe breastfeeding&lt;/a&gt;,&lt;a href=&quot;http://valtrexonlinenowbuy.com/does-valtrex-affect-herpes-blood-test.html&quot;&gt;Does valtrex affect herpes blood test&lt;/a&gt;,&lt;a href=&quot;http://valtrexonlinenowbuy.com/medication-for-herpes-valtrex.html&quot;&gt;Medication for herpes valtrex&lt;/a&gt;,&lt;a href=&quot;http://valtrexonlinenowbuy.com/valtrex-is-made-by.html&quot;&gt;Valtrex is made by&lt;/a&gt;,&lt;a href=&quot;http://valtrexonlinenowbuy.com/does-valtrex-work-oral-herpes.html&quot;&gt;Does valtrex work oral herpes&lt;/a&gt;'),
(56, 1, 'qRvizqZLpR', '&lt;a href=&quot;http://www.leadingautoinsurers.net/&quot;&gt;insurance act automobile&lt;/a&gt; %-)) &lt;a href=&quot;http://www.edtabletsshop.com/&quot;&gt;Cialafil in Oklahoma&lt;/a&gt; 1943 &lt;a href=&quot;http://www.onlinecheapautoinsur.com/&quot;&gt;professional liability insurance nurse&lt;/a&gt; vtwdm &lt;a href=&quot;http://carinsuranceinfortworth.net/&quot;&gt;car insurence rates&lt;/a&gt; 26673 &lt;a href=&quot;http://autoinsuranceguidance.net/&quot;&gt;insurance auto&lt;/a&gt; 684947 '),
(57, 1, 'qGkPaoyFWSZr', '&lt;a href=&quot;http://www.onlinecollegeoffers.net/&quot;&gt;distance learning college&lt;/a&gt; ctrcsc &lt;a href=&quot;http://www.buyautocoveronline.com/cheap-auto-insurance-GA.html&quot;&gt;free car insurance Georgia&lt;/a&gt; 705561 &lt;a href=&quot;http://www.aboutcarinsurancerates.com/&quot;&gt;car insurance&lt;/a&gt; odbl &lt;a href=&quot;http://www.buyautocoveronline.com/&quot;&gt;buy cheap auto insurance online&lt;/a&gt; 49904 &lt;a href=&quot;http://insuranceinindianapolis.net/&quot;&gt;carriage insurance IN&lt;/a&gt; 744 '),
(58, 1, 'nkjiLuRfsiMvYmgejO', '&lt;a href=&quot;http://www.onlinecollegeoffers.net/&quot;&gt;online colleges&lt;/a&gt; umv &lt;a href=&quot;http://www.leadingautoinsurers.net/auto-insurance-quotes-florida.html&quot;&gt;cheapest auto insurance in USA Florida&lt;/a&gt; :-D &lt;a href=&quot;http://ramblingsofamarinewife.com/&quot;&gt;cialis&lt;/a&gt; 699713 &lt;a href=&quot;http://www.carinsurancechoice.net/&quot;&gt;insurance auto&lt;/a&gt; 987739 &lt;a href=&quot;http://setantabetblog.com/&quot;&gt;order viagra online without script&lt;/a&gt; =-( &lt;a href=&quot;http://www.getyourquotesonline.com/&quot;&gt;lowest car insurance&lt;/a&gt; 937937 &lt;a href=&quot;http://www.lowpricetreatment.com/&quot;&gt;cialis sold in the USA with no perscription&lt;/a&gt; %-OOO '),
(59, 1, 'gromyimmidsda', '&lt;a href=http://cialisonlinecuy.com/&gt;cheap cialis&lt;/a&gt; - &lt;a href=&quot;http://cialisonlinecuy.com/&quot;&gt;cialis online&lt;/a&gt; - http://cialisonlinecuy.com/  8fds89'),
(60, 1, 'kPOGrCsOzRrMxzwDk', '&lt;a href=&quot;http://politics-matters.com/&quot;&gt;low cost life insurance&lt;/a&gt; &gt;:-P &lt;a href=&quot;http://www.bestautoinsuranceservice.com/&quot;&gt;cheap auto insuran ce&lt;/a&gt; itudt &lt;a href=&quot;http://canadianaudiophile.com/&quot;&gt;cialis cheap&lt;/a&gt; crrlec &lt;a href=&quot;http://www.mybestonlinecollege.net/&quot;&gt;accredited college online&lt;/a&gt; 9397 &lt;a href=&quot;http://www.topcarprotection.com/&quot;&gt;discount auti ins&lt;/a&gt; zcwp '),
(61, 1, 'guicefepegf', '&lt;a href=http://www.failingtherorschachtest.com/#1&gt;online viagra&lt;/a&gt; &lt;a href=&quot;http://www.failingtherorschachtest.com/#2&quot;&gt;viagra online without prescription&lt;/a&gt; - http://www.failingtherorschachtest.com/ ,&lt;a href=http://www.medjaicatz.com/#1&gt;cheapest cialis&lt;/a&gt; &lt;a href=&quot;http://www.medjaicatz.com/#2&quot;&gt;cialis soft tabs&lt;/a&gt; - http://www.medjaicatz.com/ ,&lt;a href=http://turnstoneam.com/#1&gt;order cialis&lt;/a&gt; &lt;a href=&quot;http://turnstoneam.com/#2&quot;&gt;generic cialis&lt;/a&gt; - http://turnstoneam.com/'),
(62, 1, 'OscikeBaciewsda', '&lt;a href=http://www.failingtherorschachtest.com/#1&gt;viagra online without prescription&lt;/a&gt; &lt;a href=&quot;http://www.failingtherorschachtest.com/#2&quot;&gt;viagra&lt;/a&gt; - http://www.failingtherorschachtest.com/ ,&lt;a href=http://www.medjaicatz.com/#1&gt;cialis 20mg&lt;/a&gt; &lt;a href=&quot;http://www.medjaicatz.com/#2&quot;&gt;cialis soft tabs&lt;/a&gt; - http://www.medjaicatz.com/ ,&lt;a href=http://turnstoneam.com/#1&gt;cialis generic&lt;/a&gt; &lt;a href=&quot;http://turnstoneam.com/#2&quot;&gt;generic cialis&lt;/a&gt; - http://turnstoneam.com/'),
(63, 1, 'assinuajorima', '&lt;a href=http://cheapviagrapillsesl.com/#1&gt;viagra&lt;/a&gt; &lt;a href=http://cheapviagrapillsvivt.com/#1&gt;viagra&lt;/a&gt; &lt;a href=http://viagraonlinegenericth.com/#1&gt;viagra online&lt;/a&gt; &lt;a href=http://cheapcialisgenericsybf.com/#1&gt;generic cialis&lt;/a&gt; &lt;a href=http://genericcialispricegnf.com/#1&gt;cialis price&lt;/a&gt; &lt;a href=http://cialisonlinepillsgkd.com/#1&gt;cialis&lt;/a&gt; &lt;a href=http://genericviagraonlinejvrg.com/#1&gt;viagra online&lt;/a&gt; &lt;a href=http://buyviagraonlinertvr.com/#1&gt;buy viagra&lt;/a&gt; &lt;a href=http://genericcialisonlinevsdk.com/#1&gt;cialis&lt;/a&gt; &lt;a href=http://cialisonlinepricesrj.com/#1&gt;cialis online&lt;/a&gt;'),
(64, 1, 'PdAKPqcrW', ' &lt;a href=&quot;http://www.cheapestcarinsuronline.com/&quot;&gt;cheap car insurance&lt;/a&gt; &lt;a href=&quot;http://www.getacheapcoverage.com/&quot;&gt;instant car insurance quotes&lt;/a&gt; &lt;a href=&quot;http://www.shoppingforedtabs.com/&quot;&gt;levitra viagra alternative&lt;/a&gt; &lt;a href=&quot;http://www.insurdealsnow.com/&quot;&gt;cheap car insurance&lt;/a&gt; &lt;a href=&quot;http://www.getyourquotesonline.com/&quot;&gt;historic vehicle insurance&lt;/a&gt;'),
(65, 1, 'Infertextjg', '&lt;a href=http://cheapviagrapillsesf.com/#1&gt;viagra&lt;/a&gt; &lt;a href=http://genericcialisonlinevsdt.com/#1&gt;cialis online&lt;/a&gt; &lt;a href=http://cialisonlinepricesrg.com/#1&gt;cialis&lt;/a&gt; &lt;a href=http://viagraonlinegenerictsf.com/#1&gt;generic viagra&lt;/a&gt; &lt;a href=http://buyviagraonlinewrv.com/#1&gt;buy viagra&lt;/a&gt; &lt;a href=http://genericviagrapricevth.com/#1&gt;viagra price&lt;/a&gt; &lt;a href=http://cialisonlinepillssrgv.com/#1&gt;cialis online&lt;/a&gt; &lt;a href=http://cheapcialisonlinesgd.com/#1&gt;cheap cialis&lt;/a&gt; &lt;a href=http://genericviagrarbs.com/#1&gt;generic viagra&lt;/a&gt; &lt;a href=http://viagrapricesapf.com/#1&gt;viagra&lt;/a&gt;'),
(66, 1, 'i7uMJp9L', ' &lt;a href=&quot;http://www.cheapestcarinsuronline.com/&quot;&gt;auto insurance quotes&lt;/a&gt; &lt;a href=&quot;http://www.getyourquotesonline.com/&quot;&gt;health insurance tricare&lt;/a&gt; &lt;a href=&quot;http://www.onlinecheapautoinsur.com/&quot;&gt;car insurance low down payment&lt;/a&gt; &lt;a href=&quot;http://www.bestautoinsurancepolicies.net/&quot;&gt;vehicles insurance for&lt;/a&gt; &lt;a href=&quot;http://www.getacheapcoverage.com/&quot;&gt;new car insurance get&lt;/a&gt; &lt;a href=&quot;http://www.lowpricetreatment.com/&quot;&gt;cilalis&lt;/a&gt;'),
(67, 1, 'AparpLelasc', '&lt;a href=http://buyviagragenericviagrarth.com/&gt;viagra buy&lt;/a&gt; &lt;a href=http://viagraonlinewithoutprescriptionbyy.com/&gt;buy viagra online&lt;/a&gt; &lt;a href=http://cialisonlinegenericcialisisj.com/&gt;cialis generic&lt;/a&gt; &lt;a href=http://ordercialisonlinecialisybi.com/&gt;cialis online&lt;/a&gt; &lt;a href=http://cialisonlinesya.com/&gt;cialis online&lt;/a&gt; &lt;a href=http://cialispriceschu.com/&gt;cialis&lt;/a&gt; &lt;a href=http://viagraonlineahc.com/&gt;viagra online&lt;/a&gt; &lt;a href=http://cheapviagrabfh.com/&gt;cheap viagra&lt;/a&gt; &lt;a href=http://genericcialisvkq.com/&gt;cialis&lt;/a&gt; &lt;a href=http://cheapcialisaun.com/&gt;cialis&lt;/a&gt;'),
(68, 1, 'AparpLelamz', '&lt;a href=http://buyviagragenericviagrarth.com/&gt;buy viagra&lt;/a&gt; &lt;a href=http://viagraonlinewithoutprescriptionbyy.com/&gt;buy viagra online&lt;/a&gt; &lt;a href=http://cialisonlinegenericcialisisj.com/&gt;cialis generic online&lt;/a&gt; &lt;a href=http://ordercialisonlinecialisybi.com/&gt;cialis online&lt;/a&gt; &lt;a href=http://cialisonlinesya.com/&gt;cialis online&lt;/a&gt; &lt;a href=http://cialispriceschu.com/&gt;cialis price&lt;/a&gt; &lt;a href=http://viagraonlineahc.com/&gt;viagra&lt;/a&gt; &lt;a href=http://cheapviagrabfh.com/&gt;viagra&lt;/a&gt; &lt;a href=http://genericcialisvkq.com/&gt;generic cialis&lt;/a&gt; &lt;a href=http://cheapcialisaun.com/&gt;cheap cialis&lt;/a&gt;'),
(69, 1, 'XZc4pIsJSuTU', ' &lt;a href=&quot;http://politics-matters.com/&quot;&gt;life insurance quotes&lt;/a&gt; &lt;a href=&quot;http://www.insurers-list.com/&quot;&gt;auto insurance quotes&lt;/a&gt; &lt;a href=&quot;http://www.edtabletsshop.com/&quot;&gt;Buy Cialis Generic Online&lt;/a&gt; &lt;a href=&quot;http://www.lowpricetreatment.com/&quot;&gt;cialis no prescrip cheap&lt;/a&gt; &lt;a href=&quot;http://www.yourcarinsurancequotes.net/&quot;&gt;auto insurance quotes free&lt;/a&gt; &lt;a href=&quot;http://www.getyourquotesonline.com/&quot;&gt;free auto insurance quotes online&lt;/a&gt; &lt;a href=&quot;http://www.yourcarinsurancequotes.net/iowa-car-insurance-quotes.html&quot;&gt;Iowa car insurance quotes&lt;/a&gt;'),
(70, 1, 'VzWYfsvV', ' &lt;a href=&quot;http://www.mybestonlinecollege.net/&quot;&gt;online college&lt;/a&gt; &lt;a href=&quot;http://www.perfectautoinsur.com/&quot;&gt;cheaper auto insurance quotes&lt;/a&gt; &lt;a href=&quot;http://www.qualityskincare.net/&quot;&gt;antibiotics accutane with&lt;/a&gt; &lt;a href=&quot;http://www.insurers-list.com/&quot;&gt;insurance maxicare&lt;/a&gt; &lt;a href=&quot;http://www.bestautoinsuranceservice.com/&quot;&gt;auto insurance quotes&lt;/a&gt; &lt;a href=&quot;http://www.edtabletsshop.com/&quot;&gt;ciallis purchase&lt;/a&gt; &lt;a href=&quot;http://www.lowpricetreatment.com/&quot;&gt;cialis to order&lt;/a&gt; &lt;a href=&quot;http://www.aboutcarinsurancerates.com/&quot;&gt;quote car insurance florida&lt;/a&gt;'),
(71, 1, 'moissiosorevf', '&lt;a href=&quot;http://cialisonlinegenericcialiseth.com/&quot;&gt;cialis online&lt;/a&gt; &lt;a href=&quot;http://cialisgenericpricekty.com/&quot;&gt;cialis price&lt;/a&gt; &lt;a href=&quot;http://ordercialisonlinecialishkh.com/&quot;&gt;buy cialis&lt;/a&gt; &lt;a href=&quot;http://buygenericcialistkg.com/&quot;&gt;buy cialis&lt;/a&gt; &lt;a href=&quot;http://cheapgenericcialisdhk.com/&quot;&gt;cheap cialis&lt;/a&gt; &lt;a href=&quot;http://buycialisonlinecheapdhk.com/&quot;&gt;cialis&lt;/a&gt; &lt;a href=&quot;http://cialis20mgcialisdailydfh.com/&quot;&gt;cialis daily&lt;/a&gt; &lt;a href=&quot;http://buycialisonlinegenericdfh.com/&quot;&gt;buy cialis&lt;/a&gt; &lt;a href=&quot;http://cialispricecheapcialisefh.com/&quot;&gt;cialis price&lt;/a&gt; &lt;a href=&quot;http://cialisreviewscialisprofessionalghk.com/&quot;&gt;cialis reviews&lt;/a&gt;'),
(72, 1, 'vepeOradazl', '&lt;a href=&quot;http://genericcialispricekli.com/&quot;&gt;cialis&lt;/a&gt; &lt;a href=&quot;http://cialis20mgdailysry.com/&quot;&gt;cialis&lt;/a&gt; &lt;a href=&quot;http://cialisgenericpricestb.com/&quot;&gt;cialis price&lt;/a&gt; &lt;a href=&quot;http://genericcialispricegni.com/&quot;&gt;generic cialis&lt;/a&gt; &lt;a href=&quot;http://cialisonlinepillsgks.com/&quot;&gt;cialis&lt;/a&gt; &lt;a href=&quot;http://cheapcialisgenericsyb.com/&quot;&gt;generic cialis&lt;/a&gt; &lt;a href=&quot;http://cheapviagrapriceldy.com/&quot;&gt;viagra price&lt;/a&gt; &lt;a href=&quot;http://viagraonlinewithoutprescriptionuvj.com/&quot;&gt;viagra&lt;/a&gt; &lt;a href=&quot;http://genericviagraonlinejvr.com/&quot;&gt;generic viagra&lt;/a&gt; &lt;a href=&quot;http://cheapviagrapillsviv.com/&quot;&gt;viagra&lt;/a&gt; &lt;a href=&quot;http://buyviagraonlinertv.com/&quot;&gt;buy viagra&lt;/a&gt;'),
(73, 1, '00OL2w16O', ' &lt;a href=&quot;http://www.insurdealsnow.com/&quot;&gt;pregressive insurance&lt;/a&gt; &lt;a href=&quot;http://www.bestautoinsurancepolicies.net/&quot;&gt;auto insurance&lt;/a&gt; &lt;a href=&quot;http://www.onlinecheapautoinsur.com/&quot;&gt;cheap car insurance&lt;/a&gt; &lt;a href=&quot;http://www.aboutcarinsurancerates.com/&quot;&gt;best nj car insurance comparison website&lt;/a&gt; &lt;a href=&quot;http://politics-matters.com/&quot;&gt;lide insurance companies&lt;/a&gt; &lt;a href=&quot;http://undercovercrafter.com/&quot;&gt;cheap auto insurance&lt;/a&gt; &lt;a href=&quot;http://www.cheapestcarinsuronline.com/&quot;&gt;business liability insurance canada&lt;/a&gt; &lt;a href=&quot;http://www.lowpricetreatment.com/&quot;&gt;cialis&lt;/a&gt;'),
(74, 1, 'arcamsfaftBitiz', '&lt;a href=&quot;http://viagrasamplescheapgenericviagraerh.com/#rzpm&quot;&gt;viagra sample&lt;/a&gt; ,&lt;a href=&quot;http://onlineviagraviagragenericenb.com/#hiqs&quot;&gt;buy viagra online at&lt;/a&gt; ,&lt;a href=&quot;http://viagrapricebuycheapviagraer.com/#vfsq&quot;&gt;best price viagra name brand online&lt;/a&gt; ,&lt;a href=&quot;http://genericviagraonlinenaturalviagrajae.com/#pffz&quot;&gt;buy cheap generic viagra&lt;/a&gt; ,&lt;a href=&quot;http://discountviagrapurchaseviagraren.com/#cuzb&quot;&gt;viagra discount online&lt;/a&gt; ,&lt;a href=&quot;http://buygenericcialiscialisprofessionaleafb.com/#iaix&quot;&gt;generic cialis online&lt;/a&gt; ,&lt;a href=&quot;http://cheapgenericcialiscialis20mgeaj.com/#mqlf&quot;&gt;buy cheap cialis&lt;/a&gt; ,&lt;a href=&quot;http://cialisdailybuycheapcialisaatn.com/#zvbs&quot;&gt;buy cialis generic&lt;/a&gt;'),
(75, 1, 't0L9wwvOKf', ' &lt;a href=&quot;http://www.insurdealsnow.com/&quot;&gt;motor trade insurance cheap&lt;/a&gt; &lt;a href=&quot;http://www.getedtabsonline.com&quot;&gt;buy viagra&lt;/a&gt; &lt;a href=&quot;http://www.zishaanshafi.com/affordable-life-insurance.html&quot;&gt;india insurance companies life&lt;/a&gt; &lt;a href=&quot;http://www.fundeal88.com/accutane-online.html&quot;&gt;time accutane&lt;/a&gt; &lt;a href=&quot;http://www.maeed.com/cialis-online.html&quot;&gt;cialis online&lt;/a&gt;'),
(76, 1, ' &lt;a href=&quot;http://www', ' &lt;a href=&quot;http://www.memorialbaptistbeckley.com/buy-accutane&quot;&gt;accutane online buying&lt;/a&gt; &lt;a href=&quot;http://www.encounterberlin.com/car-hire-germany.html&quot;&gt;discount code for car hire&lt;/a&gt; &lt;a href=&quot;http://wotarmory.com&quot;&gt;pfizer viagra for sale&lt;/a&gt; &lt;a href=&quot;http://setantabetblog.com&quot;&gt;buy viagra&lt;/a&gt; &lt;a href=&quot;http://priceforerection.com&quot;&gt;cialis sale discount&lt;/a&gt;'),
(77, 1, 'nutblernezi', 'http://onlinefrancecbyoro4ow4m.lo.gs/   viagra es bueno http://onlinefrancesvh0oz8gl0.lo.gs/   viagra envie http://onlinefrancecbuh1xqf.lo.gs/   viagra suisse romande http://onlinefrancebxfmczf2.lo.gs/   viagra turc http://onlinefrancexcg93wo.lo.gs/   viagra gdzie kupic forum http://onlinefrancebxzwr4k2x.lo.gs/   viagra ft rrezarta shkurta http://onlinefranceb3hww4.lo.gs/   viagra en mujeres yahoo http://onlinefrancebxzwr4k2x.lo.gs/   viagra recette http://onlinefranceeg5ewjegd6m.lo.gs/   viagra temoignage http://onlinefranceeg1u1lde.lo.gs/   viagra pour une femme http://onlinefrancerfnpiptl2.lo.gs/   viagra healthexpress.fr http://onlinefranceeg1u1lde.lo.gs/   viagra generique fr'),
(78, 1, ' &lt;a href=&quot;http://www', ' &lt;a href=&quot;http://www.condo-winter-park.com/&quot;&gt;http://www.condo-winter-park.com/&lt;/a&gt; &lt;a href=&quot;http://www.swfloridalabclub.com/&quot;&gt;http://www.swfloridalabclub.com/&lt;/a&gt;'),
(79, 1, ' &lt;a href=&quot;http://www', ' &lt;a href=&quot;http://www.topautoguideonline.com/&quot;&gt;cheap auto insurance&lt;/a&gt; &lt;a href=&quot;http://www.babylaids.com/auto-insurance-quotes-online.html&quot;&gt;cheap car in qoutes&lt;/a&gt; &lt;a href=&quot;http://www.windows-phone-news.com/degree-programs.html&quot;&gt;online college courses&lt;/a&gt; &lt;a href=&quot;http://www.themoviebros.com/auto-insurance-quotes.html&quot;&gt;medigap medicare insurance&lt;/a&gt; &lt;a href=&quot;http://www.mothermopher.com/life_insurance_quotes.html&quot;&gt;get insurance in nevada&lt;/a&gt;'),
(80, 1, ' &lt;a href=&quot;http://www', ' &lt;a href=&quot;http://www.mycarinsurquote.com/&quot;&gt;auto insurance quote pa&lt;/a&gt; &lt;a href=&quot;http://www.themoviebros.com/cheap-car-insurance.html&quot;&gt;car insurance for cheap&lt;/a&gt; &lt;a href=&quot;http://www.mdc-commercial-property-for-rent.com/cheapest-health-insurance&quot;&gt;Private Health Insurance Quotes&lt;/a&gt; &lt;a href=&quot;http://myinsuranceplans.net&quot;&gt;cheapest car insurance&lt;/a&gt; &lt;a href=&quot;http://allgamesinonesite.com&quot;&gt;watch casino online&lt;/a&gt; &lt;a href=&quot;http://buyinsuronline.com&quot;&gt;free auto insurance quotes for california&lt;/a&gt; &lt;a href=&quot;http://www.babylaids.com/low-cost-car-insurance.html&quot;&gt;insurance travel cheap&lt;/a&gt;'),
(81, 1, 'ornalpawlew', 'Great treatment is attainable if you &lt;a href=&quot;http://edmyedguide24.com/&quot;&gt;http://edmyedguide24.com/&lt;/a&gt; the clear choice? for the drugs you need and get a low price of &lt;a href=&quot;http://edmedstabs24you.com/&quot;&gt;http://edmedstabs24you.com/&lt;/a&gt; pills here are sold below whole If my &lt;a href=&quot;http://edmedspricechart24.com/&quot;&gt;http://edmedspricechart24.com/&lt;/a&gt; at low prices always available through this specialist site'),
(82, 1, ' &lt;a href=&quot;http://www', ' &lt;a href=&quot;http://www.mdc-commercial-property-for-rent.com/health-insurance&quot;&gt;health insurance&lt;/a&gt; &lt;a href=&quot;http://www.themoviebros.com/cheap-car-insurance.html&quot;&gt;best car insurance quotes online&lt;/a&gt; &lt;a href=&quot;http://www.topautoguideonline.com/&quot;&gt;cheap auto insurance&lt;/a&gt; &lt;a href=&quot;http://www.windows-phone-news.com/degree-programs.html&quot;&gt;it degree online bachelor&lt;/a&gt; &lt;a href=&quot;http://topinsuranceagents.net&quot;&gt;online auto insurance&lt;/a&gt; &lt;a href=&quot;http://myinsuranceplans.net&quot;&gt;cheapest car insurance&lt;/a&gt;'),
(83, 1, ' &lt;a href=&quot;http://onl', ' &lt;a href=&quot;http://onlinepokerlabs.com&quot;&gt;free online poker&lt;/a&gt; &lt;a href=&quot;http://www.insureyourcaronline.com/&quot;&gt;compare maryland car insurance to ny&lt;/a&gt; &lt;a href=&quot;http://www.myedtreatment.com&quot;&gt;cialis apotek&lt;/a&gt; &lt;a href=&quot;http://best-slots-ever.com&quot;&gt;slots&lt;/a&gt; &lt;a href=&quot;http://www.mycarinsurquote.com/&quot;&gt;low cost car insurance&lt;/a&gt;'),
(84, 1, ' &lt;a href=&quot;http://www', ' &lt;a href=&quot;http://www.getyourquotesonline.com/&quot;&gt;auto insurance rates NJ&lt;/a&gt; &lt;a href=&quot;http://www.cheapinsuranceinyourarea.com/new-york-cheap-car-insurance.html&quot;&gt;cheap car insurance for young single providers tennessee NY&lt;/a&gt; &lt;a href=&quot;http://startsavingoninsurance.com&quot;&gt;cheap auto insurance&lt;/a&gt; &lt;a href=&quot;http://licensedinsurerslist.com&quot;&gt;cheap oklahoma health insurance&lt;/a&gt; &lt;a href=&quot;http://insuranceorg.net&quot;&gt;senior life insurance term&lt;/a&gt; &lt;a href=&quot;http://allgamesinonesite.com&quot;&gt;casino online&lt;/a&gt;'),
(85, 1, ' &lt;a href=&quot;http://all', ' &lt;a href=&quot;http://allinsuranceplans.net&quot;&gt;health insurance quote instant&lt;/a&gt; &lt;a href=&quot;http://blackjackencyclopedia.com&quot;&gt;online blackjack tips&lt;/a&gt; &lt;a href=&quot;http://oncasino.org&quot;&gt;online casino&lt;/a&gt; &lt;a href=&quot;http://www.cheapestcarinsur.com&quot;&gt;cheap car insurance&lt;/a&gt; &lt;a href=&quot;http://allgamesinonesite.com&quot;&gt;casino online poker&lt;/a&gt; &lt;a href=&quot;http://www.topinsurancequotes.net/auto-insurance-quotes-des-moines.html&quot;&gt;auto insurance quotes Des Moines&lt;/a&gt; &lt;a href=&quot;http://www.getcheapinsuronline.com/&quot;&gt;car insurance quotes&lt;/a&gt;'),
(86, 1, ' &lt;a href=&quot;http://www', ' &lt;a href=&quot;http://www.insuranceinyourstate.net/jacksonville-car-insurance-quotes.html&quot;&gt;car insurance quotes FL&lt;/a&gt; &lt;a href=&quot;http://www.getcheapinsuronline.com/&quot;&gt;car insurance quotes&lt;/a&gt; &lt;a href=&quot;http://www.mymedicationsonline.com&quot;&gt;Generic Cialis sale&lt;/a&gt; &lt;a href=&quot;http://www.freequotesguide.net/cheap-auto-insurance-utah&quot;&gt;cheap auto insurance&lt;/a&gt; &lt;a href=&quot;http://insurerswebworld.com&quot;&gt;auto insurance excess&lt;/a&gt;'),
(87, 1, ' &lt;a href=&quot;http://www', ' &lt;a href=&quot;http://www.cheapautoinsuronline.com/&quot;&gt;cheap auto insurance&lt;/a&gt; &lt;a href=&quot;http://myinsuranceplans.net&quot;&gt;cheapest car insurance&lt;/a&gt; &lt;a href=&quot;http://www.insureyourcaronline.com/&quot;&gt;auto insurance quotes kansas&lt;/a&gt; &lt;a href=&quot;http://www.findyourinsurer.com&quot;&gt;cheap temporary health insurance&lt;/a&gt; &lt;a href=&quot;http://www.cheapestcarinsur.com&quot;&gt;cheap car insurance&lt;/a&gt; &lt;a href=&quot;http://www.cheapsildenafilonline.com&quot;&gt;no prescription brand viagra&lt;/a&gt; &lt;a href=&quot;http://www.searchonlinecolleges.net&quot;&gt;online schooling accr&lt;/a&gt;'),
(88, 1, ' &lt;a href=&quot;http://www', ' &lt;a href=&quot;http://www.mymedicationsonline.com&quot;&gt;Tadalafil order online&lt;/a&gt; &lt;a href=&quot;http://myinsuranceplans.net&quot;&gt;cheapest car insurance&lt;/a&gt; &lt;a href=&quot;http://www.getcarinsurquote.com/&quot;&gt;car insurance quotes&lt;/a&gt; &lt;a href=&quot;http://bestccards.com&quot;&gt;best credit cards&lt;/a&gt; &lt;a href=&quot;http://www.bestpricesonmeds.com/&quot;&gt;cheapest cialis&lt;/a&gt; &lt;a href=&quot;http://www.get-autoinsurance.com/&quot;&gt;auto insurance&lt;/a&gt;'),
(89, 1, ' &lt;a href=&quot;http://www', ' &lt;a href=&quot;http://www.aboutcarinsurancerates.com&quot;&gt;car insurance&lt;/a&gt; &lt;a href=&quot;http://coverageservices.net&quot;&gt;term life insurance rates free&lt;/a&gt; &lt;a href=&quot;http://www.getcarinsurquote.com/&quot;&gt;insurance irish car&lt;/a&gt; &lt;a href=&quot;http://www.getcheapautocoverage.com&quot;&gt;auto insurance online quick quote&lt;/a&gt; &lt;a href=&quot;http://www.cheapautoinsuronline.com/&quot;&gt;cheap auto insurance&lt;/a&gt;'),
(90, 1, ' &lt;a href=&quot;http://www', ' &lt;a href=&quot;http://www.cargobikegallery.com/buy-viagra-online.html&quot;&gt;buy viagra online&lt;/a&gt; &lt;a href=&quot;http://www.filedchic.com/vardenafil.html&quot;&gt;life expectancy of vardenafil&lt;/a&gt; &lt;a href=&quot;http://www.yardsofgrapevine.com/buy-cialis.html&quot;&gt;buy cialis&lt;/a&gt; &lt;a href=&quot;http://www.filedchic.com/levitra-generic.html&quot;&gt;levitra generic&lt;/a&gt; &lt;a href=&quot;http://www.filedchic.com/levitra-sales.html&quot;&gt;levitra levitracanada&lt;/a&gt; &lt;a href=&quot;http://www.getfreeonlinequotes.com&quot;&gt;compare car insurance online&lt;/a&gt; &lt;a href=&quot;http://insurersinmystate.com&quot;&gt;car insurance quotew&lt;/a&gt;'),
(91, 1, ' &lt;a href=&quot;http://www', ' &lt;a href=&quot;http://www.pillsservice.com/&quot;&gt;no perscription generic cialis best sites&lt;/a&gt; &lt;a href=&quot;http://www.bestpharmacies.net/&quot;&gt;cialis and viagra online&lt;/a&gt; &lt;a href=&quot;http://www.guideinsuranceservices.net/&quot;&gt;life insurance quotes instant term&lt;/a&gt; &lt;a href=&quot;http://www.bestinsurquotes.com&quot;&gt;ing life insurance quote&lt;/a&gt; &lt;a href=&quot;http://www.aboutcarinsurancerates.com&quot;&gt;car insurance&lt;/a&gt; &lt;a href=&quot;http://www.onlinemedguide.com/&quot;&gt;ginkgo biloba impotence&lt;/a&gt;'),
(92, 1, 'ensurryantarmdb', '&lt;a href=&quot;http://buypropeciagenericpropeciatrc.com/&quot;&gt;generic propecia&lt;/a&gt;,&lt;a href=&quot;http://propeciaonlinecheappropeciayce.com/&quot;&gt;cheap propecia&lt;/a&gt;,&lt;a href=&quot;http://propeciaonlinewithoutprescriptionst.com/&quot;&gt;propecia&lt;/a&gt;,&lt;a href=&quot;http://orderpropeciaonlinepropeciacyc.com/&quot;&gt;buy propecia&lt;/a&gt;,&lt;a href=&quot;http://propeciagenericpropeciapricest.com/&quot;&gt;propecia generic&lt;/a&gt;,&lt;a href=&quot;http://onlineaccutaneaccutanebuythc.com/&quot;&gt;accutane buy&lt;/a&gt;,&lt;a href=&quot;http://buyingaccutaneaccutanegenerictrc.com/&quot;&gt;accutane pills&lt;/a&gt;,&lt;a href=&quot;http://accutaneonlinegenericaccutanejat.com/&quot;&gt;accutane online&lt;/a&gt;,&lt;a href=&quot;http://accutanepriceaccutanecostrgd.com/&quot;&gt;accutane price&lt;/a&gt;,&lt;a href=&quot;http://cheapaccutanebuyaccutanerht.com/&quot;&gt;cheap accutane&lt;/a&gt;,'),
(93, 1, 'Lomasauscupjc', '&lt;a href=&quot;http://onlinepropeciapropeciagenerictmdm.com/&quot;&gt;online propecia&lt;/a&gt;,&lt;a href=&quot;http://propeciapricepropeciasamplesydhk.com/&quot;&gt;propecia&lt;/a&gt;,&lt;a href=&quot;http://discountpropeciapurchasepropeciaddyj.com/&quot;&gt;buy propecia&lt;/a&gt;,&lt;a href=&quot;http://propeciapillspropeciasaleaerh.com/&quot;&gt;propecia pills&lt;/a&gt;,&lt;a href=&quot;http://purchasepropeciaonlineaery.com/&quot;&gt;where to buy propecia&lt;/a&gt;,&lt;a href=&quot;http://buyaccutaneonlineytjb.com/&quot;&gt;accutane&lt;/a&gt;,&lt;a href=&quot;http://accutaneonlinepharmacydyj.com/&quot;&gt;accutane&lt;/a&gt;,&lt;a href=&quot;http://accutanepurchasebuyingaccutanekty.com/&quot;&gt;buying accutane&lt;/a&gt;,&lt;a href=&quot;http://cheapaccutanegenericaccutanedyk.com/&quot;&gt;accutane&lt;/a&gt;,&lt;a href=&quot;http://accutanepriceaccutanecostkbd.com/&quot;&gt;accutane price&lt;/a&gt;,'),
(94, 1, 'Noipsborifm', '&lt;a href=&quot;http://buyviagracheapviagraergr.com/&quot;&gt;buy viagra&lt;/a&gt;,&lt;a href=&quot;http://cheapviagrabuyviagracreh.com/&quot;&gt;buying viagra&lt;/a&gt;,&lt;a href=&quot;http://genericviagraviagraonlinefhfr.com/&quot;&gt;viagra online&lt;/a&gt;,&lt;a href=&quot;http://viagraonlinegenericviagraefvg.com/&quot;&gt;natural viagra&lt;/a&gt;,&lt;a href=&quot;http://viagrapillsviagrapriceregv.com/&quot;&gt;viagra pill&lt;/a&gt;,&lt;a href=&quot;http://cialis20mgcialispriceryvv.com/&quot;&gt;cialis&lt;/a&gt;,&lt;a href=&quot;http://cialissamplegenericcialisrtjvj.com/&quot;&gt;cialis discount&lt;/a&gt;,&lt;a href=&quot;http://cialisonlinebuycialisshv.com/&quot;&gt;cialis&lt;/a&gt;,&lt;a href=&quot;http://cialisreviewscheapcialisvjdf.com/&quot;&gt;cialis&lt;/a&gt;,&lt;a href=&quot;http://buycialiscialisforsalesdfv.com/&quot;&gt;soft cialis&lt;/a&gt;,'),
(95, 1, 'Noipsboriys', '&lt;a href=&quot;http://buyviagracheapviagraergr.com/&quot;&gt;order viagra&lt;/a&gt;,&lt;a href=&quot;http://cheapviagrabuyviagracreh.com/&quot;&gt;female viagra pill&lt;/a&gt;,&lt;a href=&quot;http://genericviagraviagraonlinefhfr.com/&quot;&gt;buy cheap viagra online&lt;/a&gt;,&lt;a href=&quot;http://viagraonlinegenericviagraefvg.com/&quot;&gt;generic viagra&lt;/a&gt;,&lt;a href=&quot;http://viagrapillsviagrapriceregv.com/&quot;&gt;viagra pills&lt;/a&gt;,&lt;a href=&quot;http://cialis20mgcialispriceryvv.com/&quot;&gt;cialis&lt;/a&gt;,&lt;a href=&quot;http://cialissamplegenericcialisrtjvj.com/&quot;&gt;cialis&lt;/a&gt;,&lt;a href=&quot;http://cialisonlinebuycialisshv.com/&quot;&gt;brand cialis for sale&lt;/a&gt;,&lt;a href=&quot;http://cialisreviewscheapcialisvjdf.com/&quot;&gt;liquid cialis&lt;/a&gt;,&lt;a href=&quot;http://buycialiscialisforsalesdfv.com/&quot;&gt;cialis for sale&lt;/a&gt;,');

-- --------------------------------------------------------

--
-- Структура таблицы `url_alias`
--

CREATE TABLE IF NOT EXISTS `url_alias` (
  `url_alias_id` int(11) NOT NULL AUTO_INCREMENT,
  `query` varchar(255) NOT NULL,
  `keyword` varchar(255) NOT NULL,
  PRIMARY KEY (`url_alias_id`)
) ENGINE=MyISAM  DEFAULT CHARSET=utf8 AUTO_INCREMENT=1675 ;

--
-- Дамп данных таблицы `url_alias`
--

INSERT INTO `url_alias` (`url_alias_id`, `query`, `keyword`) VALUES
(1347, 'product_id=54', 'roomba531'),
(1666, 'product_id=92', 'iclebo-arte'),
(769, 'news/headlines', 'articles-headlines'),
(770, 'manufacturer_id=11', 'irobot'),
(1180, 'product_id=51', 'irobot-roomba564-pet'),
(1250, 'product_id=55', 'roomba581'),
(1328, 'product_id=56', 'roomba770'),
(1619, 'product_id=57', 'scooba385'),
(1273, 'manufacturer_id=12', 'ecovacs'),
(1229, 'product_id=58', 'deebotd56'),
(1106, 'product_id=59', 'deebotd58'),
(1578, 'product_id=60', 'gyro601'),
(829, 'manufacturer_id=13', '1toy'),
(1205, 'product_id=61', 'roomba555'),
(1277, 'manufacturer_id=14', 'karcher'),
(1340, 'product_id=62', 'RC3000RoboCleaner'),
(1596, 'category_id=60', 'toys'),
(1293, 'manufacturer_id=15', 'wowwee'),
(1349, 'product_id=65', 'roomba521'),
(1572, 'product_id=50', 'butterfly'),
(1270, 'manufacturer_id=16', 'Clatronic'),
(1355, 'product_id=66', 'Clatronicbsr1282'),
(1617, 'product_id=67', 'verro300'),
(1357, 'product_id=68', 'hombot'),
(866, 'manufacturer_id=17', 'lg'),
(1574, 'product_id=69', 'baggihexbug'),
(1274, 'manufacturer_id=18', 'hexbug'),
(1401, 'category_id=59', 'homerobot'),
(1416, 'category_id=62', 'vacuum-cleaner'),
(1405, 'product_id=158', 'zodiac-vortex-1'),
(1145, 'category_id=75', 'webcam-robots'),
(1592, 'category_id=76', 'android'),
(1324, 'product_id=52', 'roomba780'),
(1657, 'product_id=117', 'Ambrogio-L50-Basic'),
(1562, 'category_id=68', 'auto'),
(1563, 'category_id=67', 'helicopters'),
(1589, 'category_id=71', 'constructor'),
(1564, 'category_id=69', 'microrobots'),
(1565, 'category_id=70', 'other-toys'),
(1618, 'product_id=149', 'scooba230'),
(1343, 'product_id=86', 'neato-xv-11'),
(1331, 'product_id=87', 'neato-xv-21'),
(1417, 'category_id=79', 'cat-irobot'),
(1419, 'category_id=80', 'cat-robzone'),
(1420, 'category_id=81', 'cat-neato'),
(1421, 'category_id=82', 'cat-deebot'),
(1643, 'category_id=83', 'cat-iclebo'),
(1422, 'category_id=84', 'cat-clever-clean'),
(1334, 'category_id=85', 'cat-other-man'),
(1325, 'product_id=150', 'rydis-r750'),
(1282, 'manufacturer_id=41', 'neorobot'),
(1351, 'product_id=151', 'neorobot-r1'),
(1032, 'product_id=152', 'roomba760'),
(1654, 'product_id=96', 'clever-clean-112a'),
(1410, 'product_id=80', 'roomy-gold'),
(1527, 'information_id=8', 'skidki'),
(1526, 'information_id=7', 'dostavka'),
(1339, 'product_id=98', 'roomba790'),
(1645, 'product_id=121', 'lipol-iclebo-2200'),
(1333, 'category_id=74', 'accessories'),
(1153, 'product_id=119', 'nimh-roomba-3000mah'),
(1154, 'product_id=120', 'nimh-scooba-4100'),
(1571, 'product_id=103', 'rovio-mobile'),
(1646, 'product_id=135', 'antibakt-filtr-iclebo'),
(1156, 'product_id=136', 'antibakt-filtr-neato'),
(1648, 'product_id=146', 'baza-iclebo'),
(1158, 'product_id=137', 'bok-schetka-roomba'),
(1647, 'product_id=145', 'pered-bamper-iclebo'),
(1573, 'product_id=106', 'horizon-fct-h-racing'),
(1575, 'product_id=118', 'interakt-mobile-robot'),
(1160, 'product_id=126', 'pult-roomba-scooba'),
(1161, 'product_id=143', 'kovrik-scooba'),
(1649, 'product_id=147', 'koleso-iclebo'),
(1164, 'product_id=127', 'konteiner-roomba-white'),
(1165, 'product_id=128', 'konteiner-roomba-black'),
(1576, 'product_id=107', 'LEGO-Mindstorms-NXT2'),
(1163, 'product_id=129', 'aerovac2'),
(1166, 'product_id=123', 'mayak-roomba'),
(1167, 'product_id=148', 'levoe-koleso-irobot'),
(1189, 'product_id=108', 'hexbug-nano'),
(1168, 'product_id=132', 'dop-nabor-roomba-500'),
(1169, 'product_id=134', 'smen-nabor-roomba-500'),
(1170, 'product_id=133', 'smen-nabor-roomba-700'),
(1171, 'product_id=122', 'virtual-wall-roomba'),
(1172, 'product_id=124', 'virtual-wall-scooba'),
(1607, 'product_id=112', 'sony-rolly'),
(1173, 'product_id=144', 'podstavka-scooba'),
(1577, 'product_id=114', 'func-HGR-44'),
(1579, 'product_id=105', 'parrot-ardrone'),
(1580, 'product_id=104', 'tank-Leopard-2a5'),
(1175, 'product_id=125', 'radio-pult-roomba'),
(1585, 'product_id=113', 'Bioloid-Beginner-Kit'),
(1581, 'product_id=116', 'POB-Bot-Golden-Pack-2'),
(1582, 'product_id=111', 'RoboBuilder-5710K'),
(1583, 'product_id=110', 'Tomy-I-sobot'),
(1177, 'product_id=139', 'shetki-roomba-500'),
(1361, 'product_id=93', 'Samsung-SR8855'),
(1642, 'product_id=88', 'iclebo-home'),
(1641, 'product_id=90', 'iclebo-smart'),
(1353, 'product_id=78', 'Clatronic-BSR-1283'),
(1102, 'product_id=100', 'Agait-EC-mini'),
(1354, 'product_id=101', 'Agait-EC-01-Enhanced'),
(1352, 'product_id=102', 'Agait-EC-02'),
(1350, 'product_id=99', 'RoboCleaner-788'),
(1411, 'product_id=79', 'robzone-silver-dog'),
(1348, 'product_id=94', 'smarty'),
(1584, 'product_id=109', 'ubo'),
(1199, 'product_id=130', 'smen-filtr-500'),
(1204, 'product_id=131', 'smen-filtr-700'),
(1203, 'product_id=138', 'chist-block-roomba'),
(1202, 'product_id=142', 'chist-block-scooba'),
(1201, 'product_id=140', 'schetka-vors-roomba-700'),
(1301, 'product_id=141', 'schetka-rezin-roomba-700'),
(1149, 'product_id=97', 'lrobot-a320'),
(1246, 'product_id=74', 'deebot-d76'),
(1120, 'product_id=73', 'deebot-d73'),
(1356, 'product_id=95', 'clever-clean-m-001'),
(1672, 'blog_id=65', 'blog-robot'),
(1588, 'category_id=61', 'professionals'),
(1561, 'category_id=72', 'other-robots'),
(1249, 'information_id=9', 'manuals'),
(1294, 'manufacturer_id=22', 'yujin-robot'),
(1269, 'manufacturer_id=28', 'agait'),
(1271, 'manufacturer_id=25', 'cleverclean'),
(1272, 'manufacturer_id=39', 'digital-function'),
(1275, 'manufacturer_id=29', 'hobby'),
(1276, 'manufacturer_id=31', 'horizon'),
(1278, 'manufacturer_id=32', 'lego'),
(1279, 'manufacturer_id=26', 'lrobot'),
(1280, 'manufacturer_id=21', 'neato-robotics'),
(1283, 'manufacturer_id=30', 'parrot'),
(1284, 'manufacturer_id=34', 'phison-electronics'),
(1285, 'manufacturer_id=40', 'pob-technology'),
(1286, 'manufacturer_id=36', 'robobuilder'),
(1287, 'manufacturer_id=27', 'robocleaner'),
(1288, 'manufacturer_id=38', 'robotis'),
(1289, 'manufacturer_id=20', 'robzone'),
(1290, 'manufacturer_id=23', 'samsung'),
(1291, 'manufacturer_id=37', 'sony'),
(1292, 'manufacturer_id=35', 'tomy'),
(1295, 'manufacturer_id=24', 'yo-robot'),
(1570, 'product_id=153', 'leopard'),
(1313, 'product_id=154', 'roomba620'),
(1312, 'product_id=155', 'roomba630'),
(1315, 'route=information/contact', 'contacts'),
(1316, 'route=product/special', 'sale'),
(1317, 'route=product/manufacturer', 'manufacturers'),
(1318, 'route=common/home', ''),
(1319, 'route=information/sitemap', 'sitemap'),
(1320, 'route=product/testimonial', 'testimonials'),
(1369, 'information_id=10', 'oplata'),
(1640, 'product_id=156', 'iclebo-arte-sakura'),
(1665, 'product_id=157', 'iclebo-arte-silver'),
(1402, 'category_id=86', 'gazon'),
(1616, 'product_id=159', 'dolphin-dana-1'),
(1638, 'product_id=160', 'iclebo-pop-phantom'),
(1629, 'product_id=161', 'iclebo-pop-lemon'),
(1639, 'product_id=162', 'iclebo-pop-magic'),
(1595, 'product_id=163', 'robotis-bioloid-beginner'),
(1546, 'product_id=164', 'robotis-bioloid-comprehensive-kit'),
(1547, 'product_id=165', 'amperka'),
(1557, 'product_id=166', 'robotis-bioloid-premium'),
(1480, 'manufacturer_id=42', 'company-amperka'),
(1651, 'product_id=167', 'robotis-ollo-inventor-kit '),
(1652, 'product_id=168', 'robotis-bioloid-gp'),
(1507, 'product_id=169', 'robot-pylesos-clever-clean-z10'),
(1509, 'product_id=170', 'robot-pylesos-clever-clean-z10a'),
(1644, 'product_id=171', 'nabor_iclebo'),
(1623, 'category_id=87', 'windoro'),
(1605, 'product_id=172', 'ollo-action'),
(1613, 'product_id=174', 'Robotis-OLLO-Starter-kit'),
(1674, 'record_id=63', 'weqeqwe');

-- --------------------------------------------------------

--
-- Структура таблицы `user`
--

CREATE TABLE IF NOT EXISTS `user` (
  `user_id` int(11) NOT NULL AUTO_INCREMENT,
  `user_group_id` int(11) NOT NULL,
  `username` varchar(20) NOT NULL DEFAULT '',
  `password` varchar(32) NOT NULL DEFAULT '',
  `firstname` varchar(32) NOT NULL DEFAULT '',
  `lastname` varchar(32) NOT NULL DEFAULT '',
  `email` varchar(96) NOT NULL DEFAULT '',
  `code` varchar(32) NOT NULL,
  `ip` varchar(15) NOT NULL DEFAULT '',
  `status` tinyint(1) NOT NULL,
  `date_added` datetime NOT NULL DEFAULT '0000-00-00 00:00:00',
  PRIMARY KEY (`user_id`)
) ENGINE=MyISAM  DEFAULT CHARSET=utf8 AUTO_INCREMENT=5 ;

--
-- Дамп данных таблицы `user`
--

INSERT INTO `user` (`user_id`, `user_group_id`, `username`, `password`, `firstname`, `lastname`, `email`, `code`, `ip`, `status`, `date_added`) VALUES
(1, 1, 'admin', '5416d7cd6ef195a0f7622a9c56b55e84', 'Денис', 'Катаев', 'kataeff@yandex.ru', '', '127.0.0.1', 1, '2012-07-03 20:26:00'),
(2, 11, 'webmaster', '03b2fdbe62068af4637474a61b25c64a', 'webmaster', 'webmaster', '', '65f3bdd341dc3f8aa197c501c20dd8f6', '37.229.118.49', 1, '2012-07-09 22:53:25'),
(4, 10, 'qrobot', '5e3af4508d26ff8b3000d23db60bb8d7', 'Qrobot', 'Qrobot', '', '65f3bdd341dc3f8aa197c501c20dd8f6', '93.175.13.60', 1, '2012-10-18 23:02:28'),
(3, 11, 'copywriter', '5308c64b3f7087c6fa6d0fe9ffe22223', 'Виталий', 'Мельник', '', '65f3bdd341dc3f8aa197c501c20dd8f6', '77.123.197.166', 1, '2012-07-16 23:20:25');

-- --------------------------------------------------------

--
-- Структура таблицы `user_group`
--

CREATE TABLE IF NOT EXISTS `user_group` (
  `user_group_id` int(11) NOT NULL AUTO_INCREMENT,
  `name` varchar(64) NOT NULL,
  `permission` text NOT NULL,
  PRIMARY KEY (`user_group_id`)
) ENGINE=MyISAM  DEFAULT CHARSET=utf8 AUTO_INCREMENT=12 ;

--
-- Дамп данных таблицы `user_group`
--

INSERT INTO `user_group` (`user_group_id`, `name`, `permission`) VALUES
(1, 'Главный администратор', 'a:2:{s:6:"access";a:176:{i:0;s:17:"catalog/attribute";i:1;s:23:"catalog/attribute_group";i:2;s:12:"catalog/blog";i:3;s:16:"catalog/category";i:4;s:15:"catalog/comment";i:5;s:24:"catalog/customer_support";i:6;s:33:"catalog/customer_support_category";i:7;s:16:"catalog/download";i:8;s:14:"catalog/filter";i:9;s:13:"catalog/forum";i:10;s:19:"catalog/information";i:11;s:20:"catalog/manufacturer";i:12;s:17:"catalog/ncategory";i:13;s:17:"catalog/ncomments";i:14;s:12:"catalog/news";i:15;s:14:"catalog/option";i:16;s:15:"catalog/product";i:17;s:14:"catalog/record";i:18;s:14:"catalog/review";i:19;s:15:"catalog/sitemap";i:20;s:19:"catalog/testimonial";i:21;s:31:"catalog/webme_additional_fields";i:22;s:18:"common/filemanager";i:23;s:16:"common/newspanel";i:24;s:13:"design/banner";i:25;s:13:"design/layout";i:26;s:14:"extension/feed";i:27;s:16:"extension/module";i:28;s:17:"extension/payment";i:29;s:18:"extension/shipping";i:30;s:15:"extension/total";i:31;s:25:"feed/articles_google_base";i:32;s:28:"feed/articles_google_sitemap";i:33;s:16:"feed/google_base";i:34;s:19:"feed/google_sitemap";i:35;s:18:"feed/yandex_market";i:36;s:20:"localisation/country";i:37;s:21:"localisation/currency";i:38;s:21:"localisation/geo_zone";i:39;s:21:"localisation/language";i:40;s:25:"localisation/length_class";i:41;s:25:"localisation/order_status";i:42;s:26:"localisation/return_action";i:43;s:26:"localisation/return_reason";i:44;s:26:"localisation/return_status";i:45;s:25:"localisation/stock_status";i:46;s:22:"localisation/tax_class";i:47;s:21:"localisation/tax_rate";i:48;s:25:"localisation/weight_class";i:49;s:17:"localisation/zone";i:50;s:14:"module/account";i:51;s:16:"module/affiliate";i:52;s:13:"module/banner";i:53;s:17:"module/bestseller";i:54;s:11:"module/blog";i:55;s:15:"module/carousel";i:56;s:15:"module/category";i:57;s:25:"module/category_superfish";i:58;s:15:"module/featured";i:59;s:13:"module/filter";i:60;s:18:"module/google_talk";i:61;s:18:"module/information";i:62;s:13:"module/latest";i:63;s:16:"module/ncategory";i:64;s:11:"module/news";i:65;s:19:"module/page_content";i:66;s:15:"module/randprod";i:67;s:16:"module/s_youtube";i:68;s:20:"module/sidebarsearch";i:69;s:16:"module/slideshow";i:70;s:14:"module/special";i:71;s:12:"module/store";i:72;s:18:"module/testimonial";i:73;s:12:"module/video";i:74;s:9:"module/vk";i:75;s:14:"module/welcome";i:76;s:16:"payment/alertpay";i:77;s:24:"payment/authorizenet_aim";i:78;s:21:"payment/bank_transfer";i:79;s:14:"payment/cheque";i:80;s:11:"payment/cod";i:81;s:21:"payment/free_checkout";i:82;s:14:"payment/liqpay";i:83;s:20:"payment/moneybookers";i:84;s:14:"payment/nochex";i:85;s:13:"payment/onpay";i:86;s:15:"payment/pay2pay";i:87;s:15:"payment/paymate";i:88;s:16:"payment/paypoint";i:89;s:26:"payment/perpetual_payments";i:90;s:14:"payment/pp_pro";i:91;s:17:"payment/pp_pro_uk";i:92;s:19:"payment/pp_standard";i:93;s:12:"payment/qiwi";i:94;s:17:"payment/robokassa";i:95;s:15:"payment/sagepay";i:96;s:22:"payment/sagepay_direct";i:97;s:18:"payment/sagepay_us";i:98;s:25:"payment/sberbank_transfer";i:99;s:19:"payment/twocheckout";i:100;s:28:"payment/web_payment_software";i:101;s:20:"payment/webmoney_wme";i:102;s:20:"payment/webmoney_wmr";i:103;s:20:"payment/webmoney_wmu";i:104;s:20:"payment/webmoney_wmz";i:105;s:16:"payment/worldpay";i:106;s:20:"payment/yandex_money";i:107;s:27:"report/affiliate_commission";i:108;s:22:"report/customer_credit";i:109;s:21:"report/customer_order";i:110;s:22:"report/customer_reward";i:111;s:24:"report/product_purchased";i:112;s:21:"report/product_viewed";i:113;s:18:"report/sale_coupon";i:114;s:17:"report/sale_order";i:115;s:18:"report/sale_return";i:116;s:20:"report/sale_shipping";i:117;s:15:"report/sale_tax";i:118;s:14:"sale/affiliate";i:119;s:12:"sale/contact";i:120;s:11:"sale/coupon";i:121;s:13:"sale/customer";i:122;s:23:"sale/customer_blacklist";i:123;s:19:"sale/customer_group";i:124;s:10:"sale/order";i:125;s:11:"sale/return";i:126;s:12:"sale/voucher";i:127;s:18:"sale/voucher_theme";i:128;s:15:"setting/setting";i:129;s:13:"setting/store";i:130;s:17:"shipping/citylink";i:131;s:13:"shipping/flat";i:132;s:13:"shipping/free";i:133;s:13:"shipping/item";i:134;s:23:"shipping/parcelforce_48";i:135;s:15:"shipping/pickup";i:136;s:19:"shipping/royal_mail";i:137;s:12:"shipping/ups";i:138;s:13:"shipping/usps";i:139;s:15:"shipping/weight";i:140;s:11:"tool/backup";i:141;s:14:"tool/error_log";i:142;s:12:"total/coupon";i:143;s:12:"total/credit";i:144;s:14:"total/handling";i:145;s:19:"total/low_order_fee";i:146;s:12:"total/reward";i:147;s:14:"total/shipping";i:148;s:15:"total/sub_total";i:149;s:9:"total/tax";i:150;s:11:"total/total";i:151;s:13:"total/voucher";i:152;s:9:"user/user";i:153;s:20:"user/user_permission";i:154;s:13:"shipping/free";i:155;s:23:"shipping/parcelforce_48";i:156;s:13:"shipping/item";i:157;s:12:"shipping/ups";i:158;s:12:"shipping/ems";i:159;s:18:"feed/yandex_market";i:160;s:12:"module/store";i:161;s:21:"module/cr2gridenabler";i:162;s:21:"module/cr2gridenabler";i:163;s:13:"module/latest";i:164;s:28:"module/webme_recently_viewed";i:165;s:17:"module/bestseller";i:166;s:11:"module/blog";i:167;s:11:"module/blog";i:168;s:15:"module/followme";i:169;s:9:"module/mb";i:170;s:28:"module/webme_recently_viewed";i:171;s:14:"module/welcome";i:172;s:21:"module/cr2gridenabler";i:173;s:18:"module/information";i:174;s:14:"module/myModul";i:175;s:15:"module/glavblog";}s:6:"modify";a:176:{i:0;s:17:"catalog/attribute";i:1;s:23:"catalog/attribute_group";i:2;s:12:"catalog/blog";i:3;s:16:"catalog/category";i:4;s:15:"catalog/comment";i:5;s:24:"catalog/customer_support";i:6;s:33:"catalog/customer_support_category";i:7;s:16:"catalog/download";i:8;s:14:"catalog/filter";i:9;s:13:"catalog/forum";i:10;s:19:"catalog/information";i:11;s:20:"catalog/manufacturer";i:12;s:17:"catalog/ncategory";i:13;s:17:"catalog/ncomments";i:14;s:12:"catalog/news";i:15;s:14:"catalog/option";i:16;s:15:"catalog/product";i:17;s:14:"catalog/record";i:18;s:14:"catalog/review";i:19;s:15:"catalog/sitemap";i:20;s:19:"catalog/testimonial";i:21;s:31:"catalog/webme_additional_fields";i:22;s:18:"common/filemanager";i:23;s:16:"common/newspanel";i:24;s:13:"design/banner";i:25;s:13:"design/layout";i:26;s:14:"extension/feed";i:27;s:16:"extension/module";i:28;s:17:"extension/payment";i:29;s:18:"extension/shipping";i:30;s:15:"extension/total";i:31;s:25:"feed/articles_google_base";i:32;s:28:"feed/articles_google_sitemap";i:33;s:16:"feed/google_base";i:34;s:19:"feed/google_sitemap";i:35;s:18:"feed/yandex_market";i:36;s:20:"localisation/country";i:37;s:21:"localisation/currency";i:38;s:21:"localisation/geo_zone";i:39;s:21:"localisation/language";i:40;s:25:"localisation/length_class";i:41;s:25:"localisation/order_status";i:42;s:26:"localisation/return_action";i:43;s:26:"localisation/return_reason";i:44;s:26:"localisation/return_status";i:45;s:25:"localisation/stock_status";i:46;s:22:"localisation/tax_class";i:47;s:21:"localisation/tax_rate";i:48;s:25:"localisation/weight_class";i:49;s:17:"localisation/zone";i:50;s:14:"module/account";i:51;s:16:"module/affiliate";i:52;s:13:"module/banner";i:53;s:17:"module/bestseller";i:54;s:11:"module/blog";i:55;s:15:"module/carousel";i:56;s:15:"module/category";i:57;s:25:"module/category_superfish";i:58;s:15:"module/featured";i:59;s:13:"module/filter";i:60;s:18:"module/google_talk";i:61;s:18:"module/information";i:62;s:13:"module/latest";i:63;s:16:"module/ncategory";i:64;s:11:"module/news";i:65;s:19:"module/page_content";i:66;s:15:"module/randprod";i:67;s:16:"module/s_youtube";i:68;s:20:"module/sidebarsearch";i:69;s:16:"module/slideshow";i:70;s:14:"module/special";i:71;s:12:"module/store";i:72;s:18:"module/testimonial";i:73;s:12:"module/video";i:74;s:9:"module/vk";i:75;s:14:"module/welcome";i:76;s:16:"payment/alertpay";i:77;s:24:"payment/authorizenet_aim";i:78;s:21:"payment/bank_transfer";i:79;s:14:"payment/cheque";i:80;s:11:"payment/cod";i:81;s:21:"payment/free_checkout";i:82;s:14:"payment/liqpay";i:83;s:20:"payment/moneybookers";i:84;s:14:"payment/nochex";i:85;s:13:"payment/onpay";i:86;s:15:"payment/pay2pay";i:87;s:15:"payment/paymate";i:88;s:16:"payment/paypoint";i:89;s:26:"payment/perpetual_payments";i:90;s:14:"payment/pp_pro";i:91;s:17:"payment/pp_pro_uk";i:92;s:19:"payment/pp_standard";i:93;s:12:"payment/qiwi";i:94;s:17:"payment/robokassa";i:95;s:15:"payment/sagepay";i:96;s:22:"payment/sagepay_direct";i:97;s:18:"payment/sagepay_us";i:98;s:25:"payment/sberbank_transfer";i:99;s:19:"payment/twocheckout";i:100;s:28:"payment/web_payment_software";i:101;s:20:"payment/webmoney_wme";i:102;s:20:"payment/webmoney_wmr";i:103;s:20:"payment/webmoney_wmu";i:104;s:20:"payment/webmoney_wmz";i:105;s:16:"payment/worldpay";i:106;s:20:"payment/yandex_money";i:107;s:27:"report/affiliate_commission";i:108;s:22:"report/customer_credit";i:109;s:21:"report/customer_order";i:110;s:22:"report/customer_reward";i:111;s:24:"report/product_purchased";i:112;s:21:"report/product_viewed";i:113;s:18:"report/sale_coupon";i:114;s:17:"report/sale_order";i:115;s:18:"report/sale_return";i:116;s:20:"report/sale_shipping";i:117;s:15:"report/sale_tax";i:118;s:14:"sale/affiliate";i:119;s:12:"sale/contact";i:120;s:11:"sale/coupon";i:121;s:13:"sale/customer";i:122;s:23:"sale/customer_blacklist";i:123;s:19:"sale/customer_group";i:124;s:10:"sale/order";i:125;s:11:"sale/return";i:126;s:12:"sale/voucher";i:127;s:18:"sale/voucher_theme";i:128;s:15:"setting/setting";i:129;s:13:"setting/store";i:130;s:17:"shipping/citylink";i:131;s:13:"shipping/flat";i:132;s:13:"shipping/free";i:133;s:13:"shipping/item";i:134;s:23:"shipping/parcelforce_48";i:135;s:15:"shipping/pickup";i:136;s:19:"shipping/royal_mail";i:137;s:12:"shipping/ups";i:138;s:13:"shipping/usps";i:139;s:15:"shipping/weight";i:140;s:11:"tool/backup";i:141;s:14:"tool/error_log";i:142;s:12:"total/coupon";i:143;s:12:"total/credit";i:144;s:14:"total/handling";i:145;s:19:"total/low_order_fee";i:146;s:12:"total/reward";i:147;s:14:"total/shipping";i:148;s:15:"total/sub_total";i:149;s:9:"total/tax";i:150;s:11:"total/total";i:151;s:13:"total/voucher";i:152;s:9:"user/user";i:153;s:20:"user/user_permission";i:154;s:13:"shipping/free";i:155;s:23:"shipping/parcelforce_48";i:156;s:13:"shipping/item";i:157;s:12:"shipping/ups";i:158;s:12:"shipping/ems";i:159;s:18:"feed/yandex_market";i:160;s:12:"module/store";i:161;s:21:"module/cr2gridenabler";i:162;s:21:"module/cr2gridenabler";i:163;s:13:"module/latest";i:164;s:28:"module/webme_recently_viewed";i:165;s:17:"module/bestseller";i:166;s:11:"module/blog";i:167;s:11:"module/blog";i:168;s:15:"module/followme";i:169;s:9:"module/mb";i:170;s:28:"module/webme_recently_viewed";i:171;s:14:"module/welcome";i:172;s:21:"module/cr2gridenabler";i:173;s:18:"module/information";i:174;s:14:"module/myModul";i:175;s:15:"module/glavblog";}}'),
(10, 'Демонстрация', ''),
(11, 'Копирайтер', 'a:2:{s:6:"access";a:29:{i:0;s:17:"catalog/attribute";i:1;s:23:"catalog/attribute_group";i:2;s:12:"catalog/blog";i:3;s:16:"catalog/category";i:4;s:15:"catalog/comment";i:5;s:24:"catalog/customer_support";i:6;s:33:"catalog/customer_support_category";i:7;s:16:"catalog/download";i:8;s:14:"catalog/filter";i:9;s:13:"catalog/forum";i:10;s:19:"catalog/information";i:11;s:20:"catalog/manufacturer";i:12;s:17:"catalog/ncategory";i:13;s:17:"catalog/ncomments";i:14;s:12:"catalog/news";i:15;s:14:"catalog/option";i:16;s:15:"catalog/product";i:17;s:14:"catalog/record";i:18;s:14:"catalog/review";i:19;s:19:"catalog/testimonial";i:20;s:31:"catalog/webme_additional_fields";i:21;s:18:"common/filemanager";i:22;s:16:"common/newspanel";i:23;s:18:"module/information";i:24;s:13:"module/latest";i:25;s:11:"module/news";i:26;s:19:"module/page_content";i:27;s:16:"module/s_youtube";i:28;s:12:"module/store";}s:6:"modify";a:22:{i:0;s:17:"catalog/attribute";i:1;s:23:"catalog/attribute_group";i:2;s:12:"catalog/blog";i:3;s:16:"catalog/category";i:4;s:15:"catalog/comment";i:5;s:24:"catalog/customer_support";i:6;s:33:"catalog/customer_support_category";i:7;s:16:"catalog/download";i:8;s:14:"catalog/filter";i:9;s:13:"catalog/forum";i:10;s:19:"catalog/information";i:11;s:20:"catalog/manufacturer";i:12;s:17:"catalog/ncategory";i:13;s:12:"catalog/news";i:14;s:14:"catalog/option";i:15;s:15:"catalog/product";i:16;s:14:"catalog/record";i:17;s:14:"catalog/review";i:18;s:19:"catalog/testimonial";i:19;s:31:"catalog/webme_additional_fields";i:20;s:18:"common/filemanager";i:21;s:16:"common/newspanel";}}');

-- --------------------------------------------------------

--
-- Структура таблицы `voucher`
--

CREATE TABLE IF NOT EXISTS `voucher` (
  `voucher_id` int(11) NOT NULL AUTO_INCREMENT,
  `order_id` int(11) NOT NULL,
  `code` varchar(10) NOT NULL,
  `from_name` varchar(64) NOT NULL,
  `from_email` varchar(96) NOT NULL,
  `to_name` varchar(64) NOT NULL,
  `to_email` varchar(96) NOT NULL,
  `voucher_theme_id` int(11) NOT NULL,
  `message` text NOT NULL,
  `amount` decimal(15,4) NOT NULL,
  `status` tinyint(1) NOT NULL,
  `date_added` datetime NOT NULL DEFAULT '0000-00-00 00:00:00',
  PRIMARY KEY (`voucher_id`)
) ENGINE=MyISAM  DEFAULT CHARSET=utf8 AUTO_INCREMENT=3 ;

--
-- Дамп данных таблицы `voucher`
--

INSERT INTO `voucher` (`voucher_id`, `order_id`, `code`, `from_name`, `from_email`, `to_name`, `to_email`, `voucher_theme_id`, `message`, `amount`, `status`, `date_added`) VALUES
(1, 11, '0f3697452b', 'Дениска', 'kataeff@yandex.com', 'Денис', 'kataeff@yandex.ru', 8, '', 1000.0000, 1, '2012-07-25 03:05:02'),
(2, 22, 'b2cc16fd80', 'Мария', 'kataeff@yandex.com', 'денис', 'kataeff@yandex.ru', 7, 'С праздником рождения!', 10000.0000, 1, '2012-09-07 16:09:05');

-- --------------------------------------------------------

--
-- Структура таблицы `voucher_history`
--

CREATE TABLE IF NOT EXISTS `voucher_history` (
  `voucher_history_id` int(11) NOT NULL AUTO_INCREMENT,
  `voucher_id` int(11) NOT NULL,
  `order_id` int(11) NOT NULL,
  `amount` decimal(15,4) NOT NULL,
  `date_added` datetime NOT NULL,
  PRIMARY KEY (`voucher_history_id`)
) ENGINE=MyISAM DEFAULT CHARSET=utf8 AUTO_INCREMENT=1 ;

-- --------------------------------------------------------

--
-- Структура таблицы `voucher_theme`
--

CREATE TABLE IF NOT EXISTS `voucher_theme` (
  `voucher_theme_id` int(11) NOT NULL AUTO_INCREMENT,
  `image` varchar(255) NOT NULL,
  PRIMARY KEY (`voucher_theme_id`)
) ENGINE=MyISAM  DEFAULT CHARSET=utf8 AUTO_INCREMENT=9 ;

--
-- Дамп данных таблицы `voucher_theme`
--

INSERT INTO `voucher_theme` (`voucher_theme_id`, `image`) VALUES
(8, 'data/canon_eos_5d_2.jpg'),
(7, 'data/gift-voucher-birthday.jpg'),
(6, 'data/apple_logo.jpg');

-- --------------------------------------------------------

--
-- Структура таблицы `voucher_theme_description`
--

CREATE TABLE IF NOT EXISTS `voucher_theme_description` (
  `voucher_theme_id` int(11) NOT NULL,
  `language_id` int(11) NOT NULL,
  `name` varchar(32) NOT NULL,
  PRIMARY KEY (`voucher_theme_id`,`language_id`)
) ENGINE=MyISAM DEFAULT CHARSET=utf8;

--
-- Дамп данных таблицы `voucher_theme_description`
--

INSERT INTO `voucher_theme_description` (`voucher_theme_id`, `language_id`, `name`) VALUES
(6, 1, 'Новый год'),
(7, 1, 'День рождения'),
(8, 1, 'Основной');

-- --------------------------------------------------------

--
-- Структура таблицы `weight_class`
--

CREATE TABLE IF NOT EXISTS `weight_class` (
  `weight_class_id` int(11) NOT NULL AUTO_INCREMENT,
  `value` decimal(15,8) NOT NULL DEFAULT '0.00000000',
  PRIMARY KEY (`weight_class_id`)
) ENGINE=MyISAM  DEFAULT CHARSET=utf8 AUTO_INCREMENT=3 ;

--
-- Дамп данных таблицы `weight_class`
--

INSERT INTO `weight_class` (`weight_class_id`, `value`) VALUES
(1, 1.00000000),
(2, 1000.00000000);

-- --------------------------------------------------------

--
-- Структура таблицы `weight_class_description`
--

CREATE TABLE IF NOT EXISTS `weight_class_description` (
  `weight_class_id` int(11) NOT NULL AUTO_INCREMENT,
  `language_id` int(11) NOT NULL,
  `title` varchar(32) NOT NULL,
  `unit` varchar(4) NOT NULL DEFAULT '',
  PRIMARY KEY (`weight_class_id`,`language_id`)
) ENGINE=MyISAM  DEFAULT CHARSET=utf8 AUTO_INCREMENT=3 ;

--
-- Дамп данных таблицы `weight_class_description`
--

INSERT INTO `weight_class_description` (`weight_class_id`, `language_id`, `title`, `unit`) VALUES
(1, 1, 'Килограммы', 'кг'),
(2, 1, 'Граммы', 'г');

-- --------------------------------------------------------

--
-- Структура таблицы `zone`
--

CREATE TABLE IF NOT EXISTS `zone` (
  `zone_id` int(11) NOT NULL AUTO_INCREMENT,
  `country_id` int(11) NOT NULL,
  `code` varchar(32) NOT NULL DEFAULT '',
  `name` varchar(128) NOT NULL,
  `status` tinyint(1) NOT NULL DEFAULT '1',
  PRIMARY KEY (`zone_id`)
) ENGINE=MyISAM  DEFAULT CHARSET=utf8 AUTO_INCREMENT=3969 ;

--
-- Дамп данных таблицы `zone`
--

INSERT INTO `zone` (`zone_id`, `country_id`, `code`, `name`, `status`) VALUES
(1, 1, 'BDS', 'Бадахшан', 1),
(2, 1, 'BDG', 'Бадгис', 1),
(3, 1, 'BGL', 'Баглан', 1),
(4, 1, 'BAL', 'Балх', 1),
(5, 1, 'BAM', 'Бамиан', 1),
(6, 1, 'FRA', 'Фарах', 1),
(7, 1, 'FYB', 'Фарьяб', 1),
(8, 1, 'GHA', 'Газни', 1),
(9, 1, 'GHO', 'Гор', 1),
(10, 1, 'HEL', 'Гильменд', 1),
(11, 1, 'HER', 'Герат', 1),
(12, 1, 'JOW', 'Джаузджан', 1),
(13, 1, 'KAB', 'Кабул', 1),
(14, 1, 'KAN', 'Кандагар', 1),
(15, 1, 'KAP', 'Каписа', 1),
(16, 1, 'KHO', 'Хост', 1),
(17, 1, 'KNR', 'Кунар', 1),
(18, 1, 'KDZ', 'Кундуз', 1),
(19, 1, 'LAG', 'Лагман', 1),
(20, 1, 'LOW', 'Логар', 1),
(21, 1, 'NAN', 'Нангархар', 1),
(22, 1, 'NIM', 'Нимроз', 1),
(23, 1, 'NUR', 'Нуристан', 1),
(24, 1, 'ORU', 'Урузган', 1),
(25, 1, 'PIA', 'Пактия', 1),
(26, 1, 'PKA', 'Пактика', 1),
(27, 1, 'PAR', 'Парван', 1),
(28, 1, 'SAM', 'Саманган', 1),
(29, 1, 'SAR', 'Сари-Пуль', 1),
(30, 1, 'TAK', 'Тахар', 1),
(31, 1, 'WAR', 'Вардак', 1),
(32, 1, 'ZAB', 'Забуль', 1),
(33, 2, 'BR', 'Берат', 1),
(34, 2, 'BU', 'Булькиза', 1),
(35, 2, 'DL', 'Дельвина', 1),
(36, 2, 'DV', 'Девол', 1),
(37, 2, 'DI', 'Дибра', 1),
(38, 2, 'DR', 'Дуррес', 1),
(39, 2, 'EL', 'Эльбасан', 1),
(40, 2, 'ER', 'Колёня', 1),
(41, 2, 'FR', 'Фиери', 1),
(42, 2, 'GJ', 'Гирокастра', 1),
(43, 2, 'GR', 'Грамши', 1),
(44, 2, 'HA', 'Хас', 1),
(45, 2, 'KA', 'Кавая', 1),
(46, 2, 'KB', 'Курбин', 1),
(47, 2, 'KC', 'Кучова', 1),
(48, 2, 'KO', 'Корча', 1),
(49, 2, 'KR', 'Круя', 1),
(50, 2, 'KU', 'Кукес', 1),
(51, 2, 'LB', 'Либражди', 1),
(52, 2, 'LE', 'Лежа', 1),
(53, 2, 'LU', 'Люшня', 1),
(54, 2, 'MM', 'Мальси-э-Мади', 1),
(55, 2, 'MK', 'Малакастра', 1),
(56, 2, 'MT', 'Мати', 1),
(57, 2, 'MR', 'Мирдита', 1),
(58, 2, 'PQ', 'Пекини', 1),
(59, 2, 'PR', 'Пермети', 1),
(60, 2, 'PG', 'Поградец', 1),
(61, 2, 'PU', 'Пука', 1),
(62, 2, 'SH', 'Шкодер', 1),
(63, 2, 'SK', 'Скрапари', 1),
(64, 2, 'SR', 'Саранда', 1),
(65, 2, 'TE', 'Тепелена', 1),
(66, 2, 'TP', 'Тропоя', 1),
(67, 2, 'TR', 'Тирана', 1),
(68, 2, 'VL', 'Влёра', 1),
(69, 3, 'ADR', 'Адрар', 1),
(70, 3, 'ADE', 'Айн-Дефла', 1),
(71, 3, 'ATE', 'Айн-Темухент', 1),
(72, 3, 'ALG', 'Алжир', 1),
(73, 3, 'ANN', 'Аннаба', 1),
(74, 3, 'BAT', 'Батна', 1),
(75, 3, 'BEC', 'Бешар', 1),
(76, 3, 'BEJ', 'Беджая', 1),
(77, 3, 'BIS', 'Бискра', 1),
(78, 3, 'BLI', 'Блида', 1),
(79, 3, 'BBA', 'Бордж-Бу-Арреридж', 1),
(80, 3, 'BOA', 'Буйра', 1),
(81, 3, 'BMD', 'Бумердес', 1),
(82, 3, 'CHL', 'Шлеф', 1),
(83, 3, 'CON', 'Константина', 1),
(84, 3, 'DJE', 'Джельфа', 1),
(85, 3, 'EBA', 'Эль-Баяд', 1),
(86, 3, 'EOU', 'Эль-Уэд', 1),
(87, 3, 'ETA', 'Эль-Тарф', 1),
(88, 3, 'GHA', 'Гардая', 1),
(89, 3, 'GUE', 'Гуэльма', 1),
(90, 3, 'ILL', 'Иллизи', 1),
(91, 3, 'JIJ', 'Джиджель', 1),
(92, 3, 'KHE', 'Хеншела', 1),
(93, 3, 'LAG', 'Лагуат', 1),
(94, 3, 'MUA', 'Маскара', 1),
(95, 3, 'MED', 'Медеа', 1),
(96, 3, 'MIL', 'Мила', 1),
(97, 3, 'MOS', 'Мостаганем', 1),
(98, 3, 'MSI', 'Мсила', 1),
(99, 3, 'NAA', 'Наама', 1),
(100, 3, 'ORA', 'Оран', 1),
(101, 3, 'OUA', 'Уаргла', 1),
(102, 3, 'OEB', 'Ум Эль-Буахи', 1),
(103, 3, 'REL', 'Релизан', 1),
(104, 3, 'SAI', 'Саида', 1),
(105, 3, 'SET', 'Сетиф', 1),
(106, 3, 'SBA', 'Сиди-Бель-Аббес', 1),
(107, 3, 'SKI', 'Скикда', 1),
(108, 3, 'SAH', 'Сук-Ахрас', 1),
(109, 3, 'TAM', 'Таменрассет', 1),
(110, 3, 'TEB', 'Тебесса', 1),
(111, 3, 'TIA', 'Тиарет', 1),
(112, 3, 'TIN', 'Тиндуф', 1),
(113, 3, 'TIP', 'Типаза', 1),
(114, 3, 'TIS', 'Тиссемсилт', 1),
(115, 3, 'TOU', 'Тизи-Узу', 1),
(116, 3, 'TLE', 'Тлемсен', 1),
(117, 4, 'E', 'Восточный округ', 1),
(118, 4, 'M', 'Мануа', 1),
(119, 4, 'R', 'Остров Роз', 1),
(120, 4, 'S', 'Остров Суэйнс', 1),
(121, 4, 'W', 'Западный округ', 1),
(122, 5, 'ALV', 'Андорра-ла-Велья', 1),
(123, 5, 'CAN', 'Канильо', 1),
(124, 5, 'ENC', 'Энкамп', 1),
(125, 5, 'ESE', 'Эскальдес-Энгордань', 1),
(126, 5, 'LMA', 'Ла-Массана', 1),
(127, 5, 'ORD', 'Ордино', 1),
(128, 5, 'SJL', 'Сант-Жулия-де-Лория', 1),
(129, 6, 'BGO', 'Бенго', 1),
(130, 6, 'BGU', 'Бенгела', 1),
(131, 6, 'BIE', 'Бие', 1),
(132, 6, 'CAB', 'Кабинда', 1),
(133, 6, 'CCU', 'Квандо-Кубанго', 1),
(134, 6, 'CNO', 'Северная Кванза', 1),
(135, 6, 'CUS', 'Южная Кванза', 1),
(136, 6, 'CNN', 'Кунене', 1),
(137, 6, 'HUA', 'Уамбо', 1),
(138, 6, 'HUI', 'Уила', 1),
(139, 6, 'LUA', 'Луанда', 1),
(140, 6, 'LNO', 'Северная Лунда', 1),
(141, 6, 'LSU', 'Южная Лунда', 1),
(142, 6, 'MAL', 'Маланже', 1),
(143, 6, 'MOX', 'Мошико', 1),
(144, 6, 'NAM', 'Намибе', 1),
(145, 6, 'UIG', 'Уиже', 1),
(146, 6, 'ZAI', 'Заире', 1),
(147, 9, 'ASG', 'Сент-Джордж', 1),
(148, 9, 'ASJ', 'Сент-Джон', 1),
(149, 9, 'ASM', 'Сент-Мери', 1),
(150, 9, 'ASL', 'Сент-Пол', 1),
(151, 9, 'ASR', 'Сент-Петер', 1),
(152, 9, 'ASH', 'Сент-Филип', 1),
(153, 9, 'BAR', 'Барбуда', 1),
(154, 9, 'RED', 'Редонда', 1),
(155, 10, 'AN', 'Антарктида и острова Южной Атлантики', 1),
(156, 10, 'BA', 'Буэнос-Айрес', 1),
(157, 10, 'CA', 'Катамарка', 1),
(158, 10, 'CH', 'Чако', 1),
(159, 10, 'CU', 'Чубут', 1),
(160, 10, 'CO', 'Кордова', 1),
(161, 10, 'CR', 'Корриентес', 1),
(162, 10, 'DF', 'Федеральный округ', 1),
(163, 10, 'ER', 'Энтре-Риос', 1),
(164, 10, 'FO', 'Формоса', 1),
(165, 10, 'JU', 'Жужуй', 1),
(166, 10, 'LP', 'Ла-Пампа', 1),
(167, 10, 'LR', 'Ла-Риоха', 1),
(168, 10, 'ME', 'Мендоса', 1),
(169, 10, 'MI', 'Мисьонес', 1),
(170, 10, 'NE', 'Неукен', 1),
(171, 10, 'RN', 'Рио-Негро', 1),
(172, 10, 'SA', 'Сальта', 1),
(173, 10, 'SJ', 'Сан-Хуан', 1),
(174, 10, 'SL', 'Сан-Луис', 1),
(175, 10, 'SC', 'Санта-Крус', 1),
(176, 10, 'SF', 'Санта-Фе', 1),
(177, 10, 'SD', 'Сантьяго-дель-Эстеро', 1),
(178, 10, 'TF', 'Тьерра-дель-Фуэго', 1),
(179, 10, 'TU', 'Тукуман', 1),
(180, 11, 'AGT', 'Арагацотн', 1),
(181, 11, 'ARR', 'Арарат', 1),
(182, 11, 'ARM', 'Армавир', 1),
(183, 11, 'GEG', 'Гегаркуник', 1),
(184, 11, 'KOT', 'Котайк', 1),
(185, 11, 'LOR', 'Лори', 1),
(186, 11, 'SHI', 'Ширак', 1),
(187, 11, 'SYU', 'Сюник', 1),
(188, 11, 'TAV', 'Тавуш', 1),
(189, 11, 'VAY', 'Вайоц Дзор', 1),
(190, 11, 'YER', 'Ереван', 1),
(191, 13, 'ACT', 'Австралийская столичная территория', 1),
(192, 13, 'NSW', 'Новый Южный Уэльс', 1),
(193, 13, 'NT', 'Северная территория', 1),
(194, 13, 'QLD', 'Квинсленд', 1),
(195, 13, 'SA', 'Южная Австралия', 1),
(196, 13, 'TAS', 'Тасмания', 1),
(197, 13, 'VIC', 'Виктория', 1),
(198, 13, 'WA', 'Западная Австралия', 1),
(199, 14, 'BUR', 'Бургенланд', 1),
(200, 14, 'KAR', 'Каринтия', 1),
(201, 14, 'NOS', 'Нижняя Австрия', 1),
(202, 14, 'OOS', 'Верхняя Австрия', 1),
(203, 14, 'SAL', 'Зальцбург', 1),
(204, 14, 'STE', 'Штирия', 1),
(205, 14, 'TIR', 'Тироль', 1),
(206, 14, 'VOR', 'Форарльберг', 1),
(207, 14, 'WIE', 'Вена', 1),
(208, 15, 'AB', 'Ali Bayramli', 1),
(209, 15, 'ABS', 'Abseron', 1),
(210, 15, 'AGC', 'AgcabAdi', 1),
(211, 15, 'AGM', 'Agdam', 1),
(212, 15, 'AGS', 'Agdas', 1),
(213, 15, 'AGA', 'Agstafa', 1),
(214, 15, 'AGU', 'Agsu', 1),
(215, 15, 'AST', 'Astara', 1),
(216, 15, 'BA', 'Baki', 1),
(217, 15, 'BAB', 'BabAk', 1),
(218, 15, 'BAL', 'BalakAn', 1),
(219, 15, 'BAR', 'BArdA', 1),
(220, 15, 'BEY', 'Beylaqan', 1),
(221, 15, 'BIL', 'Bilasuvar', 1),
(222, 15, 'CAB', 'Cabrayil', 1),
(223, 15, 'CAL', 'Calilabab', 1),
(224, 15, 'CUL', 'Culfa', 1),
(225, 15, 'DAS', 'Daskasan', 1),
(226, 15, 'DAV', 'Davaci', 1),
(227, 15, 'FUZ', 'Fuzuli', 1),
(228, 15, 'GA', 'Ganca', 1),
(229, 15, 'GAD', 'Gadabay', 1),
(230, 15, 'GOR', 'Goranboy', 1),
(231, 15, 'GOY', 'Goycay', 1),
(232, 15, 'HAC', 'Haciqabul', 1),
(233, 15, 'IMI', 'Imisli', 1),
(234, 15, 'ISM', 'Ismayilli', 1),
(235, 15, 'KAL', 'Kalbacar', 1),
(236, 15, 'KUR', 'Kurdamir', 1),
(237, 15, 'LA', 'Lankaran', 1),
(238, 15, 'LAC', 'Lacin', 1),
(239, 15, 'LAN', 'Lankaran', 1),
(240, 15, 'LER', 'Lerik', 1),
(241, 15, 'MAS', 'Masalli', 1),
(242, 15, 'MI', 'Mingacevir', 1),
(243, 15, 'NA', 'Naftalan', 1),
(244, 15, 'NEF', 'Neftcala', 1),
(245, 15, 'OGU', 'Oguz', 1),
(246, 15, 'ORD', 'Ordubad', 1),
(247, 15, 'QAB', 'Qabala', 1),
(248, 15, 'QAX', 'Qax', 1),
(249, 15, 'QAZ', 'Qazax', 1),
(250, 15, 'QOB', 'Qobustan', 1),
(251, 15, 'QBA', 'Quba', 1),
(252, 15, 'QBI', 'Qubadli', 1),
(253, 15, 'QUS', 'Qusar', 1),
(254, 15, 'SA', 'Saki', 1),
(255, 15, 'SAT', 'Saatli', 1),
(256, 15, 'SAB', 'Sabirabad', 1),
(257, 15, 'SAD', 'Sadarak', 1),
(258, 15, 'SAH', 'Sahbuz', 1),
(259, 15, 'SAK', 'Saki', 1),
(260, 15, 'SAL', 'Salyan', 1),
(261, 15, 'SM', 'Sumqayit', 1),
(262, 15, 'SMI', 'Samaxi', 1),
(263, 15, 'SKR', 'Samkir', 1),
(264, 15, 'SMX', 'Samux', 1),
(265, 15, 'SAR', 'Sarur', 1),
(266, 15, 'SIY', 'Siyazan', 1),
(267, 15, 'SS', 'Susa', 1),
(268, 15, 'SUS', 'Susa', 1),
(269, 15, 'TAR', 'Tartar', 1),
(270, 15, 'TOV', 'Tovuz', 1),
(271, 15, 'UCA', 'Ucar', 1),
(272, 15, 'XA', 'Xankandi', 1),
(273, 15, 'XAC', 'Xacmaz', 1),
(274, 15, 'XAN', 'Xanlar', 1),
(275, 15, 'XIZ', 'Xizi', 1),
(276, 15, 'XCI', 'Xocali', 1),
(277, 15, 'XVD', 'Xocavand', 1),
(278, 15, 'YAR', 'Yardimli', 1),
(279, 15, 'YEV', 'Yevlax', 1),
(280, 15, 'ZAN', 'Zangilan', 1),
(281, 15, 'ZAQ', 'Zaqatala', 1),
(282, 15, 'ZAR', 'Zardab', 1),
(283, 15, 'NX', 'Naxcivan', 1),
(284, 16, 'ACK', 'Acklins', 1),
(285, 16, 'BER', 'Berry Islands', 1),
(286, 16, 'BIM', 'Bimini', 1),
(287, 16, 'BLK', 'Black Point', 1),
(288, 16, 'CAT', 'Cat Island', 1),
(289, 16, 'CAB', 'Central Abaco', 1),
(290, 16, 'CAN', 'Central Andros', 1),
(291, 16, 'CEL', 'Central Eleuthera', 1),
(292, 16, 'FRE', 'City of Freeport', 1),
(293, 16, 'CRO', 'Crooked Island', 1),
(294, 16, 'EGB', 'East Grand Bahama', 1),
(295, 16, 'EXU', 'Exuma', 1),
(296, 16, 'GRD', 'Grand Cay', 1),
(297, 16, 'HAR', 'Harbour Island', 1),
(298, 16, 'HOP', 'Hope Town', 1),
(299, 16, 'INA', 'Inagua', 1),
(300, 16, 'LNG', 'Long Island', 1),
(301, 16, 'MAN', 'Mangrove Cay', 1),
(302, 16, 'MAY', 'Mayaguana', 1),
(303, 16, 'MOO', 'Moore''s Island', 1),
(304, 16, 'NAB', 'North Abaco', 1),
(305, 16, 'NAN', 'North Andros', 1),
(306, 16, 'NEL', 'North Eleuthera', 1),
(307, 16, 'RAG', 'Ragged Island', 1),
(308, 16, 'RUM', 'Rum Cay', 1),
(309, 16, 'SAL', 'San Salvador', 1),
(310, 16, 'SAB', 'South Abaco', 1),
(311, 16, 'SAN', 'South Andros', 1),
(312, 16, 'SEL', 'South Eleuthera', 1),
(313, 16, 'SWE', 'Spanish Wells', 1),
(314, 16, 'WGB', 'West Grand Bahama', 1),
(315, 17, 'CAP', 'Capital', 1),
(316, 17, 'CEN', 'Central', 1),
(317, 17, 'MUH', 'Muharraq', 1),
(318, 17, 'NOR', 'Northern', 1),
(319, 17, 'SOU', 'Southern', 1),
(320, 18, 'BAR', 'Barisal', 1),
(321, 18, 'CHI', 'Chittagong', 1),
(322, 18, 'DHA', 'Dhaka', 1),
(323, 18, 'KHU', 'Khulna', 1),
(324, 18, 'RAJ', 'Rajshahi', 1),
(325, 18, 'SYL', 'Sylhet', 1),
(326, 19, 'CC', 'Christ Church', 1),
(327, 19, 'AND', 'Saint Andrew', 1),
(328, 19, 'GEO', 'Saint George', 1),
(329, 19, 'JAM', 'Saint James', 1),
(330, 19, 'JOH', 'Saint John', 1),
(331, 19, 'JOS', 'Saint Joseph', 1),
(332, 19, 'LUC', 'Saint Lucy', 1),
(333, 19, 'MIC', 'Saint Michael', 1),
(334, 19, 'PET', 'Saint Peter', 1),
(335, 19, 'PHI', 'Saint Philip', 1),
(336, 19, 'THO', 'Saint Thomas', 1),
(337, 20, 'BR', 'Брест', 1),
(338, 20, 'HO', 'Гомель', 1),
(339, 20, 'HM', 'Минск', 1),
(340, 20, 'HR', 'Гродно', 1),
(341, 20, 'MA', 'Могилев', 1),
(342, 20, 'MI', 'Минская область', 1),
(343, 20, 'VI', 'Витебск', 1),
(344, 21, 'VAN', 'Antwerpen', 1),
(345, 21, 'WBR', 'Brabant Wallon', 1),
(346, 21, 'WHT', 'Hainaut', 1),
(347, 21, 'WLG', 'Liege', 1),
(348, 21, 'VLI', 'Limburg', 1),
(349, 21, 'WLX', 'Luxembourg', 1),
(350, 21, 'WNA', 'Namur', 1),
(351, 21, 'VOV', 'Oost-Vlaanderen', 1),
(352, 21, 'VBR', 'Vlaams Brabant', 1),
(353, 21, 'VWV', 'West-Vlaanderen', 1),
(354, 22, 'BZ', 'Belize', 1),
(355, 22, 'CY', 'Cayo', 1),
(356, 22, 'CR', 'Corozal', 1),
(357, 22, 'OW', 'Orange Walk', 1),
(358, 22, 'SC', 'Stann Creek', 1),
(359, 22, 'TO', 'Toledo', 1),
(360, 23, 'AL', 'Alibori', 1),
(361, 23, 'AK', 'Atakora', 1),
(362, 23, 'AQ', 'Atlantique', 1),
(363, 23, 'BO', 'Borgou', 1),
(364, 23, 'CO', 'Collines', 1),
(365, 23, 'DO', 'Donga', 1),
(366, 23, 'KO', 'Kouffo', 1),
(367, 23, 'LI', 'Littoral', 1),
(368, 23, 'MO', 'Mono', 1),
(369, 23, 'OU', 'Oueme', 1),
(370, 23, 'PL', 'Plateau', 1),
(371, 23, 'ZO', 'Zou', 1),
(372, 24, 'DS', 'Devonshire', 1),
(373, 24, 'HC', 'Hamilton City', 1),
(374, 24, 'HA', 'Hamilton', 1),
(375, 24, 'PG', 'Paget', 1),
(376, 24, 'PB', 'Pembroke', 1),
(377, 24, 'GC', 'Saint George City', 1),
(378, 24, 'SG', 'Saint George''s', 1),
(379, 24, 'SA', 'Sandys', 1),
(380, 24, 'SM', 'Smith''s', 1),
(381, 24, 'SH', 'Southampton', 1),
(382, 24, 'WA', 'Warwick', 1),
(383, 25, 'BUM', 'Bumthang', 1),
(384, 25, 'CHU', 'Chukha', 1),
(385, 25, 'DAG', 'Dagana', 1),
(386, 25, 'GAS', 'Gasa', 1),
(387, 25, 'HAA', 'Haa', 1),
(388, 25, 'LHU', 'Lhuntse', 1),
(389, 25, 'MON', 'Mongar', 1),
(390, 25, 'PAR', 'Paro', 1),
(391, 25, 'PEM', 'Pemagatshel', 1),
(392, 25, 'PUN', 'Punakha', 1),
(393, 25, 'SJO', 'Samdrup Jongkhar', 1),
(394, 25, 'SAT', 'Samtse', 1),
(395, 25, 'SAR', 'Sarpang', 1),
(396, 25, 'THI', 'Thimphu', 1),
(397, 25, 'TRG', 'Trashigang', 1),
(398, 25, 'TRY', 'Trashiyangste', 1),
(399, 25, 'TRO', 'Trongsa', 1),
(400, 25, 'TSI', 'Tsirang', 1),
(401, 25, 'WPH', 'Wangdue Phodrang', 1),
(402, 25, 'ZHE', 'Zhemgang', 1),
(403, 26, 'BEN', 'Beni', 1),
(404, 26, 'CHU', 'Chuquisaca', 1),
(405, 26, 'COC', 'Cochabamba', 1),
(406, 26, 'LPZ', 'La Paz', 1),
(407, 26, 'ORU', 'Oruro', 1),
(408, 26, 'PAN', 'Pando', 1),
(409, 26, 'POT', 'Potosi', 1),
(410, 26, 'SCZ', 'Santa Cruz', 1),
(411, 26, 'TAR', 'Tarija', 1),
(412, 27, 'BRO', 'Brcko district', 1),
(413, 27, 'FUS', 'Unsko-Sanski Kanton', 1),
(414, 27, 'FPO', 'Posavski Kanton', 1),
(415, 27, 'FTU', 'Tuzlanski Kanton', 1),
(416, 27, 'FZE', 'Zenicko-Dobojski Kanton', 1),
(417, 27, 'FBP', 'Bosanskopodrinjski Kanton', 1),
(418, 27, 'FSB', 'Srednjebosanski Kanton', 1),
(419, 27, 'FHN', 'Hercegovacko-neretvanski Kanton', 1),
(420, 27, 'FZH', 'Zapadnohercegovacka Zupanija', 1),
(421, 27, 'FSA', 'Kanton Sarajevo', 1),
(422, 27, 'FZA', 'Zapadnobosanska', 1),
(423, 27, 'SBL', 'Banja Luka', 1),
(424, 27, 'SDO', 'Doboj', 1),
(425, 27, 'SBI', 'Bijeljina', 1),
(426, 27, 'SVL', 'Vlasenica', 1),
(427, 27, 'SSR', 'Sarajevo-Romanija or Sokolac', 1),
(428, 27, 'SFO', 'Foca', 1),
(429, 27, 'STR', 'Trebinje', 1),
(430, 28, 'CE', 'Central', 1),
(431, 28, 'GH', 'Ghanzi', 1),
(432, 28, 'KD', 'Kgalagadi', 1),
(433, 28, 'KT', 'Kgatleng', 1),
(434, 28, 'KW', 'Kweneng', 1),
(435, 28, 'NG', 'Ngamiland', 1),
(436, 28, 'NE', 'North East', 1),
(437, 28, 'NW', 'North West', 1),
(438, 28, 'SE', 'South East', 1),
(439, 28, 'SO', 'Southern', 1),
(440, 30, 'AC', 'Acre', 1),
(441, 30, 'AL', 'Alagoas', 1),
(442, 30, 'AP', 'Amapa', 1),
(443, 30, 'AM', 'Amazonas', 1),
(444, 30, 'BA', 'Bahia', 1),
(445, 30, 'CE', 'Ceara', 1),
(446, 30, 'DF', 'Distrito Federal', 1),
(447, 30, 'ES', 'Espirito Santo', 1),
(448, 30, 'GO', 'Goias', 1),
(449, 30, 'MA', 'Maranhao', 1),
(450, 30, 'MT', 'Mato Grosso', 1),
(451, 30, 'MS', 'Mato Grosso do Sul', 1),
(452, 30, 'MG', 'Minas Gerais', 1),
(453, 30, 'PA', 'Para', 1),
(454, 30, 'PB', 'Paraiba', 1),
(455, 30, 'PR', 'Parana', 1),
(456, 30, 'PE', 'Pernambuco', 1),
(457, 30, 'PI', 'Piaui', 1),
(458, 30, 'RJ', 'Rio de Janeiro', 1),
(459, 30, 'RN', 'Rio Grande do Norte', 1),
(460, 30, 'RS', 'Rio Grande do Sul', 1),
(461, 30, 'RO', 'Rondonia', 1),
(462, 30, 'RR', 'Roraima', 1),
(463, 30, 'SC', 'Santa Catarina', 1),
(464, 30, 'SP', 'Sao Paulo', 1),
(465, 30, 'SE', 'Sergipe', 1),
(466, 30, 'TO', 'Tocantins', 1),
(467, 31, 'PB', 'Peros Banhos', 1),
(468, 31, 'SI', 'Salomon Islands', 1),
(469, 31, 'NI', 'Nelsons Island', 1),
(470, 31, 'TB', 'Three Brothers', 1),
(471, 31, 'EA', 'Eagle Islands', 1),
(472, 31, 'DI', 'Danger Island', 1),
(473, 31, 'EG', 'Egmont Islands', 1),
(474, 31, 'DG', 'Diego Garcia', 1),
(475, 32, 'BEL', 'Belait', 1),
(476, 32, 'BRM', 'Brunei and Muara', 1),
(477, 32, 'TEM', 'Temburong', 1),
(478, 32, 'TUT', 'Tutong', 1),
(479, 33, '', 'Blagoevgrad', 1),
(480, 33, '', 'Burgas', 1),
(481, 33, '', 'Dobrich', 1),
(482, 33, '', 'Gabrovo', 1),
(483, 33, '', 'Haskovo', 1),
(484, 33, '', 'Kardjali', 1),
(485, 33, '', 'Kyustendil', 1),
(486, 33, '', 'Lovech', 1),
(487, 33, '', 'Montana', 1),
(488, 33, '', 'Pazardjik', 1),
(489, 33, '', 'Pernik', 1),
(490, 33, '', 'Pleven', 1),
(491, 33, '', 'Plovdiv', 1),
(492, 33, '', 'Razgrad', 1),
(493, 33, '', 'Shumen', 1),
(494, 33, '', 'Silistra', 1),
(495, 33, '', 'Sliven', 1),
(496, 33, '', 'Smolyan', 1),
(497, 33, '', 'Sofia', 1),
(498, 33, '', 'Sofia - town', 1),
(499, 33, '', 'Stara Zagora', 1),
(500, 33, '', 'Targovishte', 1),
(501, 33, '', 'Varna', 1),
(502, 33, '', 'Veliko Tarnovo', 1),
(503, 33, '', 'Vidin', 1),
(504, 33, '', 'Vratza', 1),
(505, 33, '', 'Yambol', 1),
(506, 34, 'BAL', 'Bale', 1),
(507, 34, 'BAM', 'Bam', 1),
(508, 34, 'BAN', 'Banwa', 1),
(509, 34, 'BAZ', 'Bazega', 1),
(510, 34, 'BOR', 'Bougouriba', 1),
(511, 34, 'BLG', 'Boulgou', 1),
(512, 34, 'BOK', 'Boulkiemde', 1),
(513, 34, 'COM', 'Comoe', 1),
(514, 34, 'GAN', 'Ganzourgou', 1),
(515, 34, 'GNA', 'Gnagna', 1),
(516, 34, 'GOU', 'Gourma', 1),
(517, 34, 'HOU', 'Houet', 1),
(518, 34, 'IOA', 'Ioba', 1),
(519, 34, 'KAD', 'Kadiogo', 1),
(520, 34, 'KEN', 'Kenedougou', 1),
(521, 34, 'KOD', 'Komondjari', 1),
(522, 34, 'KOP', 'Kompienga', 1),
(523, 34, 'KOS', 'Kossi', 1),
(524, 34, 'KOL', 'Koulpelogo', 1),
(525, 34, 'KOT', 'Kouritenga', 1),
(526, 34, 'KOW', 'Kourweogo', 1),
(527, 34, 'LER', 'Leraba', 1),
(528, 34, 'LOR', 'Loroum', 1),
(529, 34, 'MOU', 'Mouhoun', 1),
(530, 34, 'NAH', 'Nahouri', 1),
(531, 34, 'NAM', 'Namentenga', 1),
(532, 34, 'NAY', 'Nayala', 1),
(533, 34, 'NOU', 'Noumbiel', 1),
(534, 34, 'OUB', 'Oubritenga', 1),
(535, 34, 'OUD', 'Oudalan', 1),
(536, 34, 'PAS', 'Passore', 1),
(537, 34, 'PON', 'Poni', 1),
(538, 34, 'SAG', 'Sanguie', 1),
(539, 34, 'SAM', 'Sanmatenga', 1),
(540, 34, 'SEN', 'Seno', 1),
(541, 34, 'SIS', 'Sissili', 1),
(542, 34, 'SOM', 'Soum', 1),
(543, 34, 'SOR', 'Sourou', 1),
(544, 34, 'TAP', 'Tapoa', 1),
(545, 34, 'TUY', 'Tuy', 1),
(546, 34, 'YAG', 'Yagha', 1),
(547, 34, 'YAT', 'Yatenga', 1),
(548, 34, 'ZIR', 'Ziro', 1),
(549, 34, 'ZOD', 'Zondoma', 1),
(550, 34, 'ZOW', 'Zoundweogo', 1),
(551, 35, 'BB', 'Bubanza', 1),
(552, 35, 'BJ', 'Bujumbura', 1),
(553, 35, 'BR', 'Bururi', 1),
(554, 35, 'CA', 'Cankuzo', 1),
(555, 35, 'CI', 'Cibitoke', 1),
(556, 35, 'GI', 'Gitega', 1),
(557, 35, 'KR', 'Karuzi', 1),
(558, 35, 'KY', 'Kayanza', 1),
(559, 35, 'KI', 'Kirundo', 1),
(560, 35, 'MA', 'Makamba', 1),
(561, 35, 'MU', 'Muramvya', 1),
(562, 35, 'MY', 'Muyinga', 1),
(563, 35, 'MW', 'Mwaro', 1),
(564, 35, 'NG', 'Ngozi', 1),
(565, 35, 'RT', 'Rutana', 1),
(566, 35, 'RY', 'Ruyigi', 1),
(567, 36, 'PP', 'Phnom Penh', 1),
(568, 36, 'PS', 'Preah Seihanu (Kompong Som or Sihanoukville)', 1),
(569, 36, 'PA', 'Pailin', 1),
(570, 36, 'KB', 'Keb', 1),
(571, 36, 'BM', 'Banteay Meanchey', 1),
(572, 36, 'BA', 'Battambang', 1),
(573, 36, 'KM', 'Kampong Cham', 1),
(574, 36, 'KN', 'Kampong Chhnang', 1),
(575, 36, 'KU', 'Kampong Speu', 1),
(576, 36, 'KO', 'Kampong Som', 1),
(577, 36, 'KT', 'Kampong Thom', 1),
(578, 36, 'KP', 'Kampot', 1),
(579, 36, 'KL', 'Kandal', 1),
(580, 36, 'KK', 'Kaoh Kong', 1),
(581, 36, 'KR', 'Kratie', 1),
(582, 36, 'MK', 'Mondul Kiri', 1),
(583, 36, 'OM', 'Oddar Meancheay', 1),
(584, 36, 'PU', 'Pursat', 1),
(585, 36, 'PR', 'Preah Vihear', 1),
(586, 36, 'PG', 'Prey Veng', 1),
(587, 36, 'RK', 'Ratanak Kiri', 1),
(588, 36, 'SI', 'Siemreap', 1),
(589, 36, 'ST', 'Stung Treng', 1),
(590, 36, 'SR', 'Svay Rieng', 1),
(591, 36, 'TK', 'Takeo', 1),
(592, 37, 'ADA', 'Adamawa (Adamaoua)', 1),
(593, 37, 'CEN', 'Centre', 1),
(594, 37, 'EST', 'East (Est)', 1),
(595, 37, 'EXN', 'Extreme North (Extreme-Nord)', 1),
(596, 37, 'LIT', 'Littoral', 1),
(597, 37, 'NOR', 'North (Nord)', 1),
(598, 37, 'NOT', 'Northwest (Nord-Ouest)', 1),
(599, 37, 'OUE', 'West (Ouest)', 1),
(600, 37, 'SUD', 'South (Sud)', 1),
(601, 37, 'SOU', 'Southwest (Sud-Ouest).', 1),
(602, 38, 'AB', 'Alberta', 1),
(603, 38, 'BC', 'British Columbia', 1),
(604, 38, 'MB', 'Manitoba', 1),
(605, 38, 'NB', 'New Brunswick', 1),
(606, 38, 'NL', 'Newfoundland and Labrador', 1),
(607, 38, 'NT', 'Northwest Territories', 1),
(608, 38, 'NS', 'Nova Scotia', 1),
(609, 38, 'NU', 'Nunavut', 1),
(610, 38, 'ON', 'Ontario', 1),
(611, 38, 'PE', 'Prince Edward Island', 1),
(612, 38, 'QC', 'Qu&eacute;bec', 1),
(613, 38, 'SK', 'Saskatchewan', 1),
(614, 38, 'YT', 'Yukon Territory', 1),
(615, 39, 'BV', 'Boa Vista', 1),
(616, 39, 'BR', 'Brava', 1),
(617, 39, 'CS', 'Calheta de Sao Miguel', 1),
(618, 39, 'MA', 'Maio', 1),
(619, 39, 'MO', 'Mosteiros', 1),
(620, 39, 'PA', 'Paul', 1),
(621, 39, 'PN', 'Porto Novo', 1),
(622, 39, 'PR', 'Praia', 1),
(623, 39, 'RG', 'Ribeira Grande', 1),
(624, 39, 'SL', 'Sal', 1),
(625, 39, 'CA', 'Santa Catarina', 1),
(626, 39, 'CR', 'Santa Cruz', 1),
(627, 39, 'SD', 'Sao Domingos', 1),
(628, 39, 'SF', 'Sao Filipe', 1),
(629, 39, 'SN', 'Sao Nicolau', 1),
(630, 39, 'SV', 'Sao Vicente', 1),
(631, 39, 'TA', 'Tarrafal', 1),
(632, 40, 'CR', 'Creek', 1),
(633, 40, 'EA', 'Eastern', 1),
(634, 40, 'ML', 'Midland', 1),
(635, 40, 'ST', 'South Town', 1),
(636, 40, 'SP', 'Spot Bay', 1),
(637, 40, 'SK', 'Stake Bay', 1),
(638, 40, 'WD', 'West End', 1),
(639, 40, 'WN', 'Western', 1),
(640, 41, 'BBA', 'Bamingui-Bangoran', 1),
(641, 41, 'BKO', 'Basse-Kotto', 1),
(642, 41, 'HKO', 'Haute-Kotto', 1),
(643, 41, 'HMB', 'Haut-Mbomou', 1),
(644, 41, 'KEM', 'Kemo', 1),
(645, 41, 'LOB', 'Lobaye', 1),
(646, 41, 'MKD', 'Mambere-KadeÔ', 1),
(647, 41, 'MBO', 'Mbomou', 1),
(648, 41, 'NMM', 'Nana-Mambere', 1),
(649, 41, 'OMP', 'Ombella-M''Poko', 1),
(650, 41, 'OUK', 'Ouaka', 1),
(651, 41, 'OUH', 'Ouham', 1),
(652, 41, 'OPE', 'Ouham-Pende', 1),
(653, 41, 'VAK', 'Vakaga', 1),
(654, 41, 'NGR', 'Nana-Grebizi', 1),
(655, 41, 'SMB', 'Sangha-Mbaere', 1),
(656, 41, 'BAN', 'Bangui', 1),
(657, 42, 'BA', 'Batha', 1),
(658, 42, 'BI', 'Biltine', 1),
(659, 42, 'BE', 'Borkou-Ennedi-Tibesti', 1),
(660, 42, 'CB', 'Chari-Baguirmi', 1),
(661, 42, 'GU', 'Guera', 1),
(662, 42, 'KA', 'Kanem', 1),
(663, 42, 'LA', 'Lac', 1),
(664, 42, 'LC', 'Logone Occidental', 1),
(665, 42, 'LR', 'Logone Oriental', 1),
(666, 42, 'MK', 'Mayo-Kebbi', 1),
(667, 42, 'MC', 'Moyen-Chari', 1),
(668, 42, 'OU', 'Ouaddai', 1),
(669, 42, 'SA', 'Salamat', 1),
(670, 42, 'TA', 'Tandjile', 1),
(671, 43, 'AI', 'Aisen del General Carlos Ibanez', 1),
(672, 43, 'AN', 'Antofagasta', 1),
(673, 43, 'AR', 'Araucania', 1),
(674, 43, 'AT', 'Atacama', 1),
(675, 43, 'BI', 'Bio-Bio', 1),
(676, 43, 'CO', 'Coquimbo', 1),
(677, 43, 'LI', 'Libertador General Bernardo O''Hi', 1),
(678, 43, 'LL', 'Los Lagos', 1),
(679, 43, 'MA', 'Magallanes y de la Antartica Chi', 1),
(680, 43, 'ML', 'Maule', 1),
(681, 43, 'RM', 'Region Metropolitana', 1),
(682, 43, 'TA', 'Tarapaca', 1),
(683, 43, 'VS', 'Valparaiso', 1),
(684, 44, 'AN', 'Anhui', 1),
(685, 44, 'BE', 'Beijing', 1),
(686, 44, 'CH', 'Chongqing', 1),
(687, 44, 'FU', 'Fujian', 1),
(688, 44, 'GA', 'Gansu', 1),
(689, 44, 'GU', 'Guangdong', 1),
(690, 44, 'GX', 'Guangxi', 1),
(691, 44, 'GZ', 'Guizhou', 1),
(692, 44, 'HA', 'Hainan', 1),
(693, 44, 'HB', 'Hebei', 1),
(694, 44, 'HL', 'Heilongjiang', 1),
(695, 44, 'HE', 'Henan', 1),
(696, 44, 'HK', 'Hong Kong', 1),
(697, 44, 'HU', 'Hubei', 1),
(698, 44, 'HN', 'Hunan', 1),
(699, 44, 'IM', 'Inner Mongolia', 1),
(700, 44, 'JI', 'Jiangsu', 1),
(701, 44, 'JX', 'Jiangxi', 1),
(702, 44, 'JL', 'Jilin', 1),
(703, 44, 'LI', 'Liaoning', 1),
(704, 44, 'MA', 'Macau', 1),
(705, 44, 'NI', 'Ningxia', 1),
(706, 44, 'SH', 'Shaanxi', 1),
(707, 44, 'SA', 'Shandong', 1),
(708, 44, 'SG', 'Shanghai', 1),
(709, 44, 'SX', 'Shanxi', 1),
(710, 44, 'SI', 'Sichuan', 1),
(711, 44, 'TI', 'Tianjin', 1),
(712, 44, 'XI', 'Xinjiang', 1),
(713, 44, 'YU', 'Yunnan', 1),
(714, 44, 'ZH', 'Zhejiang', 1),
(715, 46, 'D', 'Direction Island', 1),
(716, 46, 'H', 'Home Island', 1),
(717, 46, 'O', 'Horsburgh Island', 1),
(718, 46, 'S', 'South Island', 1),
(719, 46, 'W', 'West Island', 1),
(720, 47, 'AMZ', 'Amazonas', 1),
(721, 47, 'ANT', 'Antioquia', 1),
(722, 47, 'ARA', 'Arauca', 1),
(723, 47, 'ATL', 'Atlantico', 1),
(724, 47, 'BDC', 'Bogota D.C.', 1),
(725, 47, 'BOL', 'Bolivar', 1),
(726, 47, 'BOY', 'Boyaca', 1),
(727, 47, 'CAL', 'Caldas', 1),
(728, 47, 'CAQ', 'Caqueta', 1),
(729, 47, 'CAS', 'Casanare', 1),
(730, 47, 'CAU', 'Cauca', 1),
(731, 47, 'CES', 'Cesar', 1),
(732, 47, 'CHO', 'Choco', 1),
(733, 47, 'COR', 'Cordoba', 1),
(734, 47, 'CAM', 'Cundinamarca', 1),
(735, 47, 'GNA', 'Guainia', 1),
(736, 47, 'GJR', 'Guajira', 1),
(737, 47, 'GVR', 'Guaviare', 1),
(738, 47, 'HUI', 'Huila', 1),
(739, 47, 'MAG', 'Magdalena', 1),
(740, 47, 'MET', 'Meta', 1),
(741, 47, 'NAR', 'Narino', 1),
(742, 47, 'NDS', 'Norte de Santander', 1),
(743, 47, 'PUT', 'Putumayo', 1),
(744, 47, 'QUI', 'Quindio', 1),
(745, 47, 'RIS', 'Risaralda', 1),
(746, 47, 'SAP', 'San Andres y Providencia', 1),
(747, 47, 'SAN', 'Santander', 1),
(748, 47, 'SUC', 'Sucre', 1),
(749, 47, 'TOL', 'Tolima', 1),
(750, 47, 'VDC', 'Valle del Cauca', 1),
(751, 47, 'VAU', 'Vaupes', 1),
(752, 47, 'VIC', 'Vichada', 1),
(753, 48, 'G', 'Grande Comore', 1),
(754, 48, 'A', 'Anjouan', 1),
(755, 48, 'M', 'Moheli', 1),
(756, 49, 'BO', 'Bouenza', 1),
(757, 49, 'BR', 'Brazzaville', 1),
(758, 49, 'CU', 'Cuvette', 1),
(759, 49, 'CO', 'Cuvette-Ouest', 1),
(760, 49, 'KO', 'Kouilou', 1),
(761, 49, 'LE', 'Lekoumou', 1),
(762, 49, 'LI', 'Likouala', 1),
(763, 49, 'NI', 'Niari', 1),
(764, 49, 'PL', 'Plateaux', 1),
(765, 49, 'PO', 'Pool', 1),
(766, 49, 'SA', 'Sangha', 1),
(767, 50, 'PU', 'Pukapuka', 1),
(768, 50, 'RK', 'Rakahanga', 1),
(769, 50, 'MK', 'Manihiki', 1),
(770, 50, 'PE', 'Penrhyn', 1),
(771, 50, 'NI', 'Nassau Island', 1),
(772, 50, 'SU', 'Surwarrow', 1),
(773, 50, 'PA', 'Palmerston', 1),
(774, 50, 'AI', 'Aitutaki', 1),
(775, 50, 'MA', 'Manuae', 1),
(776, 50, 'TA', 'Takutea', 1),
(777, 50, 'MT', 'Mitiaro', 1),
(778, 50, 'AT', 'Atiu', 1),
(779, 50, 'MU', 'Mauke', 1),
(780, 50, 'RR', 'Rarotonga', 1),
(781, 50, 'MG', 'Mangaia', 1),
(782, 51, 'AL', 'Alajuela', 1),
(783, 51, 'CA', 'Cartago', 1),
(784, 51, 'GU', 'Guanacaste', 1),
(785, 51, 'HE', 'Heredia', 1),
(786, 51, 'LI', 'Limon', 1),
(787, 51, 'PU', 'Puntarenas', 1),
(788, 51, 'SJ', 'San Jose', 1),
(789, 52, 'ABE', 'Abengourou', 1),
(790, 52, 'ABI', 'Abidjan', 1),
(791, 52, 'ABO', 'Aboisso', 1),
(792, 52, 'ADI', 'Adiake', 1),
(793, 52, 'ADZ', 'Adzope', 1),
(794, 52, 'AGB', 'Agboville', 1),
(795, 52, 'AGN', 'Agnibilekrou', 1),
(796, 52, 'ALE', 'Alepe', 1),
(797, 52, 'BOC', 'Bocanda', 1),
(798, 52, 'BAN', 'Bangolo', 1),
(799, 52, 'BEO', 'Beoumi', 1),
(800, 52, 'BIA', 'Biankouma', 1),
(801, 52, 'BDK', 'Bondoukou', 1),
(802, 52, 'BGN', 'Bongouanou', 1),
(803, 52, 'BFL', 'Bouafle', 1),
(804, 52, 'BKE', 'Bouake', 1),
(805, 52, 'BNA', 'Bouna', 1),
(806, 52, 'BDL', 'Boundiali', 1),
(807, 52, 'DKL', 'Dabakala', 1),
(808, 52, 'DBU', 'Dabou', 1),
(809, 52, 'DAL', 'Daloa', 1),
(810, 52, 'DAN', 'Danane', 1),
(811, 52, 'DAO', 'Daoukro', 1),
(812, 52, 'DIM', 'Dimbokro', 1),
(813, 52, 'DIV', 'Divo', 1),
(814, 52, 'DUE', 'Duekoue', 1),
(815, 52, 'FER', 'Ferkessedougou', 1),
(816, 52, 'GAG', 'Gagnoa', 1),
(817, 52, 'GBA', 'Grand-Bassam', 1),
(818, 52, 'GLA', 'Grand-Lahou', 1),
(819, 52, 'GUI', 'Guiglo', 1),
(820, 52, 'ISS', 'Issia', 1),
(821, 52, 'JAC', 'Jacqueville', 1),
(822, 52, 'KAT', 'Katiola', 1),
(823, 52, 'KOR', 'Korhogo', 1),
(824, 52, 'LAK', 'Lakota', 1),
(825, 52, 'MAN', 'Man', 1),
(826, 52, 'MKN', 'Mankono', 1),
(827, 52, 'MBA', 'Mbahiakro', 1),
(828, 52, 'ODI', 'Odienne', 1),
(829, 52, 'OUM', 'Oume', 1),
(830, 52, 'SAK', 'Sakassou', 1),
(831, 52, 'SPE', 'San-Pedro', 1),
(832, 52, 'SAS', 'Sassandra', 1),
(833, 52, 'SEG', 'Seguela', 1),
(834, 52, 'SIN', 'Sinfra', 1),
(835, 52, 'SOU', 'Soubre', 1),
(836, 52, 'TAB', 'Tabou', 1),
(837, 52, 'TAN', 'Tanda', 1),
(838, 52, 'TIE', 'Tiebissou', 1),
(839, 52, 'TIN', 'Tingrela', 1),
(840, 52, 'TIA', 'Tiassale', 1),
(841, 52, 'TBA', 'Touba', 1),
(842, 52, 'TLP', 'Toulepleu', 1),
(843, 52, 'TMD', 'Toumodi', 1),
(844, 52, 'VAV', 'Vavoua', 1),
(845, 52, 'YAM', 'Yamoussoukro', 1),
(846, 52, 'ZUE', 'Zuenoula', 1),
(847, 53, 'BB', 'Bjelovar-Bilogora', 1),
(848, 53, 'CZ', 'City of Zagreb', 1),
(849, 53, 'DN', 'Dubrovnik-Neretva', 1),
(850, 53, 'IS', 'Istra', 1),
(851, 53, 'KA', 'Karlovac', 1),
(852, 53, 'KK', 'Koprivnica-Krizevci', 1),
(853, 53, 'KZ', 'Krapina-Zagorje', 1),
(854, 53, 'LS', 'Lika-Senj', 1),
(855, 53, 'ME', 'Medimurje', 1),
(856, 53, 'OB', 'Osijek-Baranja', 1),
(857, 53, 'PS', 'Pozega-Slavonia', 1),
(858, 53, 'PG', 'Primorje-Gorski Kotar', 1),
(859, 53, 'SI', 'Sibenik', 1),
(860, 53, 'SM', 'Sisak-Moslavina', 1),
(861, 53, 'SB', 'Slavonski Brod-Posavina', 1),
(862, 53, 'SD', 'Split-Dalmatia', 1),
(863, 53, 'VA', 'Varazdin', 1),
(864, 53, 'VP', 'Virovitica-Podravina', 1),
(865, 53, 'VS', 'Vukovar-Srijem', 1),
(866, 53, 'ZK', 'Zadar-Knin', 1),
(867, 53, 'ZA', 'Zagreb', 1),
(868, 54, 'CA', 'Camaguey', 1),
(869, 54, 'CD', 'Ciego de Avila', 1),
(870, 54, 'CI', 'Cienfuegos', 1),
(871, 54, 'CH', 'Ciudad de La Habana', 1),
(872, 54, 'GR', 'Granma', 1),
(873, 54, 'GU', 'Guantanamo', 1),
(874, 54, 'HO', 'Holguin', 1),
(875, 54, 'IJ', 'Isla de la Juventud', 1),
(876, 54, 'LH', 'La Habana', 1),
(877, 54, 'LT', 'Las Tunas', 1),
(878, 54, 'MA', 'Matanzas', 1),
(879, 54, 'PR', 'Pinar del Rio', 1),
(880, 54, 'SS', 'Sancti Spiritus', 1),
(881, 54, 'SC', 'Santiago de Cuba', 1),
(882, 54, 'VC', 'Villa Clara', 1),
(883, 55, 'F', 'Famagusta', 1),
(884, 55, 'K', 'Kyrenia', 1),
(885, 55, 'A', 'Larnaca', 1),
(886, 55, 'I', 'Limassol', 1),
(887, 55, 'N', 'Nicosia', 1),
(888, 55, 'P', 'Paphos', 1),
(889, 56, 'U', 'Ústecký', 1),
(890, 56, 'C', 'Jihočeský', 1),
(891, 56, 'B', 'Jihomoravský', 1),
(892, 56, 'K', 'Karlovarský', 1),
(893, 56, 'H', 'Královehradecký', 1),
(894, 56, 'L', 'Liberecký', 1),
(895, 56, 'T', 'Moravskoslezský', 1),
(896, 56, 'M', 'Olomoucký', 1),
(897, 56, 'E', 'Pardubický', 1),
(898, 56, 'P', 'Plzeňský', 1),
(899, 56, 'A', 'Praha', 1),
(900, 56, 'S', 'Středočeský', 1),
(901, 56, 'J', 'Vysočina', 1),
(902, 56, 'Z', 'Zlínský', 1),
(903, 57, 'AR', 'Arhus', 1),
(904, 57, 'BH', 'Bornholm', 1),
(905, 57, 'CO', 'Copenhagen', 1),
(906, 57, 'FO', 'Faroe Islands', 1),
(907, 57, 'FR', 'Frederiksborg', 1),
(908, 57, 'FY', 'Fyn', 1),
(909, 57, 'KO', 'Kobenhavn', 1),
(910, 57, 'NO', 'Nordjylland', 1),
(911, 57, 'RI', 'Ribe', 1),
(912, 57, 'RK', 'Ringkobing', 1),
(913, 57, 'RO', 'Roskilde', 1),
(914, 57, 'SO', 'Sonderjylland', 1),
(915, 57, 'ST', 'Storstrom', 1),
(916, 57, 'VK', 'Vejle', 1),
(917, 57, 'VJ', 'Vestj&aelig;lland', 1),
(918, 57, 'VB', 'Viborg', 1),
(919, 58, 'S', '''Ali Sabih', 1),
(920, 58, 'K', 'Dikhil', 1),
(921, 58, 'J', 'Djibouti', 1),
(922, 58, 'O', 'Obock', 1),
(923, 58, 'T', 'Tadjoura', 1),
(924, 59, 'AND', 'Saint Andrew Parish', 1),
(925, 59, 'DAV', 'Saint David Parish', 1),
(926, 59, 'GEO', 'Saint George Parish', 1),
(927, 59, 'JOH', 'Saint John Parish', 1),
(928, 59, 'JOS', 'Saint Joseph Parish', 1),
(929, 59, 'LUK', 'Saint Luke Parish', 1),
(930, 59, 'MAR', 'Saint Mark Parish', 1),
(931, 59, 'PAT', 'Saint Patrick Parish', 1),
(932, 59, 'PAU', 'Saint Paul Parish', 1),
(933, 59, 'PET', 'Saint Peter Parish', 1),
(934, 60, 'DN', 'Distrito Nacional', 1),
(935, 60, 'AZ', 'Azua', 1),
(936, 60, 'BC', 'Baoruco', 1),
(937, 60, 'BH', 'Barahona', 1),
(938, 60, 'DJ', 'Dajabon', 1),
(939, 60, 'DU', 'Duarte', 1),
(940, 60, 'EL', 'Elias Pina', 1),
(941, 60, 'SY', 'El Seybo', 1),
(942, 60, 'ET', 'Espaillat', 1),
(943, 60, 'HM', 'Hato Mayor', 1),
(944, 60, 'IN', 'Independencia', 1),
(945, 60, 'AL', 'La Altagracia', 1),
(946, 60, 'RO', 'La Romana', 1),
(947, 60, 'VE', 'La Vega', 1),
(948, 60, 'MT', 'Maria Trinidad Sanchez', 1),
(949, 60, 'MN', 'Monsenor Nouel', 1),
(950, 60, 'MC', 'Monte Cristi', 1),
(951, 60, 'MP', 'Monte Plata', 1),
(952, 60, 'PD', 'Pedernales', 1),
(953, 60, 'PR', 'Peravia (Bani)', 1),
(954, 60, 'PP', 'Puerto Plata', 1),
(955, 60, 'SL', 'Salcedo', 1),
(956, 60, 'SM', 'Samana', 1),
(957, 60, 'SH', 'Sanchez Ramirez', 1),
(958, 60, 'SC', 'San Cristobal', 1),
(959, 60, 'JO', 'San Jose de Ocoa', 1),
(960, 60, 'SJ', 'San Juan', 1),
(961, 60, 'PM', 'San Pedro de Macoris', 1),
(962, 60, 'SA', 'Santiago', 1),
(963, 60, 'ST', 'Santiago Rodriguez', 1),
(964, 60, 'SD', 'Santo Domingo', 1),
(965, 60, 'VA', 'Valverde', 1),
(966, 61, 'AL', 'Aileu', 1),
(967, 61, 'AN', 'Ainaro', 1),
(968, 61, 'BA', 'Baucau', 1),
(969, 61, 'BO', 'Bobonaro', 1),
(970, 61, 'CO', 'Cova Lima', 1),
(971, 61, 'DI', 'Dili', 1),
(972, 61, 'ER', 'Ermera', 1),
(973, 61, 'LA', 'Lautem', 1),
(974, 61, 'LI', 'Liquica', 1),
(975, 61, 'MT', 'Manatuto', 1),
(976, 61, 'MF', 'Manufahi', 1),
(977, 61, 'OE', 'Oecussi', 1),
(978, 61, 'VI', 'Viqueque', 1),
(979, 62, 'AZU', 'Azuay', 1),
(980, 62, 'BOL', 'Bolivar', 1),
(981, 62, 'CAN', 'Ca&ntilde;ar', 1),
(982, 62, 'CAR', 'Carchi', 1),
(983, 62, 'CHI', 'Chimborazo', 1),
(984, 62, 'COT', 'Cotopaxi', 1),
(985, 62, 'EOR', 'El Oro', 1),
(986, 62, 'ESM', 'Esmeraldas', 1),
(987, 62, 'GPS', 'Gal&aacute;pagos', 1),
(988, 62, 'GUA', 'Guayas', 1),
(989, 62, 'IMB', 'Imbabura', 1),
(990, 62, 'LOJ', 'Loja', 1),
(991, 62, 'LRO', 'Los Rios', 1),
(992, 62, 'MAN', 'Manab&iacute;', 1),
(993, 62, 'MSA', 'Morona Santiago', 1),
(994, 62, 'NAP', 'Napo', 1),
(995, 62, 'ORE', 'Orellana', 1),
(996, 62, 'PAS', 'Pastaza', 1),
(997, 62, 'PIC', 'Pichincha', 1),
(998, 62, 'SUC', 'Sucumb&iacute;os', 1),
(999, 62, 'TUN', 'Tungurahua', 1),
(1000, 62, 'ZCH', 'Zamora Chinchipe', 1),
(1001, 63, 'DHY', 'Ad Daqahliyah', 1),
(1002, 63, 'BAM', 'Al Bahr al Ahmar', 1),
(1003, 63, 'BHY', 'Al Buhayrah', 1),
(1004, 63, 'FYM', 'Al Fayyum', 1),
(1005, 63, 'GBY', 'Al Gharbiyah', 1),
(1006, 63, 'IDR', 'Al Iskandariyah', 1),
(1007, 63, 'IML', 'Al Isma''iliyah', 1),
(1008, 63, 'JZH', 'Al Jizah', 1),
(1009, 63, 'MFY', 'Al Minufiyah', 1),
(1010, 63, 'MNY', 'Al Minya', 1),
(1011, 63, 'QHR', 'Al Qahirah', 1),
(1012, 63, 'QLY', 'Al Qalyubiyah', 1),
(1013, 63, 'WJD', 'Al Wadi al Jadid', 1),
(1014, 63, 'SHQ', 'Ash Sharqiyah', 1),
(1015, 63, 'SWY', 'As Suways', 1),
(1016, 63, 'ASW', 'Aswan', 1),
(1017, 63, 'ASY', 'Asyut', 1),
(1018, 63, 'BSW', 'Bani Suwayf', 1),
(1019, 63, 'BSD', 'Bur Sa''id', 1),
(1020, 63, 'DMY', 'Dumyat', 1),
(1021, 63, 'JNS', 'Janub Sina''', 1),
(1022, 63, 'KSH', 'Kafr ash Shaykh', 1),
(1023, 63, 'MAT', 'Matruh', 1),
(1024, 63, 'QIN', 'Qina', 1),
(1025, 63, 'SHS', 'Shamal Sina''', 1),
(1026, 63, 'SUH', 'Suhaj', 1),
(1027, 64, 'AH', 'Ahuachapan', 1),
(1028, 64, 'CA', 'Cabanas', 1),
(1029, 64, 'CH', 'Chalatenango', 1),
(1030, 64, 'CU', 'Cuscatlan', 1),
(1031, 64, 'LB', 'La Libertad', 1),
(1032, 64, 'PZ', 'La Paz', 1),
(1033, 64, 'UN', 'La Union', 1),
(1034, 64, 'MO', 'Morazan', 1),
(1035, 64, 'SM', 'San Miguel', 1),
(1036, 64, 'SS', 'San Salvador', 1),
(1037, 64, 'SV', 'San Vicente', 1),
(1038, 64, 'SA', 'Santa Ana', 1),
(1039, 64, 'SO', 'Sonsonate', 1),
(1040, 64, 'US', 'Usulutan', 1),
(1041, 65, 'AN', 'Provincia Annobon', 1),
(1042, 65, 'BN', 'Provincia Bioko Norte', 1),
(1043, 65, 'BS', 'Provincia Bioko Sur', 1),
(1044, 65, 'CS', 'Provincia Centro Sur', 1),
(1045, 65, 'KN', 'Provincia Kie-Ntem', 1),
(1046, 65, 'LI', 'Provincia Litoral', 1),
(1047, 65, 'WN', 'Provincia Wele-Nzas', 1),
(1048, 66, 'MA', 'Central (Maekel)', 1),
(1049, 66, 'KE', 'Anseba (Keren)', 1),
(1050, 66, 'DK', 'Southern Red Sea (Debub-Keih-Bahri)', 1),
(1051, 66, 'SK', 'Northern Red Sea (Semien-Keih-Bahri)', 1),
(1052, 66, 'DE', 'Southern (Debub)', 1),
(1053, 66, 'BR', 'Gash-Barka (Barentu)', 1),
(1054, 67, 'HA', 'Harjumaa (Tallinn)', 1),
(1055, 67, 'HI', 'Hiiumaa (Kardla)', 1),
(1056, 67, 'IV', 'Ida-Virumaa (Johvi)', 1),
(1057, 67, 'JA', 'Jarvamaa (Paide)', 1),
(1058, 67, 'JO', 'Jogevamaa (Jogeva)', 1),
(1059, 67, 'LV', 'Laane-Virumaa (Rakvere)', 1),
(1060, 67, 'LA', 'Laanemaa (Haapsalu)', 1),
(1061, 67, 'PA', 'Parnumaa (Parnu)', 1),
(1062, 67, 'PO', 'Polvamaa (Polva)', 1),
(1063, 67, 'RA', 'Raplamaa (Rapla)', 1),
(1064, 67, 'SA', 'Saaremaa (Kuessaare)', 1),
(1065, 67, 'TA', 'Tartumaa (Tartu)', 1),
(1066, 67, 'VA', 'Valgamaa (Valga)', 1),
(1067, 67, 'VI', 'Viljandimaa (Viljandi)', 1),
(1068, 67, 'VO', 'Vorumaa (Voru)', 1),
(1069, 68, 'AF', 'Afar', 1),
(1070, 68, 'AH', 'Amhara', 1),
(1071, 68, 'BG', 'Benishangul-Gumaz', 1),
(1072, 68, 'GB', 'Gambela', 1),
(1073, 68, 'HR', 'Hariai', 1),
(1074, 68, 'OR', 'Oromia', 1),
(1075, 68, 'SM', 'Somali', 1),
(1076, 68, 'SN', 'Southern Nations - Nationalities and Peoples Region', 1),
(1077, 68, 'TG', 'Tigray', 1),
(1078, 68, 'AA', 'Addis Ababa', 1),
(1079, 68, 'DD', 'Dire Dawa', 1),
(1080, 71, 'C', 'Central Division', 1),
(1081, 71, 'N', 'Northern Division', 1),
(1082, 71, 'E', 'Eastern Division', 1),
(1083, 71, 'W', 'Western Division', 1),
(1084, 71, 'R', 'Rotuma', 1),
(1085, 72, 'AL', 'Ahvenanmaan Laani', 1),
(1086, 72, 'ES', 'Etela-Suomen Laani', 1),
(1087, 72, 'IS', 'Ita-Suomen Laani', 1),
(1088, 72, 'LS', 'Lansi-Suomen Laani', 1),
(1089, 72, 'LA', 'Lapin Lanani', 1),
(1090, 72, 'OU', 'Oulun Laani', 1),
(1091, 73, 'AL', 'Alsace', 1),
(1092, 73, 'AQ', 'Aquitaine', 1),
(1093, 73, 'AU', 'Auvergne', 1),
(1094, 73, 'BR', 'Brittany', 1),
(1095, 73, 'BU', 'Burgundy', 1),
(1096, 73, 'CE', 'Center Loire Valley', 1),
(1097, 73, 'CH', 'Champagne', 1),
(1098, 73, 'CO', 'Corse', 1),
(1099, 73, 'FR', 'France Comte', 1),
(1100, 73, 'LA', 'Languedoc Roussillon', 1),
(1101, 73, 'LI', 'Limousin', 1),
(1102, 73, 'LO', 'Lorraine', 1),
(1103, 73, 'MI', 'Midi Pyrenees', 1),
(1104, 73, 'NO', 'Nord Pas de Calais', 1),
(1105, 73, 'NR', 'Normandy', 1),
(1106, 73, 'PA', 'Paris / Ill de France', 1),
(1107, 73, 'PI', 'Picardie', 1),
(1108, 73, 'PO', 'Poitou Charente', 1),
(1109, 73, 'PR', 'Provence', 1),
(1110, 73, 'RH', 'Rhone Alps', 1),
(1111, 73, 'RI', 'Riviera', 1),
(1112, 73, 'WE', 'Western Loire Valley', 1),
(1113, 74, 'Et', 'Etranger', 1),
(1114, 74, '01', 'Ain', 1),
(1115, 74, '02', 'Aisne', 1),
(1116, 74, '03', 'Allier', 1),
(1117, 74, '04', 'Alpes de Haute Provence', 1),
(1118, 74, '05', 'Hautes-Alpes', 1),
(1119, 74, '06', 'Alpes Maritimes', 1),
(1120, 74, '07', 'Ard&egrave;che', 1),
(1121, 74, '08', 'Ardennes', 1),
(1122, 74, '09', 'Ari&egrave;ge', 1),
(1123, 74, '10', 'Aube', 1),
(1124, 74, '11', 'Aude', 1),
(1125, 74, '12', 'Aveyron', 1),
(1126, 74, '13', 'Bouches du Rh&ocirc;ne', 1),
(1127, 74, '14', 'Calvados', 1),
(1128, 74, '15', 'Cantal', 1),
(1129, 74, '16', 'Charente', 1),
(1130, 74, '17', 'Charente Maritime', 1),
(1131, 74, '18', 'Cher', 1),
(1132, 74, '19', 'Corr&egrave;ze', 1),
(1133, 74, '2A', 'Corse du Sud', 1),
(1134, 74, '2B', 'Haute Corse', 1),
(1135, 74, '21', 'C&ocirc;te d&#039;or', 1),
(1136, 74, '22', 'C&ocirc;tes d&#039;Armor', 1),
(1137, 74, '23', 'Creuse', 1),
(1138, 74, '24', 'Dordogne', 1),
(1139, 74, '25', 'Doubs', 1),
(1140, 74, '26', 'Dr&ocirc;me', 1),
(1141, 74, '27', 'Eure', 1),
(1142, 74, '28', 'Eure et Loir', 1),
(1143, 74, '29', 'Finist&egrave;re', 1),
(1144, 74, '30', 'Gard', 1),
(1145, 74, '31', 'Haute Garonne', 1),
(1146, 74, '32', 'Gers', 1),
(1147, 74, '33', 'Gironde', 1),
(1148, 74, '34', 'H&eacute;rault', 1),
(1149, 74, '35', 'Ille et Vilaine', 1),
(1150, 74, '36', 'Indre', 1),
(1151, 74, '37', 'Indre et Loire', 1),
(1152, 74, '38', 'Is&eacute;re', 1),
(1153, 74, '39', 'Jura', 1),
(1154, 74, '40', 'Landes', 1),
(1155, 74, '41', 'Loir et Cher', 1),
(1156, 74, '42', 'Loire', 1),
(1157, 74, '43', 'Haute Loire', 1),
(1158, 74, '44', 'Loire Atlantique', 1),
(1159, 74, '45', 'Loiret', 1),
(1160, 74, '46', 'Lot', 1),
(1161, 74, '47', 'Lot et Garonne', 1),
(1162, 74, '48', 'Loz&egrave;re', 1),
(1163, 74, '49', 'Maine et Loire', 1),
(1164, 74, '50', 'Manche', 1),
(1165, 74, '51', 'Marne', 1),
(1166, 74, '52', 'Haute Marne', 1),
(1167, 74, '53', 'Mayenne', 1),
(1168, 74, '54', 'Meurthe et Moselle', 1),
(1169, 74, '55', 'Meuse', 1),
(1170, 74, '56', 'Morbihan', 1),
(1171, 74, '57', 'Moselle', 1),
(1172, 74, '58', 'Ni&egrave;vre', 1),
(1173, 74, '59', 'Nord', 1),
(1174, 74, '60', 'Oise', 1),
(1175, 74, '61', 'Orne', 1),
(1176, 74, '62', 'Pas de Calais', 1),
(1177, 74, '63', 'Puy de D&ocirc;me', 1),
(1178, 74, '64', 'Pyr&eacute;n&eacute;es Atlantiques', 1),
(1179, 74, '65', 'Hautes Pyr&eacute;n&eacute;es', 1),
(1180, 74, '66', 'Pyr&eacute;n&eacute;es Orientales', 1),
(1181, 74, '67', 'Bas Rhin', 1),
(1182, 74, '68', 'Haut Rhin', 1),
(1183, 74, '69', 'Rh&ocirc;ne', 1),
(1184, 74, '70', 'Haute Sa&ocirc;ne', 1),
(1185, 74, '71', 'Sa&ocirc;ne et Loire', 1),
(1186, 74, '72', 'Sarthe', 1),
(1187, 74, '73', 'Savoie', 1),
(1188, 74, '74', 'Haute Savoie', 1),
(1189, 74, '75', 'Paris', 1),
(1190, 74, '76', 'Seine Maritime', 1),
(1191, 74, '77', 'Seine et Marne', 1),
(1192, 74, '78', 'Yvelines', 1),
(1193, 74, '79', 'Deux S&egrave;vres', 1),
(1194, 74, '80', 'Somme', 1),
(1195, 74, '81', 'Tarn', 1),
(1196, 74, '82', 'Tarn et Garonne', 1),
(1197, 74, '83', 'Var', 1),
(1198, 74, '84', 'Vaucluse', 1),
(1199, 74, '85', 'Vend&eacute;e', 1),
(1200, 74, '86', 'Vienne', 1),
(1201, 74, '87', 'Haute Vienne', 1),
(1202, 74, '88', 'Vosges', 1),
(1203, 74, '89', 'Yonne', 1),
(1204, 74, '90', 'Territoire de Belfort', 1),
(1205, 74, '91', 'Essonne', 1),
(1206, 74, '92', 'Hauts de Seine', 1),
(1207, 74, '93', 'Seine St-Denis', 1),
(1208, 74, '94', 'Val de Marne', 1),
(1209, 74, '95', 'Val d''Oise', 1),
(1210, 76, 'M', 'Archipel des Marquises', 1),
(1211, 76, 'T', 'Archipel des Tuamotu', 1),
(1212, 76, 'I', 'Archipel des Tubuai', 1),
(1213, 76, 'V', 'Iles du Vent', 1),
(1214, 76, 'S', 'Iles Sous-le-Vent', 1),
(1215, 77, 'C', 'Iles Crozet', 1),
(1216, 77, 'K', 'Iles Kerguelen', 1),
(1217, 77, 'A', 'Ile Amsterdam', 1),
(1218, 77, 'P', 'Ile Saint-Paul', 1),
(1219, 77, 'D', 'Adelie Land', 1),
(1220, 78, 'ES', 'Estuaire', 1),
(1221, 78, 'HO', 'Haut-Ogooue', 1),
(1222, 78, 'MO', 'Moyen-Ogooue', 1),
(1223, 78, 'NG', 'Ngounie', 1),
(1224, 78, 'NY', 'Nyanga', 1),
(1225, 78, 'OI', 'Ogooue-Ivindo', 1),
(1226, 78, 'OL', 'Ogooue-Lolo', 1),
(1227, 78, 'OM', 'Ogooue-Maritime', 1),
(1228, 78, 'WN', 'Woleu-Ntem', 1),
(1229, 79, 'BJ', 'Banjul', 1),
(1230, 79, 'BS', 'Basse', 1),
(1231, 79, 'BR', 'Brikama', 1),
(1232, 79, 'JA', 'Janjangbure', 1),
(1233, 79, 'KA', 'Kanifeng', 1),
(1234, 79, 'KE', 'Kerewan', 1),
(1235, 79, 'KU', 'Kuntaur', 1),
(1236, 79, 'MA', 'Mansakonko', 1),
(1237, 79, 'LR', 'Lower River', 1),
(1238, 79, 'CR', 'Central River', 1),
(1239, 79, 'NB', 'North Bank', 1),
(1240, 79, 'UR', 'Upper River', 1),
(1241, 79, 'WE', 'Western', 1),
(1242, 80, 'AB', 'Abkhazia', 1),
(1243, 80, 'AJ', 'Ajaria', 1),
(1244, 80, 'TB', 'Tbilisi', 1),
(1245, 80, 'GU', 'Guria', 1),
(1246, 80, 'IM', 'Imereti', 1),
(1247, 80, 'KA', 'Kakheti', 1),
(1248, 80, 'KK', 'Kvemo Kartli', 1),
(1249, 80, 'MM', 'Mtskheta-Mtianeti', 1),
(1250, 80, 'RL', 'Racha Lechkhumi and Kvemo Svanet', 1),
(1251, 80, 'SZ', 'Samegrelo-Zemo Svaneti', 1),
(1252, 80, 'SJ', 'Samtskhe-Javakheti', 1),
(1253, 80, 'SK', 'Shida Kartli', 1),
(1254, 81, 'BAW', 'Baden-W&uuml;rttemberg', 1),
(1255, 81, 'BAY', 'Bayern', 1),
(1256, 81, 'BER', 'Berlin', 1),
(1257, 81, 'BRG', 'Brandenburg', 1),
(1258, 81, 'BRE', 'Bremen', 1),
(1259, 81, 'HAM', 'Hamburg', 1),
(1260, 81, 'HES', 'Hessen', 1),
(1261, 81, 'MEC', 'Mecklenburg-Vorpommern', 1),
(1262, 81, 'NDS', 'Niedersachsen', 1),
(1263, 81, 'NRW', 'Nordrhein-Westfalen', 1),
(1264, 81, 'RHE', 'Rheinland-Pfalz', 1),
(1265, 81, 'SAR', 'Saarland', 1),
(1266, 81, 'SAS', 'Sachsen', 1),
(1267, 81, 'SAC', 'Sachsen-Anhalt', 1),
(1268, 81, 'SCN', 'Schleswig-Holstein', 1),
(1269, 81, 'THE', 'Th&uuml;ringen', 1),
(1270, 82, 'AS', 'Ashanti Region', 1),
(1271, 82, 'BA', 'Brong-Ahafo Region', 1),
(1272, 82, 'CE', 'Central Region', 1),
(1273, 82, 'EA', 'Eastern Region', 1),
(1274, 82, 'GA', 'Greater Accra Region', 1),
(1275, 82, 'NO', 'Northern Region', 1),
(1276, 82, 'UE', 'Upper East Region', 1),
(1277, 82, 'UW', 'Upper West Region', 1),
(1278, 82, 'VO', 'Volta Region', 1),
(1279, 82, 'WE', 'Western Region', 1),
(1280, 84, 'AT', 'Attica', 1),
(1281, 84, 'CN', 'Central Greece', 1),
(1282, 84, 'CM', 'Central Macedonia', 1),
(1283, 84, 'CR', 'Crete', 1),
(1284, 84, 'EM', 'East Macedonia and Thrace', 1),
(1285, 84, 'EP', 'Epirus', 1),
(1286, 84, 'II', 'Ionian Islands', 1),
(1287, 84, 'NA', 'North Aegean', 1),
(1288, 84, 'PP', 'Peloponnesos', 1),
(1289, 84, 'SA', 'South Aegean', 1),
(1290, 84, 'TH', 'Thessaly', 1),
(1291, 84, 'WG', 'West Greece', 1),
(1292, 84, 'WM', 'West Macedonia', 1),
(1293, 85, 'A', 'Avannaa', 1),
(1294, 85, 'T', 'Tunu', 1),
(1295, 85, 'K', 'Kitaa', 1),
(1296, 86, 'A', 'Saint Andrew', 1),
(1297, 86, 'D', 'Saint David', 1),
(1298, 86, 'G', 'Saint George', 1),
(1299, 86, 'J', 'Saint John', 1),
(1300, 86, 'M', 'Saint Mark', 1),
(1301, 86, 'P', 'Saint Patrick', 1),
(1302, 86, 'C', 'Carriacou', 1),
(1303, 86, 'Q', 'Petit Martinique', 1),
(1304, 89, 'AV', 'Alta Verapaz', 1),
(1305, 89, 'BV', 'Baja Verapaz', 1),
(1306, 89, 'CM', 'Chimaltenango', 1),
(1307, 89, 'CQ', 'Chiquimula', 1),
(1308, 89, 'PE', 'El Peten', 1),
(1309, 89, 'PR', 'El Progreso', 1),
(1310, 89, 'QC', 'El Quiche', 1),
(1311, 89, 'ES', 'Escuintla', 1),
(1312, 89, 'GU', 'Guatemala', 1),
(1313, 89, 'HU', 'Huehuetenango', 1),
(1314, 89, 'IZ', 'Izabal', 1),
(1315, 89, 'JA', 'Jalapa', 1),
(1316, 89, 'JU', 'Jutiapa', 1),
(1317, 89, 'QZ', 'Quetzaltenango', 1),
(1318, 89, 'RE', 'Retalhuleu', 1),
(1319, 89, 'ST', 'Sacatepequez', 1),
(1320, 89, 'SM', 'San Marcos', 1),
(1321, 89, 'SR', 'Santa Rosa', 1),
(1322, 89, 'SO', 'Solola', 1),
(1323, 89, 'SU', 'Suchitepequez', 1),
(1324, 89, 'TO', 'Totonicapan', 1),
(1325, 89, 'ZA', 'Zacapa', 1),
(1326, 90, 'CNK', 'Conakry', 1),
(1327, 90, 'BYL', 'Beyla', 1),
(1328, 90, 'BFA', 'Boffa', 1),
(1329, 90, 'BOK', 'Boke', 1),
(1330, 90, 'COY', 'Coyah', 1),
(1331, 90, 'DBL', 'Dabola', 1),
(1332, 90, 'DLB', 'Dalaba', 1),
(1333, 90, 'DGR', 'Dinguiraye', 1),
(1334, 90, 'DBR', 'Dubreka', 1),
(1335, 90, 'FRN', 'Faranah', 1),
(1336, 90, 'FRC', 'Forecariah', 1),
(1337, 90, 'FRI', 'Fria', 1),
(1338, 90, 'GAO', 'Gaoual', 1),
(1339, 90, 'GCD', 'Gueckedou', 1),
(1340, 90, 'KNK', 'Kankan', 1),
(1341, 90, 'KRN', 'Kerouane', 1),
(1342, 90, 'KND', 'Kindia', 1),
(1343, 90, 'KSD', 'Kissidougou', 1),
(1344, 90, 'KBA', 'Koubia', 1),
(1345, 90, 'KDA', 'Koundara', 1),
(1346, 90, 'KRA', 'Kouroussa', 1),
(1347, 90, 'LAB', 'Labe', 1),
(1348, 90, 'LLM', 'Lelouma', 1),
(1349, 90, 'LOL', 'Lola', 1),
(1350, 90, 'MCT', 'Macenta', 1),
(1351, 90, 'MAL', 'Mali', 1),
(1352, 90, 'MAM', 'Mamou', 1),
(1353, 90, 'MAN', 'Mandiana', 1),
(1354, 90, 'NZR', 'Nzerekore', 1),
(1355, 90, 'PIT', 'Pita', 1),
(1356, 90, 'SIG', 'Siguiri', 1),
(1357, 90, 'TLM', 'Telimele', 1),
(1358, 90, 'TOG', 'Tougue', 1),
(1359, 90, 'YOM', 'Yomou', 1),
(1360, 91, 'BF', 'Bafata Region', 1),
(1361, 91, 'BB', 'Biombo Region', 1),
(1362, 91, 'BS', 'Bissau Region', 1),
(1363, 91, 'BL', 'Bolama Region', 1),
(1364, 91, 'CA', 'Cacheu Region', 1),
(1365, 91, 'GA', 'Gabu Region', 1),
(1366, 91, 'OI', 'Oio Region', 1),
(1367, 91, 'QU', 'Quinara Region', 1),
(1368, 91, 'TO', 'Tombali Region', 1),
(1369, 92, 'BW', 'Barima-Waini', 1),
(1370, 92, 'CM', 'Cuyuni-Mazaruni', 1),
(1371, 92, 'DM', 'Demerara-Mahaica', 1),
(1372, 92, 'EC', 'East Berbice-Corentyne', 1),
(1373, 92, 'EW', 'Essequibo Islands-West Demerara', 1),
(1374, 92, 'MB', 'Mahaica-Berbice', 1),
(1375, 92, 'PM', 'Pomeroon-Supenaam', 1),
(1376, 92, 'PI', 'Potaro-Siparuni', 1),
(1377, 92, 'UD', 'Upper Demerara-Berbice', 1),
(1378, 92, 'UT', 'Upper Takutu-Upper Essequibo', 1),
(1379, 93, 'AR', 'Artibonite', 1),
(1380, 93, 'CE', 'Centre', 1),
(1381, 93, 'GA', 'Grand''Anse', 1),
(1382, 93, 'ND', 'Nord', 1),
(1383, 93, 'NE', 'Nord-Est', 1),
(1384, 93, 'NO', 'Nord-Ouest', 1),
(1385, 93, 'OU', 'Ouest', 1),
(1386, 93, 'SD', 'Sud', 1),
(1387, 93, 'SE', 'Sud-Est', 1),
(1388, 94, 'F', 'Flat Island', 1),
(1389, 94, 'M', 'McDonald Island', 1),
(1390, 94, 'S', 'Shag Island', 1),
(1391, 94, 'H', 'Heard Island', 1),
(1392, 95, 'AT', 'Atlantida', 1),
(1393, 95, 'CH', 'Choluteca', 1),
(1394, 95, 'CL', 'Colon', 1),
(1395, 95, 'CM', 'Comayagua', 1),
(1396, 95, 'CP', 'Copan', 1),
(1397, 95, 'CR', 'Cortes', 1),
(1398, 95, 'PA', 'El Paraiso', 1),
(1399, 95, 'FM', 'Francisco Morazan', 1),
(1400, 95, 'GD', 'Gracias a Dios', 1),
(1401, 95, 'IN', 'Intibuca', 1),
(1402, 95, 'IB', 'Islas de la Bahia (Bay Islands)', 1),
(1403, 95, 'PZ', 'La Paz', 1),
(1404, 95, 'LE', 'Lempira', 1),
(1405, 95, 'OC', 'Ocotepeque', 1),
(1406, 95, 'OL', 'Olancho', 1),
(1407, 95, 'SB', 'Santa Barbara', 1),
(1408, 95, 'VA', 'Valle', 1),
(1409, 95, 'YO', 'Yoro', 1),
(1410, 96, 'HCW', 'Central and Western Hong Kong Island', 1),
(1411, 96, 'HEA', 'Eastern Hong Kong Island', 1),
(1412, 96, 'HSO', 'Southern Hong Kong Island', 1),
(1413, 96, 'HWC', 'Wan Chai Hong Kong Island', 1),
(1414, 96, 'KKC', 'Kowloon City Kowloon', 1),
(1415, 96, 'KKT', 'Kwun Tong Kowloon', 1),
(1416, 96, 'KSS', 'Sham Shui Po Kowloon', 1),
(1417, 96, 'KWT', 'Wong Tai Sin Kowloon', 1),
(1418, 96, 'KYT', 'Yau Tsim Mong Kowloon', 1),
(1419, 96, 'NIS', 'Islands New Territories', 1),
(1420, 96, 'NKT', 'Kwai Tsing New Territories', 1),
(1421, 96, 'NNO', 'North New Territories', 1),
(1422, 96, 'NSK', 'Sai Kung New Territories', 1),
(1423, 96, 'NST', 'Sha Tin New Territories', 1),
(1424, 96, 'NTP', 'Tai Po New Territories', 1),
(1425, 96, 'NTW', 'Tsuen Wan New Territories', 1),
(1426, 96, 'NTM', 'Tuen Mun New Territories', 1),
(1427, 96, 'NYL', 'Yuen Long New Territories', 1),
(1428, 97, 'BK', 'Bacs-Kiskun', 1),
(1429, 97, 'BA', 'Baranya', 1),
(1430, 97, 'BE', 'Bekes', 1),
(1431, 97, 'BS', 'Bekescsaba', 1),
(1432, 97, 'BZ', 'Borsod-Abauj-Zemplen', 1),
(1433, 97, 'BU', 'Budapest', 1),
(1434, 97, 'CS', 'Csongrad', 1),
(1435, 97, 'DE', 'Debrecen', 1),
(1436, 97, 'DU', 'Dunaujvaros', 1),
(1437, 97, 'EG', 'Eger', 1),
(1438, 97, 'FE', 'Fejer', 1),
(1439, 97, 'GY', 'Gyor', 1),
(1440, 97, 'GM', 'Gyor-Moson-Sopron', 1),
(1441, 97, 'HB', 'Hajdu-Bihar', 1),
(1442, 97, 'HE', 'Heves', 1),
(1443, 97, 'HO', 'Hodmezovasarhely', 1),
(1444, 97, 'JN', 'Jasz-Nagykun-Szolnok', 1),
(1445, 97, 'KA', 'Kaposvar', 1),
(1446, 97, 'KE', 'Kecskemet', 1),
(1447, 97, 'KO', 'Komarom-Esztergom', 1),
(1448, 97, 'MI', 'Miskolc', 1),
(1449, 97, 'NA', 'Nagykanizsa', 1),
(1450, 97, 'NO', 'Nograd', 1),
(1451, 97, 'NY', 'Nyiregyhaza', 1),
(1452, 97, 'PE', 'Pecs', 1),
(1453, 97, 'PS', 'Pest', 1),
(1454, 97, 'SO', 'Somogy', 1),
(1455, 97, 'SP', 'Sopron', 1),
(1456, 97, 'SS', 'Szabolcs-Szatmar-Bereg', 1),
(1457, 97, 'SZ', 'Szeged', 1),
(1458, 97, 'SE', 'Szekesfehervar', 1),
(1459, 97, 'SL', 'Szolnok', 1),
(1460, 97, 'SM', 'Szombathely', 1),
(1461, 97, 'TA', 'Tatabanya', 1),
(1462, 97, 'TO', 'Tolna', 1),
(1463, 97, 'VA', 'Vas', 1),
(1464, 97, 'VE', 'Veszprem', 1),
(1465, 97, 'ZA', 'Zala', 1),
(1466, 97, 'ZZ', 'Zalaegerszeg', 1),
(1467, 98, 'AL', 'Austurland', 1),
(1468, 98, 'HF', 'Hofuoborgarsvaeoi', 1),
(1469, 98, 'NE', 'Norourland eystra', 1),
(1470, 98, 'NV', 'Norourland vestra', 1),
(1471, 98, 'SL', 'Suourland', 1),
(1472, 98, 'SN', 'Suournes', 1),
(1473, 98, 'VF', 'Vestfiroir', 1),
(1474, 98, 'VL', 'Vesturland', 1),
(1475, 99, 'AN', 'Andaman and Nicobar Islands', 1),
(1476, 99, 'AP', 'Andhra Pradesh', 1),
(1477, 99, 'AR', 'Arunachal Pradesh', 1),
(1478, 99, 'AS', 'Assam', 1),
(1479, 99, 'BI', 'Bihar', 1),
(1480, 99, 'CH', 'Chandigarh', 1),
(1481, 99, 'DA', 'Dadra and Nagar Haveli', 1),
(1482, 99, 'DM', 'Daman and Diu', 1),
(1483, 99, 'DE', 'Delhi', 1),
(1484, 99, 'GO', 'Goa', 1),
(1485, 99, 'GU', 'Gujarat', 1),
(1486, 99, 'HA', 'Haryana', 1),
(1487, 99, 'HP', 'Himachal Pradesh', 1),
(1488, 99, 'JA', 'Jammu and Kashmir', 1),
(1489, 99, 'KA', 'Karnataka', 1),
(1490, 99, 'KE', 'Kerala', 1),
(1491, 99, 'LI', 'Lakshadweep Islands', 1),
(1492, 99, 'MP', 'Madhya Pradesh', 1);
INSERT INTO `zone` (`zone_id`, `country_id`, `code`, `name`, `status`) VALUES
(1493, 99, 'MA', 'Maharashtra', 1),
(1494, 99, 'MN', 'Manipur', 1),
(1495, 99, 'ME', 'Meghalaya', 1),
(1496, 99, 'MI', 'Mizoram', 1),
(1497, 99, 'NA', 'Nagaland', 1),
(1498, 99, 'OR', 'Orissa', 1),
(1499, 99, 'PO', 'Pondicherry', 1),
(1500, 99, 'PU', 'Punjab', 1),
(1501, 99, 'RA', 'Rajasthan', 1),
(1502, 99, 'SI', 'Sikkim', 1),
(1503, 99, 'TN', 'Tamil Nadu', 1),
(1504, 99, 'TR', 'Tripura', 1),
(1505, 99, 'UP', 'Uttar Pradesh', 1),
(1506, 99, 'WB', 'West Bengal', 1),
(1507, 100, 'AC', 'Aceh', 1),
(1508, 100, 'BA', 'Bali', 1),
(1509, 100, 'BT', 'Banten', 1),
(1510, 100, 'BE', 'Bengkulu', 1),
(1511, 100, 'BD', 'BoDeTaBek', 1),
(1512, 100, 'GO', 'Gorontalo', 1),
(1513, 100, 'JK', 'Jakarta Raya', 1),
(1514, 100, 'JA', 'Jambi', 1),
(1515, 100, 'JB', 'Jawa Barat', 1),
(1516, 100, 'JT', 'Jawa Tengah', 1),
(1517, 100, 'JI', 'Jawa Timur', 1),
(1518, 100, 'KB', 'Kalimantan Barat', 1),
(1519, 100, 'KS', 'Kalimantan Selatan', 1),
(1520, 100, 'KT', 'Kalimantan Tengah', 1),
(1521, 100, 'KI', 'Kalimantan Timur', 1),
(1522, 100, 'BB', 'Kepulauan Bangka Belitung', 1),
(1523, 100, 'LA', 'Lampung', 1),
(1524, 100, 'MA', 'Maluku', 1),
(1525, 100, 'MU', 'Maluku Utara', 1),
(1526, 100, 'NB', 'Nusa Tenggara Barat', 1),
(1527, 100, 'NT', 'Nusa Tenggara Timur', 1),
(1528, 100, 'PA', 'Papua', 1),
(1529, 100, 'RI', 'Riau', 1),
(1530, 100, 'SN', 'Sulawesi Selatan', 1),
(1531, 100, 'ST', 'Sulawesi Tengah', 1),
(1532, 100, 'SG', 'Sulawesi Tenggara', 1),
(1533, 100, 'SA', 'Sulawesi Utara', 1),
(1534, 100, 'SB', 'Sumatera Barat', 1),
(1535, 100, 'SS', 'Sumatera Selatan', 1),
(1536, 100, 'SU', 'Sumatera Utara', 1),
(1537, 100, 'YO', 'Yogyakarta', 1),
(1538, 101, 'TEH', 'Tehran', 1),
(1539, 101, 'QOM', 'Qom', 1),
(1540, 101, 'MKZ', 'Markazi', 1),
(1541, 101, 'QAZ', 'Qazvin', 1),
(1542, 101, 'GIL', 'Gilan', 1),
(1543, 101, 'ARD', 'Ardabil', 1),
(1544, 101, 'ZAN', 'Zanjan', 1),
(1545, 101, 'EAZ', 'East Azarbaijan', 1),
(1546, 101, 'WEZ', 'West Azarbaijan', 1),
(1547, 101, 'KRD', 'Kurdistan', 1),
(1548, 101, 'HMD', 'Hamadan', 1),
(1549, 101, 'KRM', 'Kermanshah', 1),
(1550, 101, 'ILM', 'Ilam', 1),
(1551, 101, 'LRS', 'Lorestan', 1),
(1552, 101, 'KZT', 'Khuzestan', 1),
(1553, 101, 'CMB', 'Chahar Mahaal and Bakhtiari', 1),
(1554, 101, 'KBA', 'Kohkiluyeh and Buyer Ahmad', 1),
(1555, 101, 'BSH', 'Bushehr', 1),
(1556, 101, 'FAR', 'Fars', 1),
(1557, 101, 'HRM', 'Hormozgan', 1),
(1558, 101, 'SBL', 'Sistan and Baluchistan', 1),
(1559, 101, 'KRB', 'Kerman', 1),
(1560, 101, 'YZD', 'Yazd', 1),
(1561, 101, 'EFH', 'Esfahan', 1),
(1562, 101, 'SMN', 'Semnan', 1),
(1563, 101, 'MZD', 'Mazandaran', 1),
(1564, 101, 'GLS', 'Golestan', 1),
(1565, 101, 'NKH', 'North Khorasan', 1),
(1566, 101, 'RKH', 'Razavi Khorasan', 1),
(1567, 101, 'SKH', 'South Khorasan', 1),
(1568, 102, 'BD', 'Baghdad', 1),
(1569, 102, 'SD', 'Salah ad Din', 1),
(1570, 102, 'DY', 'Diyala', 1),
(1571, 102, 'WS', 'Wasit', 1),
(1572, 102, 'MY', 'Maysan', 1),
(1573, 102, 'BA', 'Al Basrah', 1),
(1574, 102, 'DQ', 'Dhi Qar', 1),
(1575, 102, 'MU', 'Al Muthanna', 1),
(1576, 102, 'QA', 'Al Qadisyah', 1),
(1577, 102, 'BB', 'Babil', 1),
(1578, 102, 'KB', 'Al Karbala', 1),
(1579, 102, 'NJ', 'An Najaf', 1),
(1580, 102, 'AB', 'Al Anbar', 1),
(1581, 102, 'NN', 'Ninawa', 1),
(1582, 102, 'DH', 'Dahuk', 1),
(1583, 102, 'AL', 'Arbil', 1),
(1584, 102, 'TM', 'At Ta''mim', 1),
(1585, 102, 'SL', 'As Sulaymaniyah', 1),
(1586, 103, 'CA', 'Carlow', 1),
(1587, 103, 'CV', 'Cavan', 1),
(1588, 103, 'CL', 'Clare', 1),
(1589, 103, 'CO', 'Cork', 1),
(1590, 103, 'DO', 'Donegal', 1),
(1591, 103, 'DU', 'Dublin', 1),
(1592, 103, 'GA', 'Galway', 1),
(1593, 103, 'KE', 'Kerry', 1),
(1594, 103, 'KI', 'Kildare', 1),
(1595, 103, 'KL', 'Kilkenny', 1),
(1596, 103, 'LA', 'Laois', 1),
(1597, 103, 'LE', 'Leitrim', 1),
(1598, 103, 'LI', 'Limerick', 1),
(1599, 103, 'LO', 'Longford', 1),
(1600, 103, 'LU', 'Louth', 1),
(1601, 103, 'MA', 'Mayo', 1),
(1602, 103, 'ME', 'Meath', 1),
(1603, 103, 'MO', 'Monaghan', 1),
(1604, 103, 'OF', 'Offaly', 1),
(1605, 103, 'RO', 'Roscommon', 1),
(1606, 103, 'SL', 'Sligo', 1),
(1607, 103, 'TI', 'Tipperary', 1),
(1608, 103, 'WA', 'Waterford', 1),
(1609, 103, 'WE', 'Westmeath', 1),
(1610, 103, 'WX', 'Wexford', 1),
(1611, 103, 'WI', 'Wicklow', 1),
(1612, 104, 'BS', 'Be''er Sheva', 1),
(1613, 104, 'BH', 'Bika''at Hayarden', 1),
(1614, 104, 'EA', 'Eilat and Arava', 1),
(1615, 104, 'GA', 'Galil', 1),
(1616, 104, 'HA', 'Haifa', 1),
(1617, 104, 'JM', 'Jehuda Mountains', 1),
(1618, 104, 'JE', 'Jerusalem', 1),
(1619, 104, 'NE', 'Negev', 1),
(1620, 104, 'SE', 'Semaria', 1),
(1621, 104, 'SH', 'Sharon', 1),
(1622, 104, 'TA', 'Tel Aviv (Gosh Dan)', 1),
(3860, 105, 'CL', 'Caltanissetta', 1),
(3842, 105, 'AG', 'Agrigento', 1),
(3843, 105, 'AL', 'Alessandria', 1),
(3844, 105, 'AN', 'Ancona', 1),
(3845, 105, 'AO', 'Aosta', 1),
(3846, 105, 'AR', 'Arezzo', 1),
(3847, 105, 'AP', 'Ascoli Piceno', 1),
(3848, 105, 'AT', 'Asti', 1),
(3849, 105, 'AV', 'Avellino', 1),
(3850, 105, 'BA', 'Bari', 1),
(3851, 105, 'BL', 'Belluno', 1),
(3852, 105, 'BN', 'Benevento', 1),
(3853, 105, 'BG', 'Bergamo', 1),
(3854, 105, 'BI', 'Biella', 1),
(3855, 105, 'BO', 'Bologna', 1),
(3856, 105, 'BZ', 'Bolzano', 1),
(3857, 105, 'BS', 'Brescia', 1),
(3858, 105, 'BR', 'Brindisi', 1),
(3859, 105, 'CA', 'Cagliari', 1),
(1643, 106, 'CLA', 'Clarendon Parish', 1),
(1644, 106, 'HAN', 'Hanover Parish', 1),
(1645, 106, 'KIN', 'Kingston Parish', 1),
(1646, 106, 'MAN', 'Manchester Parish', 1),
(1647, 106, 'POR', 'Portland Parish', 1),
(1648, 106, 'AND', 'Saint Andrew Parish', 1),
(1649, 106, 'ANN', 'Saint Ann Parish', 1),
(1650, 106, 'CAT', 'Saint Catherine Parish', 1),
(1651, 106, 'ELI', 'Saint Elizabeth Parish', 1),
(1652, 106, 'JAM', 'Saint James Parish', 1),
(1653, 106, 'MAR', 'Saint Mary Parish', 1),
(1654, 106, 'THO', 'Saint Thomas Parish', 1),
(1655, 106, 'TRL', 'Trelawny Parish', 1),
(1656, 106, 'WML', 'Westmoreland Parish', 1),
(1657, 107, 'AI', 'Aichi', 1),
(1658, 107, 'AK', 'Akita', 1),
(1659, 107, 'AO', 'Aomori', 1),
(1660, 107, 'CH', 'Chiba', 1),
(1661, 107, 'EH', 'Ehime', 1),
(1662, 107, 'FK', 'Fukui', 1),
(1663, 107, 'FU', 'Fukuoka', 1),
(1664, 107, 'FS', 'Fukushima', 1),
(1665, 107, 'GI', 'Gifu', 1),
(1666, 107, 'GU', 'Gumma', 1),
(1667, 107, 'HI', 'Hiroshima', 1),
(1668, 107, 'HO', 'Hokkaido', 1),
(1669, 107, 'HY', 'Hyogo', 1),
(1670, 107, 'IB', 'Ibaraki', 1),
(1671, 107, 'IS', 'Ishikawa', 1),
(1672, 107, 'IW', 'Iwate', 1),
(1673, 107, 'KA', 'Kagawa', 1),
(1674, 107, 'KG', 'Kagoshima', 1),
(1675, 107, 'KN', 'Kanagawa', 1),
(1676, 107, 'KO', 'Kochi', 1),
(1677, 107, 'KU', 'Kumamoto', 1),
(1678, 107, 'KY', 'Kyoto', 1),
(1679, 107, 'MI', 'Mie', 1),
(1680, 107, 'MY', 'Miyagi', 1),
(1681, 107, 'MZ', 'Miyazaki', 1),
(1682, 107, 'NA', 'Nagano', 1),
(1683, 107, 'NG', 'Nagasaki', 1),
(1684, 107, 'NR', 'Nara', 1),
(1685, 107, 'NI', 'Niigata', 1),
(1686, 107, 'OI', 'Oita', 1),
(1687, 107, 'OK', 'Okayama', 1),
(1688, 107, 'ON', 'Okinawa', 1),
(1689, 107, 'OS', 'Osaka', 1),
(1690, 107, 'SA', 'Saga', 1),
(1691, 107, 'SI', 'Saitama', 1),
(1692, 107, 'SH', 'Shiga', 1),
(1693, 107, 'SM', 'Shimane', 1),
(1694, 107, 'SZ', 'Shizuoka', 1),
(1695, 107, 'TO', 'Tochigi', 1),
(1696, 107, 'TS', 'Tokushima', 1),
(1697, 107, 'TK', 'Tokyo', 1),
(1698, 107, 'TT', 'Tottori', 1),
(1699, 107, 'TY', 'Toyama', 1),
(1700, 107, 'WA', 'Wakayama', 1),
(1701, 107, 'YA', 'Yamagata', 1),
(1702, 107, 'YM', 'Yamaguchi', 1),
(1703, 107, 'YN', 'Yamanashi', 1),
(1704, 108, 'AM', '''Amman', 1),
(1705, 108, 'AJ', 'Ajlun', 1),
(1706, 108, 'AA', 'Al ''Aqabah', 1),
(1707, 108, 'AB', 'Al Balqa''', 1),
(1708, 108, 'AK', 'Al Karak', 1),
(1709, 108, 'AL', 'Al Mafraq', 1),
(1710, 108, 'AT', 'At Tafilah', 1),
(1711, 108, 'AZ', 'Az Zarqa''', 1),
(1712, 108, 'IR', 'Irbid', 1),
(1713, 108, 'JA', 'Jarash', 1),
(1714, 108, 'MA', 'Ma''an', 1),
(1715, 108, 'MD', 'Madaba', 1),
(1716, 109, 'AL', 'Алматинская область', 1),
(1717, 109, 'AC', 'Алматы - город республ-го значения', 1),
(1718, 109, 'AM', 'Акмолинская область', 1),
(1719, 109, 'AQ', 'Актюбинская область', 1),
(1720, 109, 'AS', 'Астана - город республ-го значения', 1),
(1721, 109, 'AT', 'Атырауская область', 1),
(1722, 109, 'BA', 'Западно-Казахстанская область', 1),
(1723, 109, 'BY', 'Байконур - город республ-го значения', 1),
(1724, 109, 'MA', 'Мангистауская область', 1),
(1725, 109, 'ON', 'Южно-Казахстанская область', 1),
(1726, 109, 'PA', 'Павлодарская область', 1),
(1727, 109, 'QA', 'Карагандинская область', 1),
(1728, 109, 'QO', 'Костанайская область', 1),
(1729, 109, 'QY', 'Кызылординская область', 1),
(1730, 109, 'SH', 'Восточно-Казахстанская область', 1),
(1731, 109, 'SO', 'Северо-Казахстанская область', 1),
(1732, 109, 'ZH', 'Жамбылская область', 1),
(1733, 110, 'CE', 'Central', 1),
(1734, 110, 'CO', 'Coast', 1),
(1735, 110, 'EA', 'Eastern', 1),
(1736, 110, 'NA', 'Nairobi Area', 1),
(1737, 110, 'NE', 'North Eastern', 1),
(1738, 110, 'NY', 'Nyanza', 1),
(1739, 110, 'RV', 'Rift Valley', 1),
(1740, 110, 'WE', 'Western', 1),
(1741, 111, 'AG', 'Abaiang', 1),
(1742, 111, 'AM', 'Abemama', 1),
(1743, 111, 'AK', 'Aranuka', 1),
(1744, 111, 'AO', 'Arorae', 1),
(1745, 111, 'BA', 'Banaba', 1),
(1746, 111, 'BE', 'Beru', 1),
(1747, 111, 'bT', 'Butaritari', 1),
(1748, 111, 'KA', 'Kanton', 1),
(1749, 111, 'KR', 'Kiritimati', 1),
(1750, 111, 'KU', 'Kuria', 1),
(1751, 111, 'MI', 'Maiana', 1),
(1752, 111, 'MN', 'Makin', 1),
(1753, 111, 'ME', 'Marakei', 1),
(1754, 111, 'NI', 'Nikunau', 1),
(1755, 111, 'NO', 'Nonouti', 1),
(1756, 111, 'ON', 'Onotoa', 1),
(1757, 111, 'TT', 'Tabiteuea', 1),
(1758, 111, 'TR', 'Tabuaeran', 1),
(1759, 111, 'TM', 'Tamana', 1),
(1760, 111, 'TW', 'Tarawa', 1),
(1761, 111, 'TE', 'Teraina', 1),
(1762, 112, 'CHA', 'Chagang-do', 1),
(1763, 112, 'HAB', 'Hamgyong-bukto', 1),
(1764, 112, 'HAN', 'Hamgyong-namdo', 1),
(1765, 112, 'HWB', 'Hwanghae-bukto', 1),
(1766, 112, 'HWN', 'Hwanghae-namdo', 1),
(1767, 112, 'KAN', 'Kangwon-do', 1),
(1768, 112, 'PYB', 'P''yongan-bukto', 1),
(1769, 112, 'PYN', 'P''yongan-namdo', 1),
(1770, 112, 'YAN', 'Ryanggang-do (Yanggang-do)', 1),
(1771, 112, 'NAJ', 'Rason Directly Governed City', 1),
(1772, 112, 'PYO', 'P''yongyang Special City', 1),
(1773, 113, 'CO', 'Ch''ungch''ong-bukto', 1),
(1774, 113, 'CH', 'Ch''ungch''ong-namdo', 1),
(1775, 113, 'CD', 'Cheju-do', 1),
(1776, 113, 'CB', 'Cholla-bukto', 1),
(1777, 113, 'CN', 'Cholla-namdo', 1),
(1778, 113, 'IG', 'Inch''on-gwangyoksi', 1),
(1779, 113, 'KA', 'Kangwon-do', 1),
(1780, 113, 'KG', 'Kwangju-gwangyoksi', 1),
(1781, 113, 'KD', 'Kyonggi-do', 1),
(1782, 113, 'KB', 'Kyongsang-bukto', 1),
(1783, 113, 'KN', 'Kyongsang-namdo', 1),
(1784, 113, 'PG', 'Pusan-gwangyoksi', 1),
(1785, 113, 'SO', 'Soul-t''ukpyolsi', 1),
(1786, 113, 'TA', 'Taegu-gwangyoksi', 1),
(1787, 113, 'TG', 'Taejon-gwangyoksi', 1),
(1788, 114, 'AL', 'Al ''Asimah', 1),
(1789, 114, 'AA', 'Al Ahmadi', 1),
(1790, 114, 'AF', 'Al Farwaniyah', 1),
(1791, 114, 'AJ', 'Al Jahra''', 1),
(1792, 114, 'HA', 'Hawalli', 1),
(1793, 115, 'GB', 'Bishkek', 1),
(1794, 115, 'B', 'Batken', 1),
(1795, 115, 'C', 'Chu', 1),
(1796, 115, 'J', 'Jalal-Abad', 1),
(1797, 115, 'N', 'Naryn', 1),
(1798, 115, 'O', 'Osh', 1),
(1799, 115, 'T', 'Talas', 1),
(1800, 115, 'Y', 'Ysyk-Kol', 1),
(1801, 116, 'VT', 'Vientiane', 1),
(1802, 116, 'AT', 'Attapu', 1),
(1803, 116, 'BK', 'Bokeo', 1),
(1804, 116, 'BL', 'Bolikhamxai', 1),
(1805, 116, 'CH', 'Champasak', 1),
(1806, 116, 'HO', 'Houaphan', 1),
(1807, 116, 'KH', 'Khammouan', 1),
(1808, 116, 'LM', 'Louang Namtha', 1),
(1809, 116, 'LP', 'Louangphabang', 1),
(1810, 116, 'OU', 'Oudomxai', 1),
(1811, 116, 'PH', 'Phongsali', 1),
(1812, 116, 'SL', 'Salavan', 1),
(1813, 116, 'SV', 'Savannakhet', 1),
(1814, 116, 'VI', 'Vientiane', 1),
(1815, 116, 'XA', 'Xaignabouli', 1),
(1816, 116, 'XE', 'Xekong', 1),
(1817, 116, 'XI', 'Xiangkhoang', 1),
(1818, 116, 'XN', 'Xaisomboun', 1),
(1819, 117, 'AIZ', 'Aizkraukles Rajons', 1),
(1820, 117, 'ALU', 'Aluksnes Rajons', 1),
(1821, 117, 'BAL', 'Balvu Rajons', 1),
(1822, 117, 'BAU', 'Bauskas Rajons', 1),
(1823, 117, 'CES', 'Cesu Rajons', 1),
(1824, 117, 'DGR', 'Daugavpils Rajons', 1),
(1825, 117, 'DOB', 'Dobeles Rajons', 1),
(1826, 117, 'GUL', 'Gulbenes Rajons', 1),
(1827, 117, 'JEK', 'Jekabpils Rajons', 1),
(1828, 117, 'JGR', 'Jelgavas Rajons', 1),
(1829, 117, 'KRA', 'Kraslavas Rajons', 1),
(1830, 117, 'KUL', 'Kuldigas Rajons', 1),
(1831, 117, 'LPR', 'Liepajas Rajons', 1),
(1832, 117, 'LIM', 'Limbazu Rajons', 1),
(1833, 117, 'LUD', 'Ludzas Rajons', 1),
(1834, 117, 'MAD', 'Madonas Rajons', 1),
(1835, 117, 'OGR', 'Ogres Rajons', 1),
(1836, 117, 'PRE', 'Preilu Rajons', 1),
(1837, 117, 'RZR', 'Rezeknes Rajons', 1),
(1838, 117, 'RGR', 'Rigas Rajons', 1),
(1839, 117, 'SAL', 'Saldus Rajons', 1),
(1840, 117, 'TAL', 'Talsu Rajons', 1),
(1841, 117, 'TUK', 'Tukuma Rajons', 1),
(1842, 117, 'VLK', 'Valkas Rajons', 1),
(1843, 117, 'VLM', 'Valmieras Rajons', 1),
(1844, 117, 'VSR', 'Ventspils Rajons', 1),
(1845, 117, 'DGV', 'Daugavpils', 1),
(1846, 117, 'JGV', 'Jelgava', 1),
(1847, 117, 'JUR', 'Jurmala', 1),
(1848, 117, 'LPK', 'Liepaja', 1),
(1849, 117, 'RZK', 'Rezekne', 1),
(1850, 117, 'RGA', 'Riga', 1),
(1851, 117, 'VSL', 'Ventspils', 1),
(1852, 119, 'BE', 'Berea', 1),
(1853, 119, 'BB', 'Butha-Buthe', 1),
(1854, 119, 'LE', 'Leribe', 1),
(1855, 119, 'MF', 'Mafeteng', 1),
(1856, 119, 'MS', 'Maseru', 1),
(1857, 119, 'MH', 'Mohale''s Hoek', 1),
(1858, 119, 'MK', 'Mokhotlong', 1),
(1859, 119, 'QN', 'Qacha''s Nek', 1),
(1860, 119, 'QT', 'Quthing', 1),
(1861, 119, 'TT', 'Thaba-Tseka', 1),
(1862, 120, 'BI', 'Bomi', 1),
(1863, 120, 'BG', 'Bong', 1),
(1864, 120, 'GB', 'Grand Bassa', 1),
(1865, 120, 'CM', 'Grand Cape Mount', 1),
(1866, 120, 'GG', 'Grand Gedeh', 1),
(1867, 120, 'GK', 'Grand Kru', 1),
(1868, 120, 'LO', 'Lofa', 1),
(1869, 120, 'MG', 'Margibi', 1),
(1870, 120, 'ML', 'Maryland', 1),
(1871, 120, 'MS', 'Montserrado', 1),
(1872, 120, 'NB', 'Nimba', 1),
(1873, 120, 'RC', 'River Cess', 1),
(1874, 120, 'SN', 'Sinoe', 1),
(1875, 121, 'AJ', 'Ajdabiya', 1),
(1876, 121, 'AZ', 'Al ''Aziziyah', 1),
(1877, 121, 'FA', 'Al Fatih', 1),
(1878, 121, 'JA', 'Al Jabal al Akhdar', 1),
(1879, 121, 'JU', 'Al Jufrah', 1),
(1880, 121, 'KH', 'Al Khums', 1),
(1881, 121, 'KU', 'Al Kufrah', 1),
(1882, 121, 'NK', 'An Nuqat al Khams', 1),
(1883, 121, 'AS', 'Ash Shati''', 1),
(1884, 121, 'AW', 'Awbari', 1),
(1885, 121, 'ZA', 'Az Zawiyah', 1),
(1886, 121, 'BA', 'Banghazi', 1),
(1887, 121, 'DA', 'Darnah', 1),
(1888, 121, 'GD', 'Ghadamis', 1),
(1889, 121, 'GY', 'Gharyan', 1),
(1890, 121, 'MI', 'Misratah', 1),
(1891, 121, 'MZ', 'Murzuq', 1),
(1892, 121, 'SB', 'Sabha', 1),
(1893, 121, 'SW', 'Sawfajjin', 1),
(1894, 121, 'SU', 'Surt', 1),
(1895, 121, 'TL', 'Tarabulus (Tripoli)', 1),
(1896, 121, 'TH', 'Tarhunah', 1),
(1897, 121, 'TU', 'Tubruq', 1),
(1898, 121, 'YA', 'Yafran', 1),
(1899, 121, 'ZL', 'Zlitan', 1),
(1900, 122, 'V', 'Vaduz', 1),
(1901, 122, 'A', 'Schaan', 1),
(1902, 122, 'B', 'Balzers', 1),
(1903, 122, 'N', 'Triesen', 1),
(1904, 122, 'E', 'Eschen', 1),
(1905, 122, 'M', 'Mauren', 1),
(1906, 122, 'T', 'Triesenberg', 1),
(1907, 122, 'R', 'Ruggell', 1),
(1908, 122, 'G', 'Gamprin', 1),
(1909, 122, 'L', 'Schellenberg', 1),
(1910, 122, 'P', 'Planken', 1),
(1911, 123, 'AL', 'Alytus', 1),
(1912, 123, 'KA', 'Kaunas', 1),
(1913, 123, 'KL', 'Klaipeda', 1),
(1914, 123, 'MA', 'Marijampole', 1),
(1915, 123, 'PA', 'Panevezys', 1),
(1916, 123, 'SI', 'Siauliai', 1),
(1917, 123, 'TA', 'Taurage', 1),
(1918, 123, 'TE', 'Telsiai', 1),
(1919, 123, 'UT', 'Utena', 1),
(1920, 123, 'VI', 'Vilnius', 1),
(1921, 124, 'DD', 'Diekirch', 1),
(1922, 124, 'DC', 'Clervaux', 1),
(1923, 124, 'DR', 'Redange', 1),
(1924, 124, 'DV', 'Vianden', 1),
(1925, 124, 'DW', 'Wiltz', 1),
(1926, 124, 'GG', 'Grevenmacher', 1),
(1927, 124, 'GE', 'Echternach', 1),
(1928, 124, 'GR', 'Remich', 1),
(1929, 124, 'LL', 'Luxembourg', 1),
(1930, 124, 'LC', 'Capellen', 1),
(1931, 124, 'LE', 'Esch-sur-Alzette', 1),
(1932, 124, 'LM', 'Mersch', 1),
(1933, 125, 'OLF', 'Our Lady Fatima Parish', 1),
(1934, 125, 'ANT', 'St. Anthony Parish', 1),
(1935, 125, 'LAZ', 'St. Lazarus Parish', 1),
(1936, 125, 'CAT', 'Cathedral Parish', 1),
(1937, 125, 'LAW', 'St. Lawrence Parish', 1),
(1938, 127, 'AN', 'Antananarivo', 1),
(1939, 127, 'AS', 'Antsiranana', 1),
(1940, 127, 'FN', 'Fianarantsoa', 1),
(1941, 127, 'MJ', 'Mahajanga', 1),
(1942, 127, 'TM', 'Toamasina', 1),
(1943, 127, 'TL', 'Toliara', 1),
(1944, 128, 'BLK', 'Balaka', 1),
(1945, 128, 'BLT', 'Blantyre', 1),
(1946, 128, 'CKW', 'Chikwawa', 1),
(1947, 128, 'CRD', 'Chiradzulu', 1),
(1948, 128, 'CTP', 'Chitipa', 1),
(1949, 128, 'DDZ', 'Dedza', 1),
(1950, 128, 'DWA', 'Dowa', 1),
(1951, 128, 'KRG', 'Karonga', 1),
(1952, 128, 'KSG', 'Kasungu', 1),
(1953, 128, 'LKM', 'Likoma', 1),
(1954, 128, 'LLG', 'Lilongwe', 1),
(1955, 128, 'MCG', 'Machinga', 1),
(1956, 128, 'MGC', 'Mangochi', 1),
(1957, 128, 'MCH', 'Mchinji', 1),
(1958, 128, 'MLJ', 'Mulanje', 1),
(1959, 128, 'MWZ', 'Mwanza', 1),
(1960, 128, 'MZM', 'Mzimba', 1),
(1961, 128, 'NTU', 'Ntcheu', 1),
(1962, 128, 'NKB', 'Nkhata Bay', 1),
(1963, 128, 'NKH', 'Nkhotakota', 1),
(1964, 128, 'NSJ', 'Nsanje', 1),
(1965, 128, 'NTI', 'Ntchisi', 1),
(1966, 128, 'PHL', 'Phalombe', 1),
(1967, 128, 'RMP', 'Rumphi', 1),
(1968, 128, 'SLM', 'Salima', 1),
(1969, 128, 'THY', 'Thyolo', 1),
(1970, 128, 'ZBA', 'Zomba', 1),
(1971, 129, 'JO', 'Johor', 1),
(1972, 129, 'KE', 'Kedah', 1),
(1973, 129, 'KL', 'Kelantan', 1),
(1974, 129, 'LA', 'Labuan', 1),
(1975, 129, 'ME', 'Melaka', 1),
(1976, 129, 'NS', 'Negeri Sembilan', 1),
(1977, 129, 'PA', 'Pahang', 1),
(1978, 129, 'PE', 'Perak', 1),
(1979, 129, 'PR', 'Perlis', 1),
(1980, 129, 'PP', 'Pulau Pinang', 1),
(1981, 129, 'SA', 'Sabah', 1),
(1982, 129, 'SR', 'Sarawak', 1),
(1983, 129, 'SE', 'Selangor', 1),
(1984, 129, 'TE', 'Terengganu', 1),
(1985, 129, 'WP', 'Wilayah Persekutuan', 1),
(1986, 130, 'THU', 'Thiladhunmathi Uthuru', 1),
(1987, 130, 'THD', 'Thiladhunmathi Dhekunu', 1),
(1988, 130, 'MLU', 'Miladhunmadulu Uthuru', 1),
(1989, 130, 'MLD', 'Miladhunmadulu Dhekunu', 1),
(1990, 130, 'MAU', 'Maalhosmadulu Uthuru', 1),
(1991, 130, 'MAD', 'Maalhosmadulu Dhekunu', 1),
(1992, 130, 'FAA', 'Faadhippolhu', 1),
(1993, 130, 'MAA', 'Male Atoll', 1),
(1994, 130, 'AAU', 'Ari Atoll Uthuru', 1),
(1995, 130, 'AAD', 'Ari Atoll Dheknu', 1),
(1996, 130, 'FEA', 'Felidhe Atoll', 1),
(1997, 130, 'MUA', 'Mulaku Atoll', 1),
(1998, 130, 'NAU', 'Nilandhe Atoll Uthuru', 1),
(1999, 130, 'NAD', 'Nilandhe Atoll Dhekunu', 1),
(2000, 130, 'KLH', 'Kolhumadulu', 1),
(2001, 130, 'HDH', 'Hadhdhunmathi', 1),
(2002, 130, 'HAU', 'Huvadhu Atoll Uthuru', 1),
(2003, 130, 'HAD', 'Huvadhu Atoll Dhekunu', 1),
(2004, 130, 'FMU', 'Fua Mulaku', 1),
(2005, 130, 'ADD', 'Addu', 1),
(2006, 131, 'GA', 'Gao', 1),
(2007, 131, 'KY', 'Kayes', 1),
(2008, 131, 'KD', 'Kidal', 1),
(2009, 131, 'KL', 'Koulikoro', 1),
(2010, 131, 'MP', 'Mopti', 1),
(2011, 131, 'SG', 'Segou', 1),
(2012, 131, 'SK', 'Sikasso', 1),
(2013, 131, 'TB', 'Tombouctou', 1),
(2014, 131, 'CD', 'Bamako Capital District', 1),
(2015, 132, 'ATT', 'Attard', 1),
(2016, 132, 'BAL', 'Balzan', 1),
(2017, 132, 'BGU', 'Birgu', 1),
(2018, 132, 'BKK', 'Birkirkara', 1),
(2019, 132, 'BRZ', 'Birzebbuga', 1),
(2020, 132, 'BOR', 'Bormla', 1),
(2021, 132, 'DIN', 'Dingli', 1),
(2022, 132, 'FGU', 'Fgura', 1),
(2023, 132, 'FLO', 'Floriana', 1),
(2024, 132, 'GDJ', 'Gudja', 1),
(2025, 132, 'GZR', 'Gzira', 1),
(2026, 132, 'GRG', 'Gargur', 1),
(2027, 132, 'GXQ', 'Gaxaq', 1),
(2028, 132, 'HMR', 'Hamrun', 1),
(2029, 132, 'IKL', 'Iklin', 1),
(2030, 132, 'ISL', 'Isla', 1),
(2031, 132, 'KLK', 'Kalkara', 1),
(2032, 132, 'KRK', 'Kirkop', 1),
(2033, 132, 'LIJ', 'Lija', 1),
(2034, 132, 'LUQ', 'Luqa', 1),
(2035, 132, 'MRS', 'Marsa', 1),
(2036, 132, 'MKL', 'Marsaskala', 1),
(2037, 132, 'MXL', 'Marsaxlokk', 1),
(2038, 132, 'MDN', 'Mdina', 1),
(2039, 132, 'MEL', 'Melliea', 1),
(2040, 132, 'MGR', 'Mgarr', 1),
(2041, 132, 'MST', 'Mosta', 1),
(2042, 132, 'MQA', 'Mqabba', 1),
(2043, 132, 'MSI', 'Msida', 1),
(2044, 132, 'MTF', 'Mtarfa', 1),
(2045, 132, 'NAX', 'Naxxar', 1),
(2046, 132, 'PAO', 'Paola', 1),
(2047, 132, 'PEM', 'Pembroke', 1),
(2048, 132, 'PIE', 'Pieta', 1),
(2049, 132, 'QOR', 'Qormi', 1),
(2050, 132, 'QRE', 'Qrendi', 1),
(2051, 132, 'RAB', 'Rabat', 1),
(2052, 132, 'SAF', 'Safi', 1),
(2053, 132, 'SGI', 'San Giljan', 1),
(2054, 132, 'SLU', 'Santa Lucija', 1),
(2055, 132, 'SPB', 'San Pawl il-Bahar', 1),
(2056, 132, 'SGW', 'San Gwann', 1),
(2057, 132, 'SVE', 'Santa Venera', 1),
(2058, 132, 'SIG', 'Siggiewi', 1),
(2059, 132, 'SLM', 'Sliema', 1),
(2060, 132, 'SWQ', 'Swieqi', 1),
(2061, 132, 'TXB', 'Ta Xbiex', 1),
(2062, 132, 'TRX', 'Tarxien', 1),
(2063, 132, 'VLT', 'Valletta', 1),
(2064, 132, 'XGJ', 'Xgajra', 1),
(2065, 132, 'ZBR', 'Zabbar', 1),
(2066, 132, 'ZBG', 'Zebbug', 1),
(2067, 132, 'ZJT', 'Zejtun', 1),
(2068, 132, 'ZRQ', 'Zurrieq', 1),
(2069, 132, 'FNT', 'Fontana', 1),
(2070, 132, 'GHJ', 'Ghajnsielem', 1),
(2071, 132, 'GHR', 'Gharb', 1),
(2072, 132, 'GHS', 'Ghasri', 1),
(2073, 132, 'KRC', 'Kercem', 1),
(2074, 132, 'MUN', 'Munxar', 1),
(2075, 132, 'NAD', 'Nadur', 1),
(2076, 132, 'QAL', 'Qala', 1),
(2077, 132, 'VIC', 'Victoria', 1),
(2078, 132, 'SLA', 'San Lawrenz', 1),
(2079, 132, 'SNT', 'Sannat', 1),
(2080, 132, 'ZAG', 'Xagra', 1),
(2081, 132, 'XEW', 'Xewkija', 1),
(2082, 132, 'ZEB', 'Zebbug', 1),
(2083, 133, 'ALG', 'Ailinginae', 1),
(2084, 133, 'ALL', 'Ailinglaplap', 1),
(2085, 133, 'ALK', 'Ailuk', 1),
(2086, 133, 'ARN', 'Arno', 1),
(2087, 133, 'AUR', 'Aur', 1),
(2088, 133, 'BKR', 'Bikar', 1),
(2089, 133, 'BKN', 'Bikini', 1),
(2090, 133, 'BKK', 'Bokak', 1),
(2091, 133, 'EBN', 'Ebon', 1),
(2092, 133, 'ENT', 'Enewetak', 1),
(2093, 133, 'EKB', 'Erikub', 1),
(2094, 133, 'JBT', 'Jabat', 1),
(2095, 133, 'JLT', 'Jaluit', 1),
(2096, 133, 'JEM', 'Jemo', 1),
(2097, 133, 'KIL', 'Kili', 1),
(2098, 133, 'KWJ', 'Kwajalein', 1),
(2099, 133, 'LAE', 'Lae', 1),
(2100, 133, 'LIB', 'Lib', 1),
(2101, 133, 'LKP', 'Likiep', 1),
(2102, 133, 'MJR', 'Majuro', 1),
(2103, 133, 'MLP', 'Maloelap', 1),
(2104, 133, 'MJT', 'Mejit', 1),
(2105, 133, 'MIL', 'Mili', 1),
(2106, 133, 'NMK', 'Namorik', 1),
(2107, 133, 'NAM', 'Namu', 1),
(2108, 133, 'RGL', 'Rongelap', 1),
(2109, 133, 'RGK', 'Rongrik', 1),
(2110, 133, 'TOK', 'Toke', 1),
(2111, 133, 'UJA', 'Ujae', 1),
(2112, 133, 'UJL', 'Ujelang', 1),
(2113, 133, 'UTK', 'Utirik', 1),
(2114, 133, 'WTH', 'Wotho', 1),
(2115, 133, 'WTJ', 'Wotje', 1),
(2116, 135, 'AD', 'Adrar', 1),
(2117, 135, 'AS', 'Assaba', 1),
(2118, 135, 'BR', 'Brakna', 1),
(2119, 135, 'DN', 'Dakhlet Nouadhibou', 1),
(2120, 135, 'GO', 'Gorgol', 1),
(2121, 135, 'GM', 'Guidimaka', 1),
(2122, 135, 'HC', 'Hodh Ech Chargui', 1),
(2123, 135, 'HG', 'Hodh El Gharbi', 1),
(2124, 135, 'IN', 'Inchiri', 1),
(2125, 135, 'TA', 'Tagant', 1),
(2126, 135, 'TZ', 'Tiris Zemmour', 1),
(2127, 135, 'TR', 'Trarza', 1),
(2128, 135, 'NO', 'Nouakchott', 1),
(2129, 136, 'BR', 'Beau Bassin-Rose Hill', 1),
(2130, 136, 'CU', 'Curepipe', 1),
(2131, 136, 'PU', 'Port Louis', 1),
(2132, 136, 'QB', 'Quatre Bornes', 1),
(2133, 136, 'VP', 'Vacoas-Phoenix', 1),
(2134, 136, 'AG', 'Agalega Islands', 1),
(2135, 136, 'CC', 'Cargados Carajos Shoals (Saint Brandon Islands)', 1),
(2136, 136, 'RO', 'Rodrigues', 1),
(2137, 136, 'BL', 'Black River', 1),
(2138, 136, 'FL', 'Flacq', 1),
(2139, 136, 'GP', 'Grand Port', 1),
(2140, 136, 'MO', 'Moka', 1),
(2141, 136, 'PA', 'Pamplemousses', 1),
(2142, 136, 'PW', 'Plaines Wilhems', 1),
(2143, 136, 'PL', 'Port Louis', 1),
(2144, 136, 'RR', 'Riviere du Rempart', 1),
(2145, 136, 'SA', 'Savanne', 1),
(2146, 138, 'BN', 'Baja California Norte', 1),
(2147, 138, 'BS', 'Baja California Sur', 1),
(2148, 138, 'CA', 'Campeche', 1),
(2149, 138, 'CI', 'Chiapas', 1),
(2150, 138, 'CH', 'Chihuahua', 1),
(2151, 138, 'CZ', 'Coahuila de Zaragoza', 1),
(2152, 138, 'CL', 'Colima', 1),
(2153, 138, 'DF', 'Distrito Federal', 1),
(2154, 138, 'DU', 'Durango', 1),
(2155, 138, 'GA', 'Guanajuato', 1),
(2156, 138, 'GE', 'Guerrero', 1),
(2157, 138, 'HI', 'Hidalgo', 1),
(2158, 138, 'JA', 'Jalisco', 1),
(2159, 138, 'ME', 'Mexico', 1),
(2160, 138, 'MI', 'Michoacan de Ocampo', 1),
(2161, 138, 'MO', 'Morelos', 1),
(2162, 138, 'NA', 'Nayarit', 1),
(2163, 138, 'NL', 'Nuevo Leon', 1),
(2164, 138, 'OA', 'Oaxaca', 1),
(2165, 138, 'PU', 'Puebla', 1),
(2166, 138, 'QA', 'Queretaro de Arteaga', 1),
(2167, 138, 'QR', 'Quintana Roo', 1),
(2168, 138, 'SA', 'San Luis Potosi', 1),
(2169, 138, 'SI', 'Sinaloa', 1),
(2170, 138, 'SO', 'Sonora', 1),
(2171, 138, 'TB', 'Tabasco', 1),
(2172, 138, 'TM', 'Tamaulipas', 1),
(2173, 138, 'TL', 'Tlaxcala', 1),
(2174, 138, 'VE', 'Veracruz-Llave', 1),
(2175, 138, 'YU', 'Yucatan', 1),
(2176, 138, 'ZA', 'Zacatecas', 1),
(2177, 139, 'C', 'Chuuk', 1),
(2178, 139, 'K', 'Kosrae', 1),
(2179, 139, 'P', 'Pohnpei', 1),
(2180, 139, 'Y', 'Yap', 1),
(2181, 140, 'GA', 'Gagauzia', 1),
(2182, 140, 'CU', 'Chisinau', 1),
(2183, 140, 'BA', 'Balti', 1),
(2184, 140, 'CA', 'Cahul', 1),
(2185, 140, 'ED', 'Edinet', 1),
(2186, 140, 'LA', 'Lapusna', 1),
(2187, 140, 'OR', 'Orhei', 1),
(2188, 140, 'SO', 'Soroca', 1),
(2189, 140, 'TI', 'Tighina', 1),
(2190, 140, 'UN', 'Ungheni', 1),
(2191, 140, 'SN', 'St‚nga Nistrului', 1),
(2192, 141, 'FV', 'Fontvieille', 1),
(2193, 141, 'LC', 'La Condamine', 1),
(2194, 141, 'MV', 'Monaco-Ville', 1),
(2195, 141, 'MC', 'Monte-Carlo', 1),
(2196, 142, '1', 'Ulanbaatar', 1),
(2197, 142, '035', 'Orhon', 1),
(2198, 142, '037', 'Darhan uul', 1),
(2199, 142, '039', 'Hentiy', 1),
(2200, 142, '041', 'Hovsgol', 1),
(2201, 142, '043', 'Hovd', 1),
(2202, 142, '046', 'Uvs', 1),
(2203, 142, '047', 'Tov', 1),
(2204, 142, '049', 'Selenge', 1),
(2205, 142, '051', 'Suhbaatar', 1),
(2206, 142, '053', 'Omnogovi', 1),
(2207, 142, '055', 'Ovorhangay', 1),
(2208, 142, '057', 'Dzavhan', 1),
(2209, 142, '059', 'DundgovL', 1),
(2210, 142, '061', 'Dornod', 1),
(2211, 142, '063', 'Dornogov', 1),
(2212, 142, '064', 'Govi-Sumber', 1),
(2213, 142, '065', 'Govi-Altay', 1),
(2214, 142, '067', 'Bulgan', 1),
(2215, 142, '069', 'Bayanhongor', 1),
(2216, 142, '071', 'Bayan-Olgiy', 1),
(2217, 142, '073', 'Arhangay', 1),
(2218, 143, 'A', 'Saint Anthony', 1),
(2219, 143, 'G', 'Saint Georges', 1),
(2220, 143, 'P', 'Saint Peter', 1),
(2221, 144, 'AGD', 'Agadir', 1),
(2222, 144, 'HOC', 'Al Hoceima', 1),
(2223, 144, 'AZI', 'Azilal', 1),
(2224, 144, 'BME', 'Beni Mellal', 1),
(2225, 144, 'BSL', 'Ben Slimane', 1),
(2226, 144, 'BLM', 'Boulemane', 1),
(2227, 144, 'CBL', 'Casablanca', 1),
(2228, 144, 'CHA', 'Chaouen', 1),
(2229, 144, 'EJA', 'El Jadida', 1),
(2230, 144, 'EKS', 'El Kelaa des Sraghna', 1),
(2231, 144, 'ERA', 'Er Rachidia', 1),
(2232, 144, 'ESS', 'Essaouira', 1),
(2233, 144, 'FES', 'Fes', 1),
(2234, 144, 'FIG', 'Figuig', 1),
(2235, 144, 'GLM', 'Guelmim', 1),
(2236, 144, 'IFR', 'Ifrane', 1),
(2237, 144, 'KEN', 'Kenitra', 1),
(2238, 144, 'KHM', 'Khemisset', 1),
(2239, 144, 'KHN', 'Khenifra', 1),
(2240, 144, 'KHO', 'Khouribga', 1),
(2241, 144, 'LYN', 'Laayoune', 1),
(2242, 144, 'LAR', 'Larache', 1),
(2243, 144, 'MRK', 'Marrakech', 1),
(2244, 144, 'MKN', 'Meknes', 1),
(2245, 144, 'NAD', 'Nador', 1),
(2246, 144, 'ORZ', 'Ouarzazate', 1),
(2247, 144, 'OUJ', 'Oujda', 1),
(2248, 144, 'RSA', 'Rabat-Sale', 1),
(2249, 144, 'SAF', 'Safi', 1),
(2250, 144, 'SET', 'Settat', 1),
(2251, 144, 'SKA', 'Sidi Kacem', 1),
(2252, 144, 'TGR', 'Tangier', 1),
(2253, 144, 'TAN', 'Tan-Tan', 1),
(2254, 144, 'TAO', 'Taounate', 1),
(2255, 144, 'TRD', 'Taroudannt', 1),
(2256, 144, 'TAT', 'Tata', 1),
(2257, 144, 'TAZ', 'Taza', 1),
(2258, 144, 'TET', 'Tetouan', 1),
(2259, 144, 'TIZ', 'Tiznit', 1),
(2260, 144, 'ADK', 'Ad Dakhla', 1),
(2261, 144, 'BJD', 'Boujdour', 1),
(2262, 144, 'ESM', 'Es Smara', 1),
(2263, 145, 'CD', 'Cabo Delgado', 1),
(2264, 145, 'GZ', 'Gaza', 1),
(2265, 145, 'IN', 'Inhambane', 1),
(2266, 145, 'MN', 'Manica', 1),
(2267, 145, 'MC', 'Maputo (city)', 1),
(2268, 145, 'MP', 'Maputo', 1),
(2269, 145, 'NA', 'Nampula', 1),
(2270, 145, 'NI', 'Niassa', 1),
(2271, 145, 'SO', 'Sofala', 1),
(2272, 145, 'TE', 'Tete', 1),
(2273, 145, 'ZA', 'Zambezia', 1),
(2274, 146, 'AY', 'Ayeyarwady', 1),
(2275, 146, 'BG', 'Bago', 1),
(2276, 146, 'MG', 'Magway', 1),
(2277, 146, 'MD', 'Mandalay', 1),
(2278, 146, 'SG', 'Sagaing', 1),
(2279, 146, 'TN', 'Tanintharyi', 1),
(2280, 146, 'YG', 'Yangon', 1),
(2281, 146, 'CH', 'Chin State', 1),
(2282, 146, 'KC', 'Kachin State', 1),
(2283, 146, 'KH', 'Kayah State', 1),
(2284, 146, 'KN', 'Kayin State', 1),
(2285, 146, 'MN', 'Mon State', 1),
(2286, 146, 'RK', 'Rakhine State', 1),
(2287, 146, 'SH', 'Shan State', 1),
(2288, 147, 'CA', 'Caprivi', 1),
(2289, 147, 'ER', 'Erongo', 1),
(2290, 147, 'HA', 'Hardap', 1),
(2291, 147, 'KR', 'Karas', 1),
(2292, 147, 'KV', 'Kavango', 1),
(2293, 147, 'KH', 'Khomas', 1),
(2294, 147, 'KU', 'Kunene', 1),
(2295, 147, 'OW', 'Ohangwena', 1),
(2296, 147, 'OK', 'Omaheke', 1),
(2297, 147, 'OT', 'Omusati', 1),
(2298, 147, 'ON', 'Oshana', 1),
(2299, 147, 'OO', 'Oshikoto', 1),
(2300, 147, 'OJ', 'Otjozondjupa', 1),
(2301, 148, 'AO', 'Aiwo', 1),
(2302, 148, 'AA', 'Anabar', 1),
(2303, 148, 'AT', 'Anetan', 1),
(2304, 148, 'AI', 'Anibare', 1),
(2305, 148, 'BA', 'Baiti', 1),
(2306, 148, 'BO', 'Boe', 1),
(2307, 148, 'BU', 'Buada', 1),
(2308, 148, 'DE', 'Denigomodu', 1),
(2309, 148, 'EW', 'Ewa', 1),
(2310, 148, 'IJ', 'Ijuw', 1),
(2311, 148, 'ME', 'Meneng', 1),
(2312, 148, 'NI', 'Nibok', 1),
(2313, 148, 'UA', 'Uaboe', 1),
(2314, 148, 'YA', 'Yaren', 1),
(2315, 149, 'BA', 'Bagmati', 1),
(2316, 149, 'BH', 'Bheri', 1),
(2317, 149, 'DH', 'Dhawalagiri', 1),
(2318, 149, 'GA', 'Gandaki', 1),
(2319, 149, 'JA', 'Janakpur', 1),
(2320, 149, 'KA', 'Karnali', 1),
(2321, 149, 'KO', 'Kosi', 1),
(2322, 149, 'LU', 'Lumbini', 1),
(2323, 149, 'MA', 'Mahakali', 1),
(2324, 149, 'ME', 'Mechi', 1),
(2325, 149, 'NA', 'Narayani', 1),
(2326, 149, 'RA', 'Rapti', 1),
(2327, 149, 'SA', 'Sagarmatha', 1),
(2328, 149, 'SE', 'Seti', 1),
(2329, 150, 'DR', 'Drenthe', 1),
(2330, 150, 'FL', 'Flevoland', 1),
(2331, 150, 'FR', 'Friesland', 1),
(2332, 150, 'GE', 'Gelderland', 1),
(2333, 150, 'GR', 'Groningen', 1),
(2334, 150, 'LI', 'Limburg', 1),
(2335, 150, 'NB', 'Noord Brabant', 1),
(2336, 150, 'NH', 'Noord Holland', 1),
(2337, 150, 'OV', 'Overijssel', 1),
(2338, 150, 'UT', 'Utrecht', 1),
(2339, 150, 'ZE', 'Zeeland', 1),
(2340, 150, 'ZH', 'Zuid Holland', 1),
(2341, 152, 'L', 'Iles Loyaute', 1),
(2342, 152, 'N', 'Nord', 1),
(2343, 152, 'S', 'Sud', 1),
(2344, 153, 'AUK', 'Auckland', 1),
(2345, 153, 'BOP', 'Bay of Plenty', 1),
(2346, 153, 'CAN', 'Canterbury', 1),
(2347, 153, 'COR', 'Coromandel', 1),
(2348, 153, 'GIS', 'Gisborne', 1),
(2349, 153, 'FIO', 'Fiordland', 1),
(2350, 153, 'HKB', 'Hawke''s Bay', 1),
(2351, 153, 'MBH', 'Marlborough', 1),
(2352, 153, 'MWT', 'Manawatu-Wanganui', 1),
(2353, 153, 'MCM', 'Mt Cook-Mackenzie', 1),
(2354, 153, 'NSN', 'Nelson', 1),
(2355, 153, 'NTL', 'Northland', 1),
(2356, 153, 'OTA', 'Otago', 1),
(2357, 153, 'STL', 'Southland', 1),
(2358, 153, 'TKI', 'Taranaki', 1),
(2359, 153, 'WGN', 'Wellington', 1),
(2360, 153, 'WKO', 'Waikato', 1),
(2361, 153, 'WAI', 'Wairprarapa', 1),
(2362, 153, 'WTC', 'West Coast', 1),
(2363, 154, 'AN', 'Atlantico Norte', 1),
(2364, 154, 'AS', 'Atlantico Sur', 1),
(2365, 154, 'BO', 'Boaco', 1),
(2366, 154, 'CA', 'Carazo', 1),
(2367, 154, 'CI', 'Chinandega', 1),
(2368, 154, 'CO', 'Chontales', 1),
(2369, 154, 'ES', 'Esteli', 1),
(2370, 154, 'GR', 'Granada', 1),
(2371, 154, 'JI', 'Jinotega', 1),
(2372, 154, 'LE', 'Leon', 1),
(2373, 154, 'MD', 'Madriz', 1),
(2374, 154, 'MN', 'Managua', 1),
(2375, 154, 'MS', 'Masaya', 1),
(2376, 154, 'MT', 'Matagalpa', 1),
(2377, 154, 'NS', 'Nuevo Segovia', 1),
(2378, 154, 'RS', 'Rio San Juan', 1),
(2379, 154, 'RI', 'Rivas', 1),
(2380, 155, 'AG', 'Agadez', 1),
(2381, 155, 'DF', 'Diffa', 1),
(2382, 155, 'DS', 'Dosso', 1),
(2383, 155, 'MA', 'Maradi', 1),
(2384, 155, 'NM', 'Niamey', 1),
(2385, 155, 'TH', 'Tahoua', 1),
(2386, 155, 'TL', 'Tillaberi', 1),
(2387, 155, 'ZD', 'Zinder', 1),
(2388, 156, 'AB', 'Abia', 1),
(2389, 156, 'CT', 'Abuja Federal Capital Territory', 1),
(2390, 156, 'AD', 'Adamawa', 1),
(2391, 156, 'AK', 'Akwa Ibom', 1),
(2392, 156, 'AN', 'Anambra', 1),
(2393, 156, 'BC', 'Bauchi', 1),
(2394, 156, 'BY', 'Bayelsa', 1),
(2395, 156, 'BN', 'Benue', 1),
(2396, 156, 'BO', 'Borno', 1),
(2397, 156, 'CR', 'Cross River', 1),
(2398, 156, 'DE', 'Delta', 1),
(2399, 156, 'EB', 'Ebonyi', 1),
(2400, 156, 'ED', 'Edo', 1),
(2401, 156, 'EK', 'Ekiti', 1),
(2402, 156, 'EN', 'Enugu', 1),
(2403, 156, 'GO', 'Gombe', 1),
(2404, 156, 'IM', 'Imo', 1),
(2405, 156, 'JI', 'Jigawa', 1),
(2406, 156, 'KD', 'Kaduna', 1),
(2407, 156, 'KN', 'Kano', 1),
(2408, 156, 'KT', 'Katsina', 1),
(2409, 156, 'KE', 'Kebbi', 1),
(2410, 156, 'KO', 'Kogi', 1),
(2411, 156, 'KW', 'Kwara', 1),
(2412, 156, 'LA', 'Lagos', 1),
(2413, 156, 'NA', 'Nassarawa', 1),
(2414, 156, 'NI', 'Niger', 1),
(2415, 156, 'OG', 'Ogun', 1),
(2416, 156, 'ONG', 'Ondo', 1),
(2417, 156, 'OS', 'Osun', 1),
(2418, 156, 'OY', 'Oyo', 1),
(2419, 156, 'PL', 'Plateau', 1),
(2420, 156, 'RI', 'Rivers', 1),
(2421, 156, 'SO', 'Sokoto', 1),
(2422, 156, 'TA', 'Taraba', 1),
(2423, 156, 'YO', 'Yobe', 1),
(2424, 156, 'ZA', 'Zamfara', 1),
(2425, 159, 'N', 'Northern Islands', 1),
(2426, 159, 'R', 'Rota', 1),
(2427, 159, 'S', 'Saipan', 1),
(2428, 159, 'T', 'Tinian', 1),
(2429, 160, 'AK', 'Akershus', 1),
(2430, 160, 'AA', 'Aust-Agder', 1),
(2431, 160, 'BU', 'Buskerud', 1),
(2432, 160, 'FM', 'Finnmark', 1),
(2433, 160, 'HM', 'Hedmark', 1),
(2434, 160, 'HL', 'Hordaland', 1),
(2435, 160, 'MR', 'More og Romdal', 1),
(2436, 160, 'NT', 'Nord-Trondelag', 1),
(2437, 160, 'NL', 'Nordland', 1),
(2438, 160, 'OF', 'Ostfold', 1),
(2439, 160, 'OP', 'Oppland', 1),
(2440, 160, 'OL', 'Oslo', 1),
(2441, 160, 'RL', 'Rogaland', 1),
(2442, 160, 'ST', 'Sor-Trondelag', 1),
(2443, 160, 'SJ', 'Sogn og Fjordane', 1),
(2444, 160, 'SV', 'Svalbard', 1),
(2445, 160, 'TM', 'Telemark', 1),
(2446, 160, 'TR', 'Troms', 1),
(2447, 160, 'VA', 'Vest-Agder', 1),
(2448, 160, 'VF', 'Vestfold', 1),
(2449, 161, 'DA', 'Ad Dakhiliyah', 1),
(2450, 161, 'BA', 'Al Batinah', 1),
(2451, 161, 'WU', 'Al Wusta', 1),
(2452, 161, 'SH', 'Ash Sharqiyah', 1),
(2453, 161, 'ZA', 'Az Zahirah', 1),
(2454, 161, 'MA', 'Masqat', 1),
(2455, 161, 'MU', 'Musandam', 1),
(2456, 161, 'ZU', 'Zufar', 1),
(2457, 162, 'B', 'Balochistan', 1),
(2458, 162, 'T', 'Federally Administered Tribal Areas', 1),
(2459, 162, 'I', 'Islamabad Capital Territory', 1),
(2460, 162, 'N', 'North-West Frontier', 1),
(2461, 162, 'P', 'Punjab', 1),
(2462, 162, 'S', 'Sindh', 1),
(2463, 163, 'AM', 'Aimeliik', 1),
(2464, 163, 'AR', 'Airai', 1),
(2465, 163, 'AN', 'Angaur', 1),
(2466, 163, 'HA', 'Hatohobei', 1),
(2467, 163, 'KA', 'Kayangel', 1),
(2468, 163, 'KO', 'Koror', 1),
(2469, 163, 'ME', 'Melekeok', 1),
(2470, 163, 'NA', 'Ngaraard', 1),
(2471, 163, 'NG', 'Ngarchelong', 1),
(2472, 163, 'ND', 'Ngardmau', 1),
(2473, 163, 'NT', 'Ngatpang', 1),
(2474, 163, 'NC', 'Ngchesar', 1),
(2475, 163, 'NR', 'Ngeremlengui', 1),
(2476, 163, 'NW', 'Ngiwal', 1),
(2477, 163, 'PE', 'Peleliu', 1),
(2478, 163, 'SO', 'Sonsorol', 1),
(2479, 164, 'BT', 'Bocas del Toro', 1),
(2480, 164, 'CH', 'Chiriqui', 1),
(2481, 164, 'CC', 'Cocle', 1),
(2482, 164, 'CL', 'Colon', 1),
(2483, 164, 'DA', 'Darien', 1),
(2484, 164, 'HE', 'Herrera', 1),
(2485, 164, 'LS', 'Los Santos', 1),
(2486, 164, 'PA', 'Panama', 1),
(2487, 164, 'SB', 'San Blas', 1),
(2488, 164, 'VG', 'Veraguas', 1),
(2489, 165, 'BV', 'Bougainville', 1),
(2490, 165, 'CE', 'Central', 1),
(2491, 165, 'CH', 'Chimbu', 1),
(2492, 165, 'EH', 'Eastern Highlands', 1),
(2493, 165, 'EB', 'East New Britain', 1),
(2494, 165, 'ES', 'East Sepik', 1),
(2495, 165, 'EN', 'Enga', 1),
(2496, 165, 'GU', 'Gulf', 1),
(2497, 165, 'MD', 'Madang', 1),
(2498, 165, 'MN', 'Manus', 1),
(2499, 165, 'MB', 'Milne Bay', 1),
(2500, 165, 'MR', 'Morobe', 1),
(2501, 165, 'NC', 'National Capital', 1),
(2502, 165, 'NI', 'New Ireland', 1),
(2503, 165, 'NO', 'Northern', 1),
(2504, 165, 'SA', 'Sandaun', 1),
(2505, 165, 'SH', 'Southern Highlands', 1),
(2506, 165, 'WE', 'Western', 1),
(2507, 165, 'WH', 'Western Highlands', 1),
(2508, 165, 'WB', 'West New Britain', 1),
(2509, 166, 'AG', 'Alto Paraguay', 1),
(2510, 166, 'AN', 'Alto Parana', 1),
(2511, 166, 'AM', 'Amambay', 1),
(2512, 166, 'AS', 'Asuncion', 1),
(2513, 166, 'BO', 'Boqueron', 1),
(2514, 166, 'CG', 'Caaguazu', 1),
(2515, 166, 'CZ', 'Caazapa', 1),
(2516, 166, 'CN', 'Canindeyu', 1),
(2517, 166, 'CE', 'Central', 1),
(2518, 166, 'CC', 'Concepcion', 1),
(2519, 166, 'CD', 'Cordillera', 1),
(2520, 166, 'GU', 'Guaira', 1),
(2521, 166, 'IT', 'Itapua', 1),
(2522, 166, 'MI', 'Misiones', 1),
(2523, 166, 'NE', 'Neembucu', 1),
(2524, 166, 'PA', 'Paraguari', 1),
(2525, 166, 'PH', 'Presidente Hayes', 1),
(2526, 166, 'SP', 'San Pedro', 1),
(2527, 167, 'AM', 'Amazonas', 1),
(2528, 167, 'AN', 'Ancash', 1),
(2529, 167, 'AP', 'Apurimac', 1),
(2530, 167, 'AR', 'Arequipa', 1),
(2531, 167, 'AY', 'Ayacucho', 1),
(2532, 167, 'CJ', 'Cajamarca', 1),
(2533, 167, 'CL', 'Callao', 1),
(2534, 167, 'CU', 'Cusco', 1),
(2535, 167, 'HV', 'Huancavelica', 1),
(2536, 167, 'HO', 'Huanuco', 1),
(2537, 167, 'IC', 'Ica', 1),
(2538, 167, 'JU', 'Junin', 1),
(2539, 167, 'LD', 'La Libertad', 1),
(2540, 167, 'LY', 'Lambayeque', 1),
(2541, 167, 'LI', 'Lima', 1),
(2542, 167, 'LO', 'Loreto', 1),
(2543, 167, 'MD', 'Madre de Dios', 1),
(2544, 167, 'MO', 'Moquegua', 1),
(2545, 167, 'PA', 'Pasco', 1),
(2546, 167, 'PI', 'Piura', 1),
(2547, 167, 'PU', 'Puno', 1),
(2548, 167, 'SM', 'San Martin', 1),
(2549, 167, 'TA', 'Tacna', 1),
(2550, 167, 'TU', 'Tumbes', 1),
(2551, 167, 'UC', 'Ucayali', 1),
(2552, 168, 'ABR', 'Abra', 1),
(2553, 168, 'ANO', 'Agusan del Norte', 1),
(2554, 168, 'ASU', 'Agusan del Sur', 1),
(2555, 168, 'AKL', 'Aklan', 1),
(2556, 168, 'ALB', 'Albay', 1),
(2557, 168, 'ANT', 'Antique', 1),
(2558, 168, 'APY', 'Apayao', 1),
(2559, 168, 'AUR', 'Aurora', 1),
(2560, 168, 'BAS', 'Basilan', 1),
(2561, 168, 'BTA', 'Bataan', 1),
(2562, 168, 'BTE', 'Batanes', 1),
(2563, 168, 'BTG', 'Batangas', 1),
(2564, 168, 'BLR', 'Biliran', 1),
(2565, 168, 'BEN', 'Benguet', 1),
(2566, 168, 'BOL', 'Bohol', 1),
(2567, 168, 'BUK', 'Bukidnon', 1),
(2568, 168, 'BUL', 'Bulacan', 1),
(2569, 168, 'CAG', 'Cagayan', 1),
(2570, 168, 'CNO', 'Camarines Norte', 1),
(2571, 168, 'CSU', 'Camarines Sur', 1),
(2572, 168, 'CAM', 'Camiguin', 1),
(2573, 168, 'CAP', 'Capiz', 1),
(2574, 168, 'CAT', 'Catanduanes', 1),
(2575, 168, 'CAV', 'Cavite', 1),
(2576, 168, 'CEB', 'Cebu', 1),
(2577, 168, 'CMP', 'Compostela', 1),
(2578, 168, 'DNO', 'Davao del Norte', 1),
(2579, 168, 'DSU', 'Davao del Sur', 1),
(2580, 168, 'DOR', 'Davao Oriental', 1),
(2581, 168, 'ESA', 'Eastern Samar', 1),
(2582, 168, 'GUI', 'Guimaras', 1),
(2583, 168, 'IFU', 'Ifugao', 1),
(2584, 168, 'INO', 'Ilocos Norte', 1),
(2585, 168, 'ISU', 'Ilocos Sur', 1),
(2586, 168, 'ILO', 'Iloilo', 1),
(2587, 168, 'ISA', 'Isabela', 1),
(2588, 168, 'KAL', 'Kalinga', 1),
(2589, 168, 'LAG', 'Laguna', 1),
(2590, 168, 'LNO', 'Lanao del Norte', 1),
(2591, 168, 'LSU', 'Lanao del Sur', 1),
(2592, 168, 'UNI', 'La Union', 1),
(2593, 168, 'LEY', 'Leyte', 1),
(2594, 168, 'MAG', 'Maguindanao', 1),
(2595, 168, 'MRN', 'Marinduque', 1),
(2596, 168, 'MSB', 'Masbate', 1),
(2597, 168, 'MIC', 'Mindoro Occidental', 1),
(2598, 168, 'MIR', 'Mindoro Oriental', 1),
(2599, 168, 'MSC', 'Misamis Occidental', 1),
(2600, 168, 'MOR', 'Misamis Oriental', 1),
(2601, 168, 'MOP', 'Mountain', 1),
(2602, 168, 'NOC', 'Negros Occidental', 1),
(2603, 168, 'NOR', 'Negros Oriental', 1),
(2604, 168, 'NCT', 'North Cotabato', 1),
(2605, 168, 'NSM', 'Northern Samar', 1),
(2606, 168, 'NEC', 'Nueva Ecija', 1),
(2607, 168, 'NVZ', 'Nueva Vizcaya', 1),
(2608, 168, 'PLW', 'Palawan', 1),
(2609, 168, 'PMP', 'Pampanga', 1),
(2610, 168, 'PNG', 'Pangasinan', 1),
(2611, 168, 'QZN', 'Quezon', 1),
(2612, 168, 'QRN', 'Quirino', 1),
(2613, 168, 'RIZ', 'Rizal', 1),
(2614, 168, 'ROM', 'Romblon', 1),
(2615, 168, 'SMR', 'Samar', 1),
(2616, 168, 'SRG', 'Sarangani', 1),
(2617, 168, 'SQJ', 'Siquijor', 1),
(2618, 168, 'SRS', 'Sorsogon', 1),
(2619, 168, 'SCO', 'South Cotabato', 1),
(2620, 168, 'SLE', 'Southern Leyte', 1),
(2621, 168, 'SKU', 'Sultan Kudarat', 1),
(2622, 168, 'SLU', 'Sulu', 1),
(2623, 168, 'SNO', 'Surigao del Norte', 1),
(2624, 168, 'SSU', 'Surigao del Sur', 1),
(2625, 168, 'TAR', 'Tarlac', 1),
(2626, 168, 'TAW', 'Tawi-Tawi', 1),
(2627, 168, 'ZBL', 'Zambales', 1),
(2628, 168, 'ZNO', 'Zamboanga del Norte', 1),
(2629, 168, 'ZSU', 'Zamboanga del Sur', 1),
(2630, 168, 'ZSI', 'Zamboanga Sibugay', 1),
(2631, 170, 'DO', 'Dolnoslaskie', 1),
(2632, 170, 'KP', 'Kujawsko-Pomorskie', 1),
(2633, 170, 'LO', 'Lodzkie', 1),
(2634, 170, 'LL', 'Lubelskie', 1),
(2635, 170, 'LU', 'Lubuskie', 1),
(2636, 170, 'ML', 'Malopolskie', 1),
(2637, 170, 'MZ', 'Mazowieckie', 1),
(2638, 170, 'OP', 'Opolskie', 1),
(2639, 170, 'PP', 'Podkarpackie', 1),
(2640, 170, 'PL', 'Podlaskie', 1),
(2641, 170, 'PM', 'Pomorskie', 1),
(2642, 170, 'SL', 'Slaskie', 1),
(2643, 170, 'SW', 'Swietokrzyskie', 1),
(2644, 170, 'WM', 'Warminsko-Mazurskie', 1),
(2645, 170, 'WP', 'Wielkopolskie', 1),
(2646, 170, 'ZA', 'Zachodniopomorskie', 1),
(2647, 198, 'P', 'Saint Pierre', 1),
(2648, 198, 'M', 'Miquelon', 1),
(2649, 171, 'AC', 'A&ccedil;ores', 1),
(2650, 171, 'AV', 'Aveiro', 1),
(2651, 171, 'BE', 'Beja', 1),
(2652, 171, 'BR', 'Braga', 1),
(2653, 171, 'BA', 'Bragan&ccedil;a', 1),
(2654, 171, 'CB', 'Castelo Branco', 1),
(2655, 171, 'CO', 'Coimbra', 1),
(2656, 171, 'EV', '&Eacute;vora', 1),
(2657, 171, 'FA', 'Faro', 1),
(2658, 171, 'GU', 'Guarda', 1),
(2659, 171, 'LE', 'Leiria', 1),
(2660, 171, 'LI', 'Lisboa', 1),
(2661, 171, 'ME', 'Madeira', 1),
(2662, 171, 'PO', 'Portalegre', 1),
(2663, 171, 'PR', 'Porto', 1),
(2664, 171, 'SA', 'Santar&eacute;m', 1),
(2665, 171, 'SE', 'Set&uacute;bal', 1),
(2666, 171, 'VC', 'Viana do Castelo', 1),
(2667, 171, 'VR', 'Vila Real', 1),
(2668, 171, 'VI', 'Viseu', 1),
(2669, 173, 'DW', 'Ad Dawhah', 1),
(2670, 173, 'GW', 'Al Ghuwayriyah', 1),
(2671, 173, 'JM', 'Al Jumayliyah', 1),
(2672, 173, 'KR', 'Al Khawr', 1),
(2673, 173, 'WK', 'Al Wakrah', 1),
(2674, 173, 'RN', 'Ar Rayyan', 1),
(2675, 173, 'JB', 'Jarayan al Batinah', 1),
(2676, 173, 'MS', 'Madinat ash Shamal', 1),
(2677, 173, 'UD', 'Umm Sa''id', 1),
(2678, 173, 'UL', 'Umm Salal', 1),
(2679, 175, 'AB', 'Alba', 1),
(2680, 175, 'AR', 'Arad', 1),
(2681, 175, 'AG', 'Arges', 1),
(2682, 175, 'BC', 'Bacau', 1),
(2683, 175, 'BH', 'Bihor', 1),
(2684, 175, 'BN', 'Bistrita-Nasaud', 1),
(2685, 175, 'BT', 'Botosani', 1),
(2686, 175, 'BV', 'Brasov', 1),
(2687, 175, 'BR', 'Braila', 1),
(2688, 175, 'B', 'Bucuresti', 1),
(2689, 175, 'BZ', 'Buzau', 1),
(2690, 175, 'CS', 'Caras-Severin', 1),
(2691, 175, 'CL', 'Calarasi', 1),
(2692, 175, 'CJ', 'Cluj', 1),
(2693, 175, 'CT', 'Constanta', 1),
(2694, 175, 'CV', 'Covasna', 1),
(2695, 175, 'DB', 'Dimbovita', 1),
(2696, 175, 'DJ', 'Dolj', 1),
(2697, 175, 'GL', 'Galati', 1),
(2698, 175, 'GR', 'Giurgiu', 1),
(2699, 175, 'GJ', 'Gorj', 1),
(2700, 175, 'HR', 'Harghita', 1),
(2701, 175, 'HD', 'Hunedoara', 1),
(2702, 175, 'IL', 'Ialomita', 1),
(2703, 175, 'IS', 'Iasi', 1),
(2704, 175, 'IF', 'Ilfov', 1),
(2705, 175, 'MM', 'Maramures', 1),
(2706, 175, 'MH', 'Mehedinti', 1),
(2707, 175, 'MS', 'Mures', 1),
(2708, 175, 'NT', 'Neamt', 1),
(2709, 175, 'OT', 'Olt', 1),
(2710, 175, 'PH', 'Prahova', 1),
(2711, 175, 'SM', 'Satu-Mare', 1),
(2712, 175, 'SJ', 'Salaj', 1),
(2713, 175, 'SB', 'Sibiu', 1),
(2714, 175, 'SV', 'Suceava', 1),
(2715, 175, 'TR', 'Teleorman', 1),
(2716, 175, 'TM', 'Timis', 1),
(2717, 175, 'TL', 'Tulcea', 1),
(2718, 175, 'VS', 'Vaslui', 1),
(2719, 175, 'VL', 'Valcea', 1),
(2720, 175, 'VN', 'Vrancea', 1),
(2721, 176, 'KK', 'Республика Хакасия', 1),
(2722, 176, 'MOS', 'Московская область', 1),
(2723, 176, 'CHU', 'Чукотский АО', 1),
(2724, 176, 'ARK', 'Архангельская область', 1),
(2725, 176, 'AST', 'Астраханская область', 1),
(2726, 176, 'ALT', 'Алтайский край', 1),
(2727, 176, 'BEL', 'Белгородская область', 1),
(2728, 176, 'YEV', 'Еврейская АО', 1),
(2729, 176, 'AMU', 'Амурская область', 1),
(2730, 176, 'BRY', 'Брянская область', 1),
(2731, 176, 'CU', 'Чувашская Республика', 1),
(2732, 176, 'CHE', 'Челябинская область', 1),
(2733, 176, 'KC', 'Карачаево-Черкеcсия', 1),
(2734, 176, 'ZAB', 'Забайкальский край', 1),
(2735, 176, 'LEN', 'Ленинградская область', 1),
(2736, 176, 'KL', 'Республика Калмыкия', 1),
(2737, 176, 'SAK', 'Сахалинская область', 1),
(2738, 176, 'AL', 'Республика Алтай', 1),
(2739, 176, 'CE', 'Чеченская Республика', 1),
(2740, 176, 'IRK', 'Иркутская область', 1),
(2741, 176, 'IVA', 'Ивановская область', 1),
(2742, 176, 'UD', 'Удмуртская Республика', 1),
(2743, 176, 'KGD', 'Калининградская область', 1),
(2744, 176, 'KLU', 'Калужская область', 1),
(2746, 176, 'TA', 'Республика Татарстан', 1),
(2747, 176, 'KEM', 'Кемеровская область', 1),
(2748, 176, 'KHA', 'Хабаровский край', 1),
(2749, 176, 'KHM', 'Ханты-Мансийский АО - Югра', 1),
(2750, 176, 'KOS', 'Костромская область', 1),
(2751, 176, 'KDA', 'Краснодарский край', 1),
(2752, 176, 'KYA', 'Красноярский край', 1),
(2754, 176, 'KGN', 'Курганская область', 1),
(2755, 176, 'KRS', 'Курская область', 1),
(2756, 176, 'TY', 'Республика Тыва', 1),
(2757, 176, 'LIP', 'Липецкая область', 1),
(2758, 176, 'MAG', 'Магаданская область', 1),
(2759, 176, 'DA', 'Республика Дагестан', 1),
(2760, 176, 'AD', 'Республика Адыгея', 1),
(2761, 176, 'MOW', 'Москва', 1),
(2762, 176, 'MUR', 'Мурманская область', 1),
(2763, 176, 'KB', 'Республика Кабардино-Балкария', 1),
(2764, 176, 'NEN', 'Ненецкий АО', 1),
(2765, 176, 'IN', 'Республика Ингушетия', 1),
(2766, 176, 'NIZ', 'Нижегородская область', 1),
(2767, 176, 'NGR', 'Новгородская область', 1),
(2768, 176, 'NVS', 'Новосибирская область', 1),
(2769, 176, 'OMS', 'Омская область', 1),
(2770, 176, 'ORL', 'Орловская область', 1),
(2771, 176, 'ORE', 'Оренбургская область', 1),
(2773, 176, 'PNZ', 'Пензенская область', 1),
(2774, 176, 'PER', 'Пермский край', 1),
(2775, 176, 'KAM', 'Камчатский край', 1),
(2776, 176, 'KR', 'Республика Карелия', 1),
(2777, 176, 'PSK', 'Псковская область', 1),
(2778, 176, 'ROS', 'Ростовская область', 1),
(2779, 176, 'RYA', 'Рязанская область', 1),
(2780, 176, 'YAN', 'Ямало-Ненецкий АО', 1),
(2781, 176, 'SAM', 'Самарская область', 1),
(2782, 176, 'MO', 'Республика Мордовия', 1),
(2783, 176, 'SAR', 'Саратовская область', 1),
(2784, 176, 'SMO', 'Смоленская область', 1),
(2785, 176, 'SPE', 'Санкт-Петербург', 1),
(2786, 176, 'STA', 'Ставропольский край', 1),
(2787, 176, 'KO', 'Республика Коми', 1),
(2788, 176, 'TAM', 'Тамбовская область', 1),
(2789, 176, 'TOM', 'Томская область', 1),
(2790, 176, 'TUL', 'Тульская область', 1),
(2792, 176, 'TVE', 'Тверская область', 1),
(2793, 176, 'TYU', 'Тюменская область', 1),
(2794, 176, 'BA', 'Республика Башкортостан', 1),
(2795, 176, 'ULY', 'Ульяновская область', 1),
(2796, 176, 'BU', 'Республика Бурятия', 1),
(2798, 176, 'SE', 'Республика Северная Осетия', 1),
(2799, 176, 'VLA', 'Владимирская область', 1),
(2800, 176, 'PRI', 'Приморский край', 1),
(2801, 176, 'VGG', 'Волгоградская область', 1),
(2802, 176, 'VLG', 'Вологодская область', 1),
(2803, 176, 'VOR', 'Воронежская область', 1),
(2804, 176, 'KIR', 'Кировская область', 1),
(2805, 176, 'SA', 'Республика Саха', 1),
(2806, 176, 'YAR', 'Ярославская область', 1),
(2807, 176, 'SVE', 'Свердловская область', 1),
(2808, 176, 'ME', 'Республика Марий Эл', 1),
(2809, 177, 'BU', 'Butare', 1),
(2810, 177, 'BY', 'Byumba', 1),
(2811, 177, 'CY', 'Cyangugu', 1),
(2812, 177, 'GK', 'Gikongoro', 1),
(2813, 177, 'GS', 'Gisenyi', 1),
(2814, 177, 'GT', 'Gitarama', 1),
(2815, 177, 'KG', 'Kibungo', 1),
(2816, 177, 'KY', 'Kibuye', 1),
(2817, 177, 'KR', 'Kigali Rurale', 1),
(2818, 177, 'KV', 'Kigali-ville', 1),
(2819, 177, 'RU', 'Ruhengeri', 1),
(2820, 177, 'UM', 'Umutara', 1),
(2821, 178, 'CCN', 'Christ Church Nichola Town', 1),
(2822, 178, 'SAS', 'Saint Anne Sandy Point', 1),
(2823, 178, 'SGB', 'Saint George Basseterre', 1),
(2824, 178, 'SGG', 'Saint George Gingerland', 1),
(2825, 178, 'SJW', 'Saint James Windward', 1),
(2826, 178, 'SJC', 'Saint John Capesterre', 1),
(2827, 178, 'SJF', 'Saint John Figtree', 1),
(2828, 178, 'SMC', 'Saint Mary Cayon', 1),
(2829, 178, 'CAP', 'Saint Paul Capesterre', 1),
(2830, 178, 'CHA', 'Saint Paul Charlestown', 1),
(2831, 178, 'SPB', 'Saint Peter Basseterre', 1),
(2832, 178, 'STL', 'Saint Thomas Lowland', 1),
(2833, 178, 'STM', 'Saint Thomas Middle Island', 1),
(2834, 178, 'TPP', 'Trinity Palmetto Point', 1),
(2835, 179, 'AR', 'Anse-la-Raye', 1),
(2836, 179, 'CA', 'Castries', 1),
(2837, 179, 'CH', 'Choiseul', 1),
(2838, 179, 'DA', 'Dauphin', 1),
(2839, 179, 'DE', 'Dennery', 1),
(2840, 179, 'GI', 'Gros-Islet', 1),
(2841, 179, 'LA', 'Laborie', 1),
(2842, 179, 'MI', 'Micoud', 1),
(2843, 179, 'PR', 'Praslin', 1),
(2844, 179, 'SO', 'Soufriere', 1),
(2845, 179, 'VF', 'Vieux-Fort', 1),
(2846, 180, 'C', 'Charlotte', 1),
(2847, 180, 'R', 'Grenadines', 1),
(2848, 180, 'A', 'Saint Andrew', 1),
(2849, 180, 'D', 'Saint David', 1),
(2850, 180, 'G', 'Saint George', 1),
(2851, 180, 'P', 'Saint Patrick', 1),
(2852, 181, 'AN', 'A''ana', 1),
(2853, 181, 'AI', 'Aiga-i-le-Tai', 1),
(2854, 181, 'AT', 'Atua', 1),
(2855, 181, 'FA', 'Fa''asaleleaga', 1),
(2856, 181, 'GE', 'Gaga''emauga', 1),
(2857, 181, 'GF', 'Gagaifomauga', 1),
(2858, 181, 'PA', 'Palauli', 1),
(2859, 181, 'SA', 'Satupa''itea', 1),
(2860, 181, 'TU', 'Tuamasaga', 1),
(2861, 181, 'VF', 'Va''a-o-Fonoti', 1),
(2862, 181, 'VS', 'Vaisigano', 1),
(2863, 182, 'AC', 'Acquaviva', 1),
(2864, 182, 'BM', 'Borgo Maggiore', 1),
(2865, 182, 'CH', 'Chiesanuova', 1),
(2866, 182, 'DO', 'Domagnano', 1),
(2867, 182, 'FA', 'Faetano', 1),
(2868, 182, 'FI', 'Fiorentino', 1),
(2869, 182, 'MO', 'Montegiardino', 1),
(2870, 182, 'SM', 'Citta di San Marino', 1),
(2871, 182, 'SE', 'Serravalle', 1),
(2872, 183, 'S', 'Sao Tome', 1),
(2873, 183, 'P', 'Principe', 1),
(2874, 184, 'BH', 'Al Bahah', 1),
(2875, 184, 'HS', 'Al Hudud ash Shamaliyah', 1),
(2876, 184, 'JF', 'Al Jawf', 1),
(2877, 184, 'MD', 'Al Madinah', 1),
(2878, 184, 'QS', 'Al Qasim', 1),
(2879, 184, 'RD', 'Ar Riyad', 1),
(2880, 184, 'AQ', 'Ash Sharqiyah (Eastern)', 1),
(2881, 184, 'AS', '''Asir', 1),
(2882, 184, 'HL', 'Ha''il', 1),
(2883, 184, 'JZ', 'Jizan', 1),
(2884, 184, 'ML', 'Makkah', 1),
(2885, 184, 'NR', 'Najran', 1),
(2886, 184, 'TB', 'Tabuk', 1),
(2887, 185, 'DA', 'Dakar', 1),
(2888, 185, 'DI', 'Diourbel', 1),
(2889, 185, 'FA', 'Fatick', 1),
(2890, 185, 'KA', 'Kaolack', 1),
(2891, 185, 'KO', 'Kolda', 1),
(2892, 185, 'LO', 'Louga', 1),
(2893, 185, 'MA', 'Matam', 1),
(2894, 185, 'SL', 'Saint-Louis', 1),
(2895, 185, 'TA', 'Tambacounda', 1),
(2896, 185, 'TH', 'Thies', 1),
(2897, 185, 'ZI', 'Ziguinchor', 1),
(2898, 186, 'AP', 'Anse aux Pins', 1),
(2899, 186, 'AB', 'Anse Boileau', 1),
(2900, 186, 'AE', 'Anse Etoile', 1),
(2901, 186, 'AL', 'Anse Louis', 1),
(2902, 186, 'AR', 'Anse Royale', 1),
(2903, 186, 'BL', 'Baie Lazare', 1),
(2904, 186, 'BS', 'Baie Sainte Anne', 1),
(2905, 186, 'BV', 'Beau Vallon', 1),
(2906, 186, 'BA', 'Bel Air', 1),
(2907, 186, 'BO', 'Bel Ombre', 1),
(2908, 186, 'CA', 'Cascade', 1),
(2909, 186, 'GL', 'Glacis', 1),
(2910, 186, 'GM', 'Grand'' Anse (on Mahe)', 1);
INSERT INTO `zone` (`zone_id`, `country_id`, `code`, `name`, `status`) VALUES
(2911, 186, 'GP', 'Grand'' Anse (on Praslin)', 1),
(2912, 186, 'DG', 'La Digue', 1),
(2913, 186, 'RA', 'La Riviere Anglaise', 1),
(2914, 186, 'MB', 'Mont Buxton', 1),
(2915, 186, 'MF', 'Mont Fleuri', 1),
(2916, 186, 'PL', 'Plaisance', 1),
(2917, 186, 'PR', 'Pointe La Rue', 1),
(2918, 186, 'PG', 'Port Glaud', 1),
(2919, 186, 'SL', 'Saint Louis', 1),
(2920, 186, 'TA', 'Takamaka', 1),
(2921, 187, 'E', 'Eastern', 1),
(2922, 187, 'N', 'Northern', 1),
(2923, 187, 'S', 'Southern', 1),
(2924, 187, 'W', 'Western', 1),
(2925, 189, 'BA', 'Banskobystrický', 1),
(2926, 189, 'BR', 'Bratislavský', 1),
(2927, 189, 'KO', 'Košický', 1),
(2928, 189, 'NI', 'Nitriansky', 1),
(2929, 189, 'PR', 'Prešovský', 1),
(2930, 189, 'TC', 'Trenčiansky', 1),
(2931, 189, 'TV', 'Trnavský', 1),
(2932, 189, 'ZI', 'Žilinský', 1),
(2933, 191, 'CE', 'Central', 1),
(2934, 191, 'CH', 'Choiseul', 1),
(2935, 191, 'GC', 'Guadalcanal', 1),
(2936, 191, 'HO', 'Honiara', 1),
(2937, 191, 'IS', 'Isabel', 1),
(2938, 191, 'MK', 'Makira', 1),
(2939, 191, 'ML', 'Malaita', 1),
(2940, 191, 'RB', 'Rennell and Bellona', 1),
(2941, 191, 'TM', 'Temotu', 1),
(2942, 191, 'WE', 'Western', 1),
(2943, 192, 'AW', 'Awdal', 1),
(2944, 192, 'BK', 'Bakool', 1),
(2945, 192, 'BN', 'Banaadir', 1),
(2946, 192, 'BR', 'Bari', 1),
(2947, 192, 'BY', 'Bay', 1),
(2948, 192, 'GA', 'Galguduud', 1),
(2949, 192, 'GE', 'Gedo', 1),
(2950, 192, 'HI', 'Hiiraan', 1),
(2951, 192, 'JD', 'Jubbada Dhexe', 1),
(2952, 192, 'JH', 'Jubbada Hoose', 1),
(2953, 192, 'MU', 'Mudug', 1),
(2954, 192, 'NU', 'Nugaal', 1),
(2955, 192, 'SA', 'Sanaag', 1),
(2956, 192, 'SD', 'Shabeellaha Dhexe', 1),
(2957, 192, 'SH', 'Shabeellaha Hoose', 1),
(2958, 192, 'SL', 'Sool', 1),
(2959, 192, 'TO', 'Togdheer', 1),
(2960, 192, 'WG', 'Woqooyi Galbeed', 1),
(2961, 193, 'EC', 'Eastern Cape', 1),
(2962, 193, 'FS', 'Free State', 1),
(2963, 193, 'GT', 'Gauteng', 1),
(2964, 193, 'KN', 'KwaZulu-Natal', 1),
(2965, 193, 'LP', 'Limpopo', 1),
(2966, 193, 'MP', 'Mpumalanga', 1),
(2967, 193, 'NW', 'North West', 1),
(2968, 193, 'NC', 'Northern Cape', 1),
(2969, 193, 'WC', 'Western Cape', 1),
(2970, 195, 'CA', 'La Coru&ntilde;a', 1),
(2971, 195, 'AL', '&Aacute;lava', 1),
(2972, 195, 'AB', 'Albacete', 1),
(2973, 195, 'AC', 'Alicante', 1),
(2974, 195, 'AM', 'Almeria', 1),
(2975, 195, 'AS', 'Asturias', 1),
(2976, 195, 'AV', '&Aacute;vila', 1),
(2977, 195, 'BJ', 'Badajoz', 1),
(2978, 195, 'IB', 'Baleares', 1),
(2979, 195, 'BA', 'Barcelona', 1),
(2980, 195, 'BU', 'Burgos', 1),
(2981, 195, 'CC', 'C&aacute;ceres', 1),
(2982, 195, 'CZ', 'C&aacute;diz', 1),
(2983, 195, 'CT', 'Cantabria', 1),
(2984, 195, 'CL', 'Castell&oacute;n', 1),
(2985, 195, 'CE', 'Ceuta', 1),
(2986, 195, 'CR', 'Ciudad Real', 1),
(2987, 195, 'CD', 'C&oacute;rdoba', 1),
(2988, 195, 'CU', 'Cuenca', 1),
(2989, 195, 'GI', 'Girona', 1),
(2990, 195, 'GD', 'Granada', 1),
(2991, 195, 'GJ', 'Guadalajara', 1),
(2992, 195, 'GP', 'Guip&uacute;zcoa', 1),
(2993, 195, 'HL', 'Huelva', 1),
(2994, 195, 'HS', 'Huesca', 1),
(2995, 195, 'JN', 'Ja&eacute;n', 1),
(2996, 195, 'RJ', 'La Rioja', 1),
(2997, 195, 'PM', 'Las Palmas', 1),
(2998, 195, 'LE', 'Leon', 1),
(2999, 195, 'LL', 'Lleida', 1),
(3000, 195, 'LG', 'Lugo', 1),
(3001, 195, 'MD', 'Madrid', 1),
(3002, 195, 'MA', 'Malaga', 1),
(3003, 195, 'ML', 'Melilla', 1),
(3004, 195, 'MU', 'Murcia', 1),
(3005, 195, 'NV', 'Navarra', 1),
(3006, 195, 'OU', 'Ourense', 1),
(3007, 195, 'PL', 'Palencia', 1),
(3008, 195, 'PO', 'Pontevedra', 1),
(3009, 195, 'SL', 'Salamanca', 1),
(3010, 195, 'SC', 'Santa Cruz de Tenerife', 1),
(3011, 195, 'SG', 'Segovia', 1),
(3012, 195, 'SV', 'Sevilla', 1),
(3013, 195, 'SO', 'Soria', 1),
(3014, 195, 'TA', 'Tarragona', 1),
(3015, 195, 'TE', 'Teruel', 1),
(3016, 195, 'TO', 'Toledo', 1),
(3017, 195, 'VC', 'Valencia', 1),
(3018, 195, 'VD', 'Valladolid', 1),
(3019, 195, 'VZ', 'Vizcaya', 1),
(3020, 195, 'ZM', 'Zamora', 1),
(3021, 195, 'ZR', 'Zaragoza', 1),
(3022, 196, 'CE', 'Central', 1),
(3023, 196, 'EA', 'Eastern', 1),
(3024, 196, 'NC', 'North Central', 1),
(3025, 196, 'NO', 'Northern', 1),
(3026, 196, 'NW', 'North Western', 1),
(3027, 196, 'SA', 'Sabaragamuwa', 1),
(3028, 196, 'SO', 'Southern', 1),
(3029, 196, 'UV', 'Uva', 1),
(3030, 196, 'WE', 'Western', 1),
(3031, 197, 'A', 'Ascension', 1),
(3032, 197, 'S', 'Saint Helena', 1),
(3033, 197, 'T', 'Tristan da Cunha', 1),
(3034, 199, 'ANL', 'A''ali an Nil', 1),
(3035, 199, 'BAM', 'Al Bahr al Ahmar', 1),
(3036, 199, 'BRT', 'Al Buhayrat', 1),
(3037, 199, 'JZR', 'Al Jazirah', 1),
(3038, 199, 'KRT', 'Al Khartum', 1),
(3039, 199, 'QDR', 'Al Qadarif', 1),
(3040, 199, 'WDH', 'Al Wahdah', 1),
(3041, 199, 'ANB', 'An Nil al Abyad', 1),
(3042, 199, 'ANZ', 'An Nil al Azraq', 1),
(3043, 199, 'ASH', 'Ash Shamaliyah', 1),
(3044, 199, 'BJA', 'Bahr al Jabal', 1),
(3045, 199, 'GIS', 'Gharb al Istiwa''iyah', 1),
(3046, 199, 'GBG', 'Gharb Bahr al Ghazal', 1),
(3047, 199, 'GDA', 'Gharb Darfur', 1),
(3048, 199, 'GKU', 'Gharb Kurdufan', 1),
(3049, 199, 'JDA', 'Janub Darfur', 1),
(3050, 199, 'JKU', 'Janub Kurdufan', 1),
(3051, 199, 'JQL', 'Junqali', 1),
(3052, 199, 'KSL', 'Kassala', 1),
(3053, 199, 'NNL', 'Nahr an Nil', 1),
(3054, 199, 'SBG', 'Shamal Bahr al Ghazal', 1),
(3055, 199, 'SDA', 'Shamal Darfur', 1),
(3056, 199, 'SKU', 'Shamal Kurdufan', 1),
(3057, 199, 'SIS', 'Sharq al Istiwa''iyah', 1),
(3058, 199, 'SNR', 'Sinnar', 1),
(3059, 199, 'WRB', 'Warab', 1),
(3060, 200, 'BR', 'Brokopondo', 1),
(3061, 200, 'CM', 'Commewijne', 1),
(3062, 200, 'CR', 'Coronie', 1),
(3063, 200, 'MA', 'Marowijne', 1),
(3064, 200, 'NI', 'Nickerie', 1),
(3065, 200, 'PA', 'Para', 1),
(3066, 200, 'PM', 'Paramaribo', 1),
(3067, 200, 'SA', 'Saramacca', 1),
(3068, 200, 'SI', 'Sipaliwini', 1),
(3069, 200, 'WA', 'Wanica', 1),
(3070, 202, 'H', 'Hhohho', 1),
(3071, 202, 'L', 'Lubombo', 1),
(3072, 202, 'M', 'Manzini', 1),
(3073, 202, 'S', 'Shishelweni', 1),
(3074, 203, 'K', 'Blekinge', 1),
(3075, 203, 'W', 'Dalama', 1),
(3076, 203, 'X', 'G&auml;vleborg', 1),
(3077, 203, 'I', 'Gotland', 1),
(3078, 203, 'N', 'Halland', 1),
(3079, 203, 'Z', 'J&auml;mtland', 1),
(3080, 203, 'F', 'J&ouml;nk&ouml;ping', 1),
(3081, 203, 'H', 'Kalmar', 1),
(3082, 203, 'G', 'Kronoberg', 1),
(3083, 203, 'BD', 'Norrbotten', 1),
(3084, 203, 'T', '&Ouml;rebro', 1),
(3085, 203, 'E', '&Ouml;sterg&ouml;tland', 1),
(3086, 203, 'M', 'Sk&aring;ne', 1),
(3087, 203, 'D', 'S&ouml;dermanland', 1),
(3088, 203, 'AB', 'Stockholm', 1),
(3089, 203, 'C', 'Uppsala', 1),
(3090, 203, 'S', 'V&auml;rmland', 1),
(3091, 203, 'AC', 'V&auml;sterbotten', 1),
(3092, 203, 'Y', 'V&auml;sternorrland', 1),
(3093, 203, 'U', 'V&auml;stmanland', 1),
(3094, 203, 'O', 'V&auml;stra G&ouml;taland', 1),
(3095, 204, 'AG', 'Aargau', 1),
(3096, 204, 'AR', 'Appenzell Ausserrhoden', 1),
(3097, 204, 'AI', 'Appenzell Innerrhoden', 1),
(3098, 204, 'BS', 'Basel-Stadt', 1),
(3099, 204, 'BL', 'Basel-Landschaft', 1),
(3100, 204, 'BE', 'Bern', 1),
(3101, 204, 'FR', 'Fribourg', 1),
(3102, 204, 'GE', 'Gen&egrave;ve', 1),
(3103, 204, 'GL', 'Glarus', 1),
(3104, 204, 'GR', 'Graub&uuml;nden', 1),
(3105, 204, 'JU', 'Jura', 1),
(3106, 204, 'LU', 'Luzern', 1),
(3107, 204, 'NE', 'Neuch&acirc;tel', 1),
(3108, 204, 'NW', 'Nidwald', 1),
(3109, 204, 'OW', 'Obwald', 1),
(3110, 204, 'SG', 'St. Gallen', 1),
(3111, 204, 'SH', 'Schaffhausen', 1),
(3112, 204, 'SZ', 'Schwyz', 1),
(3113, 204, 'SO', 'Solothurn', 1),
(3114, 204, 'TG', 'Thurgau', 1),
(3115, 204, 'TI', 'Ticino', 1),
(3116, 204, 'UR', 'Uri', 1),
(3117, 204, 'VS', 'Valais', 1),
(3118, 204, 'VD', 'Vaud', 1),
(3119, 204, 'ZG', 'Zug', 1),
(3120, 204, 'ZH', 'Z&uuml;rich', 1),
(3121, 205, 'HA', 'Al Hasakah', 1),
(3122, 205, 'LA', 'Al Ladhiqiyah', 1),
(3123, 205, 'QU', 'Al Qunaytirah', 1),
(3124, 205, 'RQ', 'Ar Raqqah', 1),
(3125, 205, 'SU', 'As Suwayda', 1),
(3126, 205, 'DA', 'Dara', 1),
(3127, 205, 'DZ', 'Dayr az Zawr', 1),
(3128, 205, 'DI', 'Dimashq', 1),
(3129, 205, 'HL', 'Halab', 1),
(3130, 205, 'HM', 'Hamah', 1),
(3131, 205, 'HI', 'Hims', 1),
(3132, 205, 'ID', 'Idlib', 1),
(3133, 205, 'RD', 'Rif Dimashq', 1),
(3134, 205, 'TA', 'Tartus', 1),
(3135, 206, 'CH', 'Chang-hua', 1),
(3136, 206, 'CI', 'Chia-i', 1),
(3137, 206, 'HS', 'Hsin-chu', 1),
(3138, 206, 'HL', 'Hua-lien', 1),
(3139, 206, 'IL', 'I-lan', 1),
(3140, 206, 'KH', 'Kao-hsiung county', 1),
(3141, 206, 'KM', 'Kin-men', 1),
(3142, 206, 'LC', 'Lien-chiang', 1),
(3143, 206, 'ML', 'Miao-li', 1),
(3144, 206, 'NT', 'Nan-t''ou', 1),
(3145, 206, 'PH', 'P''eng-hu', 1),
(3146, 206, 'PT', 'P''ing-tung', 1),
(3147, 206, 'TG', 'T''ai-chung', 1),
(3148, 206, 'TA', 'T''ai-nan', 1),
(3149, 206, 'TP', 'T''ai-pei county', 1),
(3150, 206, 'TT', 'T''ai-tung', 1),
(3151, 206, 'TY', 'T''ao-yuan', 1),
(3152, 206, 'YL', 'Yun-lin', 1),
(3153, 206, 'CC', 'Chia-i city', 1),
(3154, 206, 'CL', 'Chi-lung', 1),
(3155, 206, 'HC', 'Hsin-chu', 1),
(3156, 206, 'TH', 'T''ai-chung', 1),
(3157, 206, 'TN', 'T''ai-nan', 1),
(3158, 206, 'KC', 'Kao-hsiung city', 1),
(3159, 206, 'TC', 'T''ai-pei city', 1),
(3160, 207, 'GB', 'Gorno-Badakhstan', 1),
(3161, 207, 'KT', 'Khatlon', 1),
(3162, 207, 'SU', 'Sughd', 1),
(3163, 208, 'AR', 'Arusha', 1),
(3164, 208, 'DS', 'Dar es Salaam', 1),
(3165, 208, 'DO', 'Dodoma', 1),
(3166, 208, 'IR', 'Iringa', 1),
(3167, 208, 'KA', 'Kagera', 1),
(3168, 208, 'KI', 'Kigoma', 1),
(3169, 208, 'KJ', 'Kilimanjaro', 1),
(3170, 208, 'LN', 'Lindi', 1),
(3171, 208, 'MY', 'Manyara', 1),
(3172, 208, 'MR', 'Mara', 1),
(3173, 208, 'MB', 'Mbeya', 1),
(3174, 208, 'MO', 'Morogoro', 1),
(3175, 208, 'MT', 'Mtwara', 1),
(3176, 208, 'MW', 'Mwanza', 1),
(3177, 208, 'PN', 'Pemba North', 1),
(3178, 208, 'PS', 'Pemba South', 1),
(3179, 208, 'PW', 'Pwani', 1),
(3180, 208, 'RK', 'Rukwa', 1),
(3181, 208, 'RV', 'Ruvuma', 1),
(3182, 208, 'SH', 'Shinyanga', 1),
(3183, 208, 'SI', 'Singida', 1),
(3184, 208, 'TB', 'Tabora', 1),
(3185, 208, 'TN', 'Tanga', 1),
(3186, 208, 'ZC', 'Zanzibar Central/South', 1),
(3187, 208, 'ZN', 'Zanzibar North', 1),
(3188, 208, 'ZU', 'Zanzibar Urban/West', 1),
(3189, 209, 'Amnat Charoen', 'Amnat Charoen', 1),
(3190, 209, 'Ang Thong', 'Ang Thong', 1),
(3191, 209, 'Ayutthaya', 'Ayutthaya', 1),
(3192, 209, 'Bangkok', 'Bangkok', 1),
(3193, 209, 'Buriram', 'Buriram', 1),
(3194, 209, 'Chachoengsao', 'Chachoengsao', 1),
(3195, 209, 'Chai Nat', 'Chai Nat', 1),
(3196, 209, 'Chaiyaphum', 'Chaiyaphum', 1),
(3197, 209, 'Chanthaburi', 'Chanthaburi', 1),
(3198, 209, 'Chiang Mai', 'Chiang Mai', 1),
(3199, 209, 'Chiang Rai', 'Chiang Rai', 1),
(3200, 209, 'Chon Buri', 'Chon Buri', 1),
(3201, 209, 'Chumphon', 'Chumphon', 1),
(3202, 209, 'Kalasin', 'Kalasin', 1),
(3203, 209, 'Kamphaeng Phet', 'Kamphaeng Phet', 1),
(3204, 209, 'Kanchanaburi', 'Kanchanaburi', 1),
(3205, 209, 'Khon Kaen', 'Khon Kaen', 1),
(3206, 209, 'Krabi', 'Krabi', 1),
(3207, 209, 'Lampang', 'Lampang', 1),
(3208, 209, 'Lamphun', 'Lamphun', 1),
(3209, 209, 'Loei', 'Loei', 1),
(3210, 209, 'Lop Buri', 'Lop Buri', 1),
(3211, 209, 'Mae Hong Son', 'Mae Hong Son', 1),
(3212, 209, 'Maha Sarakham', 'Maha Sarakham', 1),
(3213, 209, 'Mukdahan', 'Mukdahan', 1),
(3214, 209, 'Nakhon Nayok', 'Nakhon Nayok', 1),
(3215, 209, 'Nakhon Pathom', 'Nakhon Pathom', 1),
(3216, 209, 'Nakhon Phanom', 'Nakhon Phanom', 1),
(3217, 209, 'Nakhon Ratchasima', 'Nakhon Ratchasima', 1),
(3218, 209, 'Nakhon Sawan', 'Nakhon Sawan', 1),
(3219, 209, 'Nakhon Si Thammarat', 'Nakhon Si Thammarat', 1),
(3220, 209, 'Nan', 'Nan', 1),
(3221, 209, 'Narathiwat', 'Narathiwat', 1),
(3222, 209, 'Nong Bua Lamphu', 'Nong Bua Lamphu', 1),
(3223, 209, 'Nong Khai', 'Nong Khai', 1),
(3224, 209, 'Nonthaburi', 'Nonthaburi', 1),
(3225, 209, 'Pathum Thani', 'Pathum Thani', 1),
(3226, 209, 'Pattani', 'Pattani', 1),
(3227, 209, 'Phangnga', 'Phangnga', 1),
(3228, 209, 'Phatthalung', 'Phatthalung', 1),
(3229, 209, 'Phayao', 'Phayao', 1),
(3230, 209, 'Phetchabun', 'Phetchabun', 1),
(3231, 209, 'Phetchaburi', 'Phetchaburi', 1),
(3232, 209, 'Phichit', 'Phichit', 1),
(3233, 209, 'Phitsanulok', 'Phitsanulok', 1),
(3234, 209, 'Phrae', 'Phrae', 1),
(3235, 209, 'Phuket', 'Phuket', 1),
(3236, 209, 'Prachin Buri', 'Prachin Buri', 1),
(3237, 209, 'Prachuap Khiri Khan', 'Prachuap Khiri Khan', 1),
(3238, 209, 'Ranong', 'Ranong', 1),
(3239, 209, 'Ratchaburi', 'Ratchaburi', 1),
(3240, 209, 'Rayong', 'Rayong', 1),
(3241, 209, 'Roi Et', 'Roi Et', 1),
(3242, 209, 'Sa Kaeo', 'Sa Kaeo', 1),
(3243, 209, 'Sakon Nakhon', 'Sakon Nakhon', 1),
(3244, 209, 'Samut Prakan', 'Samut Prakan', 1),
(3245, 209, 'Samut Sakhon', 'Samut Sakhon', 1),
(3246, 209, 'Samut Songkhram', 'Samut Songkhram', 1),
(3247, 209, 'Sara Buri', 'Sara Buri', 1),
(3248, 209, 'Satun', 'Satun', 1),
(3249, 209, 'Sing Buri', 'Sing Buri', 1),
(3250, 209, 'Sisaket', 'Sisaket', 1),
(3251, 209, 'Songkhla', 'Songkhla', 1),
(3252, 209, 'Sukhothai', 'Sukhothai', 1),
(3253, 209, 'Suphan Buri', 'Suphan Buri', 1),
(3254, 209, 'Surat Thani', 'Surat Thani', 1),
(3255, 209, 'Surin', 'Surin', 1),
(3256, 209, 'Tak', 'Tak', 1),
(3257, 209, 'Trang', 'Trang', 1),
(3258, 209, 'Trat', 'Trat', 1),
(3259, 209, 'Ubon Ratchathani', 'Ubon Ratchathani', 1),
(3260, 209, 'Udon Thani', 'Udon Thani', 1),
(3261, 209, 'Uthai Thani', 'Uthai Thani', 1),
(3262, 209, 'Uttaradit', 'Uttaradit', 1),
(3263, 209, 'Yala', 'Yala', 1),
(3264, 209, 'Yasothon', 'Yasothon', 1),
(3265, 210, 'K', 'Kara', 1),
(3266, 210, 'P', 'Plateaux', 1),
(3267, 210, 'S', 'Savanes', 1),
(3268, 210, 'C', 'Centrale', 1),
(3269, 210, 'M', 'Maritime', 1),
(3270, 211, 'A', 'Atafu', 1),
(3271, 211, 'F', 'Fakaofo', 1),
(3272, 211, 'N', 'Nukunonu', 1),
(3273, 212, 'H', 'Ha''apai', 1),
(3274, 212, 'T', 'Tongatapu', 1),
(3275, 212, 'V', 'Vava''u', 1),
(3276, 213, 'CT', 'Couva/Tabaquite/Talparo', 1),
(3277, 213, 'DM', 'Diego Martin', 1),
(3278, 213, 'MR', 'Mayaro/Rio Claro', 1),
(3279, 213, 'PD', 'Penal/Debe', 1),
(3280, 213, 'PT', 'Princes Town', 1),
(3281, 213, 'SG', 'Sangre Grande', 1),
(3282, 213, 'SL', 'San Juan/Laventille', 1),
(3283, 213, 'SI', 'Siparia', 1),
(3284, 213, 'TP', 'Tunapuna/Piarco', 1),
(3285, 213, 'PS', 'Port of Spain', 1),
(3286, 213, 'SF', 'San Fernando', 1),
(3287, 213, 'AR', 'Arima', 1),
(3288, 213, 'PF', 'Point Fortin', 1),
(3289, 213, 'CH', 'Chaguanas', 1),
(3290, 213, 'TO', 'Tobago', 1),
(3291, 214, 'AR', 'Ariana', 1),
(3292, 214, 'BJ', 'Beja', 1),
(3293, 214, 'BA', 'Ben Arous', 1),
(3294, 214, 'BI', 'Bizerte', 1),
(3295, 214, 'GB', 'Gabes', 1),
(3296, 214, 'GF', 'Gafsa', 1),
(3297, 214, 'JE', 'Jendouba', 1),
(3298, 214, 'KR', 'Kairouan', 1),
(3299, 214, 'KS', 'Kasserine', 1),
(3300, 214, 'KB', 'Kebili', 1),
(3301, 214, 'KF', 'Kef', 1),
(3302, 214, 'MH', 'Mahdia', 1),
(3303, 214, 'MN', 'Manouba', 1),
(3304, 214, 'ME', 'Medenine', 1),
(3305, 214, 'MO', 'Monastir', 1),
(3306, 214, 'NA', 'Nabeul', 1),
(3307, 214, 'SF', 'Sfax', 1),
(3308, 214, 'SD', 'Sidi', 1),
(3309, 214, 'SL', 'Siliana', 1),
(3310, 214, 'SO', 'Sousse', 1),
(3311, 214, 'TA', 'Tataouine', 1),
(3312, 214, 'TO', 'Tozeur', 1),
(3313, 214, 'TU', 'Tunis', 1),
(3314, 214, 'ZA', 'Zaghouan', 1),
(3315, 215, 'ADA', 'Adana', 1),
(3316, 215, 'ADI', 'Adıyaman', 1),
(3317, 215, 'AFY', 'Afyonkarahisar', 1),
(3318, 215, 'AGR', 'Ağrı', 1),
(3319, 215, 'AKS', 'Aksaray', 1),
(3320, 215, 'AMA', 'Amasya', 1),
(3321, 215, 'ANK', 'Ankara', 1),
(3322, 215, 'ANT', 'Antalya', 1),
(3323, 215, 'ARD', 'Ardahan', 1),
(3324, 215, 'ART', 'Artvin', 1),
(3325, 215, 'AYI', 'Aydın', 1),
(3326, 215, 'BAL', 'Balıkesir', 1),
(3327, 215, 'BAR', 'Bartın', 1),
(3328, 215, 'BAT', 'Batman', 1),
(3329, 215, 'BAY', 'Bayburt', 1),
(3330, 215, 'BIL', 'Bilecik', 1),
(3331, 215, 'BIN', 'Bingöl', 1),
(3332, 215, 'BIT', 'Bitlis', 1),
(3333, 215, 'BOL', 'Bolu', 1),
(3334, 215, 'BRD', 'Burdur', 1),
(3335, 215, 'BRS', 'Bursa', 1),
(3336, 215, 'CKL', 'Çanakkale', 1),
(3337, 215, 'CKR', 'Çankırı', 1),
(3338, 215, 'COR', 'Çorum', 1),
(3339, 215, 'DEN', 'Denizli', 1),
(3340, 215, 'DIY', 'Diyarbakir', 1),
(3341, 215, 'DUZ', 'Düzce', 1),
(3342, 215, 'EDI', 'Edirne', 1),
(3343, 215, 'ELA', 'Elazig', 1),
(3344, 215, 'EZC', 'Erzincan', 1),
(3345, 215, 'EZR', 'Erzurum', 1),
(3346, 215, 'ESK', 'Eskişehir', 1),
(3347, 215, 'GAZ', 'Gaziantep', 1),
(3348, 215, 'GIR', 'Giresun', 1),
(3349, 215, 'GMS', 'Gümüşhane', 1),
(3350, 215, 'HKR', 'Hakkari', 1),
(3351, 215, 'HTY', 'Hatay', 1),
(3352, 215, 'IGD', 'Iğdır', 1),
(3353, 215, 'ISP', 'Isparta', 1),
(3354, 215, 'IST', 'İstanbul', 1),
(3355, 215, 'IZM', 'İzmir', 1),
(3356, 215, 'KAH', 'Kahramanmaraş', 1),
(3357, 215, 'KRB', 'Karabük', 1),
(3358, 215, 'KRM', 'Karaman', 1),
(3359, 215, 'KRS', 'Kars', 1),
(3360, 215, 'KAS', 'Kastamonu', 1),
(3361, 215, 'KAY', 'Kayseri', 1),
(3362, 215, 'KLS', 'Kilis', 1),
(3363, 215, 'KRK', 'Kirikkale', 1),
(3364, 215, 'KLR', 'Kirklareli', 1),
(3365, 215, 'KRH', 'Kirsehir', 1),
(3366, 215, 'KOC', 'Kocaeli', 1),
(3367, 215, 'KON', 'Konya', 1),
(3368, 215, 'KUT', 'Kütahya', 1),
(3369, 215, 'MAL', 'Malatya', 1),
(3370, 215, 'MAN', 'Manisa', 1),
(3371, 215, 'MAR', 'Mardin', 1),
(3372, 215, 'MER', 'Mersin', 1),
(3373, 215, 'MUG', 'Muğla', 1),
(3374, 215, 'MUS', 'Muş', 1),
(3375, 215, 'NEV', 'Nevşehir', 1),
(3376, 215, 'NIG', 'Niğde', 1),
(3377, 215, 'ORD', 'Ordu', 1),
(3378, 215, 'OSM', 'Osmaniye', 1),
(3379, 215, 'RIZ', 'Rize', 1),
(3380, 215, 'SAK', 'Sakarya', 1),
(3381, 215, 'SAM', 'Samsun', 1),
(3382, 215, 'SAN', 'Şanlıurfa', 1),
(3383, 215, 'SII', 'Siirt', 1),
(3384, 215, 'SIN', 'Sinop', 1),
(3385, 215, 'SIR', 'Şırnak', 1),
(3386, 215, 'SIV', 'Sivas', 1),
(3387, 215, 'TEL', 'Tekirdağ', 1),
(3388, 215, 'TOK', 'Tokat', 1),
(3389, 215, 'TRA', 'Trabzon', 1),
(3390, 215, 'TUN', 'Tunceli', 1),
(3391, 215, 'USK', 'Uşak', 1),
(3392, 215, 'VAN', 'Van', 1),
(3393, 215, 'YAL', 'Yalova', 1),
(3394, 215, 'YOZ', 'Yozgat', 1),
(3395, 215, 'ZON', 'Zonguldak', 1),
(3396, 216, 'A', 'Ahal Welayaty', 1),
(3397, 216, 'B', 'Balkan Welayaty', 1),
(3398, 216, 'D', 'Dashhowuz Welayaty', 1),
(3399, 216, 'L', 'Lebap Welayaty', 1),
(3400, 216, 'M', 'Mary Welayaty', 1),
(3401, 217, 'AC', 'Ambergris Cays', 1),
(3402, 217, 'DC', 'Dellis Cay', 1),
(3403, 217, 'FC', 'French Cay', 1),
(3404, 217, 'LW', 'Little Water Cay', 1),
(3405, 217, 'RC', 'Parrot Cay', 1),
(3406, 217, 'PN', 'Pine Cay', 1),
(3407, 217, 'SL', 'Salt Cay', 1),
(3408, 217, 'GT', 'Grand Turk', 1),
(3409, 217, 'SC', 'South Caicos', 1),
(3410, 217, 'EC', 'East Caicos', 1),
(3411, 217, 'MC', 'Middle Caicos', 1),
(3412, 217, 'NC', 'North Caicos', 1),
(3413, 217, 'PR', 'Providenciales', 1),
(3414, 217, 'WC', 'West Caicos', 1),
(3415, 218, 'NMG', 'Nanumanga', 1),
(3416, 218, 'NLK', 'Niulakita', 1),
(3417, 218, 'NTO', 'Niutao', 1),
(3418, 218, 'FUN', 'Funafuti', 1),
(3419, 218, 'NME', 'Nanumea', 1),
(3420, 218, 'NUI', 'Nui', 1),
(3421, 218, 'NFT', 'Nukufetau', 1),
(3422, 218, 'NLL', 'Nukulaelae', 1),
(3423, 218, 'VAI', 'Vaitupu', 1),
(3424, 219, 'KAL', 'Kalangala', 1),
(3425, 219, 'KMP', 'Kampala', 1),
(3426, 219, 'KAY', 'Kayunga', 1),
(3427, 219, 'KIB', 'Kiboga', 1),
(3428, 219, 'LUW', 'Luwero', 1),
(3429, 219, 'MAS', 'Masaka', 1),
(3430, 219, 'MPI', 'Mpigi', 1),
(3431, 219, 'MUB', 'Mubende', 1),
(3432, 219, 'MUK', 'Mukono', 1),
(3433, 219, 'NKS', 'Nakasongola', 1),
(3434, 219, 'RAK', 'Rakai', 1),
(3435, 219, 'SEM', 'Sembabule', 1),
(3436, 219, 'WAK', 'Wakiso', 1),
(3437, 219, 'BUG', 'Bugiri', 1),
(3438, 219, 'BUS', 'Busia', 1),
(3439, 219, 'IGA', 'Iganga', 1),
(3440, 219, 'JIN', 'Jinja', 1),
(3441, 219, 'KAB', 'Kaberamaido', 1),
(3442, 219, 'KML', 'Kamuli', 1),
(3443, 219, 'KPC', 'Kapchorwa', 1),
(3444, 219, 'KTK', 'Katakwi', 1),
(3445, 219, 'KUM', 'Kumi', 1),
(3446, 219, 'MAY', 'Mayuge', 1),
(3447, 219, 'MBA', 'Mbale', 1),
(3448, 219, 'PAL', 'Pallisa', 1),
(3449, 219, 'SIR', 'Sironko', 1),
(3450, 219, 'SOR', 'Soroti', 1),
(3451, 219, 'TOR', 'Tororo', 1),
(3452, 219, 'ADJ', 'Adjumani', 1),
(3453, 219, 'APC', 'Apac', 1),
(3454, 219, 'ARU', 'Arua', 1),
(3455, 219, 'GUL', 'Gulu', 1),
(3456, 219, 'KIT', 'Kitgum', 1),
(3457, 219, 'KOT', 'Kotido', 1),
(3458, 219, 'LIR', 'Lira', 1),
(3459, 219, 'MRT', 'Moroto', 1),
(3460, 219, 'MOY', 'Moyo', 1),
(3461, 219, 'NAK', 'Nakapiripirit', 1),
(3462, 219, 'NEB', 'Nebbi', 1),
(3463, 219, 'PAD', 'Pader', 1),
(3464, 219, 'YUM', 'Yumbe', 1),
(3465, 219, 'BUN', 'Bundibugyo', 1),
(3466, 219, 'BSH', 'Bushenyi', 1),
(3467, 219, 'HOI', 'Hoima', 1),
(3468, 219, 'KBL', 'Kabale', 1),
(3469, 219, 'KAR', 'Kabarole', 1),
(3470, 219, 'KAM', 'Kamwenge', 1),
(3471, 219, 'KAN', 'Kanungu', 1),
(3472, 219, 'KAS', 'Kasese', 1),
(3473, 219, 'KBA', 'Kibaale', 1),
(3474, 219, 'KIS', 'Kisoro', 1),
(3475, 219, 'KYE', 'Kyenjojo', 1),
(3476, 219, 'MSN', 'Masindi', 1),
(3477, 219, 'MBR', 'Mbarara', 1),
(3478, 219, 'NTU', 'Ntungamo', 1),
(3479, 219, 'RUK', 'Rukungiri', 1),
(3480, 220, 'CK', 'Черкассы', 1),
(3481, 220, 'CH', 'Чернигов', 1),
(3482, 220, 'CV', 'Черновцы', 1),
(3483, 220, 'CR', 'Крым', 1),
(3484, 220, 'DN', 'Днепропетровск', 1),
(3485, 220, 'DO', 'Донецк', 1),
(3486, 220, 'IV', 'Ивано-Франковск', 1),
(3487, 220, 'KH', 'Харьков', 1),
(3488, 220, 'KM', 'Хмельницкий', 1),
(3489, 220, 'KR', 'Кировоград', 1),
(3490, 220, 'KV', 'Киевская область', 1),
(3491, 220, 'KY', 'Киев', 1),
(3492, 220, 'LU', 'Луганск', 1),
(3493, 220, 'LV', 'Львов', 1),
(3494, 220, 'MY', 'Николаев', 1),
(3495, 220, 'OD', 'Одесса', 1),
(3496, 220, 'PO', 'Полтава', 1),
(3497, 220, 'RI', 'Ровно', 1),
(3498, 220, 'SE', 'Севастополь', 1),
(3499, 220, 'SU', 'Сумы', 1),
(3500, 220, 'TE', 'Тернополь', 1),
(3501, 220, 'VI', 'Винница', 1),
(3502, 220, 'VO', 'Луцк', 1),
(3503, 220, 'ZK', 'Ужгород', 1),
(3504, 220, 'ZA', 'Запорожье', 1),
(3505, 220, 'ZH', 'Житомир', 1),
(3506, 221, 'AZ', 'Abu Zaby', 1),
(3507, 221, 'AJ', '''Ajman', 1),
(3508, 221, 'FU', 'Al Fujayrah', 1),
(3509, 221, 'SH', 'Ash Shariqah', 1),
(3510, 221, 'DU', 'Dubayy', 1),
(3511, 221, 'RK', 'R''as al Khaymah', 1),
(3512, 221, 'UQ', 'Umm al Qaywayn', 1),
(3513, 222, 'ABN', 'Aberdeen', 1),
(3514, 222, 'ABNS', 'Aberdeenshire', 1),
(3515, 222, 'ANG', 'Anglesey', 1),
(3516, 222, 'AGS', 'Angus', 1),
(3517, 222, 'ARY', 'Argyll and Bute', 1),
(3518, 222, 'BEDS', 'Bedfordshire', 1),
(3519, 222, 'BERKS', 'Berkshire', 1),
(3520, 222, 'BLA', 'Blaenau Gwent', 1),
(3521, 222, 'BRI', 'Bridgend', 1),
(3522, 222, 'BSTL', 'Bristol', 1),
(3523, 222, 'BUCKS', 'Buckinghamshire', 1),
(3524, 222, 'CAE', 'Caerphilly', 1),
(3525, 222, 'CAMBS', 'Cambridgeshire', 1),
(3526, 222, 'CDF', 'Cardiff', 1),
(3527, 222, 'CARM', 'Carmarthenshire', 1),
(3528, 222, 'CDGN', 'Ceredigion', 1),
(3529, 222, 'CHES', 'Cheshire', 1),
(3530, 222, 'CLACK', 'Clackmannanshire', 1),
(3531, 222, 'CON', 'Conwy', 1),
(3532, 222, 'CORN', 'Cornwall', 1),
(3533, 222, 'DNBG', 'Denbighshire', 1),
(3534, 222, 'DERBY', 'Derbyshire', 1),
(3535, 222, 'DVN', 'Devon', 1),
(3536, 222, 'DOR', 'Dorset', 1),
(3537, 222, 'DGL', 'Dumfries and Galloway', 1),
(3538, 222, 'DUND', 'Dundee', 1),
(3539, 222, 'DHM', 'Durham', 1),
(3540, 222, 'ARYE', 'East Ayrshire', 1),
(3541, 222, 'DUNBE', 'East Dunbartonshire', 1),
(3542, 222, 'LOTE', 'East Lothian', 1),
(3543, 222, 'RENE', 'East Renfrewshire', 1),
(3544, 222, 'ERYS', 'East Riding of Yorkshire', 1),
(3545, 222, 'SXE', 'East Sussex', 1),
(3546, 222, 'EDIN', 'Edinburgh', 1),
(3547, 222, 'ESX', 'Essex', 1),
(3548, 222, 'FALK', 'Falkirk', 1),
(3549, 222, 'FFE', 'Fife', 1),
(3550, 222, 'FLINT', 'Flintshire', 1),
(3551, 222, 'GLAS', 'Glasgow', 1),
(3552, 222, 'GLOS', 'Gloucestershire', 1),
(3553, 222, 'LDN', 'Greater London', 1),
(3554, 222, 'MCH', 'Greater Manchester', 1),
(3555, 222, 'GDD', 'Gwynedd', 1),
(3556, 222, 'HANTS', 'Hampshire', 1),
(3557, 222, 'HWR', 'Herefordshire', 1),
(3558, 222, 'HERTS', 'Hertfordshire', 1),
(3559, 222, 'HLD', 'Highlands', 1),
(3560, 222, 'IVER', 'Inverclyde', 1),
(3561, 222, 'IOW', 'Isle of Wight', 1),
(3562, 222, 'KNT', 'Kent', 1),
(3563, 222, 'LANCS', 'Lancashire', 1),
(3564, 222, 'LEICS', 'Leicestershire', 1),
(3565, 222, 'LINCS', 'Lincolnshire', 1),
(3566, 222, 'MSY', 'Merseyside', 1),
(3567, 222, 'MERT', 'Merthyr Tydfil', 1),
(3568, 222, 'MLOT', 'Midlothian', 1),
(3569, 222, 'MMOUTH', 'Monmouthshire', 1),
(3570, 222, 'MORAY', 'Moray', 1),
(3571, 222, 'NPRTAL', 'Neath Port Talbot', 1),
(3572, 222, 'NEWPT', 'Newport', 1),
(3573, 222, 'NOR', 'Norfolk', 1),
(3574, 222, 'ARYN', 'North Ayrshire', 1),
(3575, 222, 'LANN', 'North Lanarkshire', 1),
(3576, 222, 'YSN', 'North Yorkshire', 1),
(3577, 222, 'NHM', 'Northamptonshire', 1),
(3578, 222, 'NLD', 'Northumberland', 1),
(3579, 222, 'NOT', 'Nottinghamshire', 1),
(3580, 222, 'ORK', 'Orkney Islands', 1),
(3581, 222, 'OFE', 'Oxfordshire', 1),
(3582, 222, 'PEM', 'Pembrokeshire', 1),
(3583, 222, 'PERTH', 'Perth and Kinross', 1),
(3584, 222, 'PWS', 'Powys', 1),
(3585, 222, 'REN', 'Renfrewshire', 1),
(3586, 222, 'RHON', 'Rhondda Cynon Taff', 1),
(3587, 222, 'RUT', 'Rutland', 1),
(3588, 222, 'BOR', 'Scottish Borders', 1),
(3589, 222, 'SHET', 'Shetland Islands', 1),
(3590, 222, 'SPE', 'Shropshire', 1),
(3591, 222, 'SOM', 'Somerset', 1),
(3592, 222, 'ARYS', 'South Ayrshire', 1),
(3593, 222, 'LANS', 'South Lanarkshire', 1),
(3594, 222, 'YSS', 'South Yorkshire', 1),
(3595, 222, 'SFD', 'Staffordshire', 1),
(3596, 222, 'STIR', 'Stirling', 1),
(3597, 222, 'SFK', 'Suffolk', 1),
(3598, 222, 'SRY', 'Surrey', 1),
(3599, 222, 'SWAN', 'Swansea', 1),
(3600, 222, 'TORF', 'Torfaen', 1),
(3601, 222, 'TWR', 'Tyne and Wear', 1),
(3602, 222, 'VGLAM', 'Vale of Glamorgan', 1),
(3603, 222, 'WARKS', 'Warwickshire', 1),
(3604, 222, 'WDUN', 'West Dunbartonshire', 1),
(3605, 222, 'WLOT', 'West Lothian', 1),
(3606, 222, 'WMD', 'West Midlands', 1),
(3607, 222, 'SXW', 'West Sussex', 1),
(3608, 222, 'YSW', 'West Yorkshire', 1),
(3609, 222, 'WIL', 'Western Isles', 1),
(3610, 222, 'WLT', 'Wiltshire', 1),
(3611, 222, 'WORCS', 'Worcestershire', 1),
(3612, 222, 'WRX', 'Wrexham', 1),
(3613, 223, 'AL', 'Alabama', 1),
(3614, 223, 'AK', 'Alaska', 1),
(3615, 223, 'AS', 'American Samoa', 1),
(3616, 223, 'AZ', 'Arizona', 1),
(3617, 223, 'AR', 'Arkansas', 1),
(3618, 223, 'AF', 'Armed Forces Africa', 1),
(3619, 223, 'AA', 'Armed Forces Americas', 1),
(3620, 223, 'AC', 'Armed Forces Canada', 1),
(3621, 223, 'AE', 'Armed Forces Europe', 1),
(3622, 223, 'AM', 'Armed Forces Middle East', 1),
(3623, 223, 'AP', 'Armed Forces Pacific', 1),
(3624, 223, 'CA', 'California', 1),
(3625, 223, 'CO', 'Colorado', 1),
(3626, 223, 'CT', 'Connecticut', 1),
(3627, 223, 'DE', 'Delaware', 1),
(3628, 223, 'DC', 'District of Columbia', 1),
(3629, 223, 'FM', 'Federated States Of Micronesia', 1),
(3630, 223, 'FL', 'Florida', 1),
(3631, 223, 'GA', 'Georgia', 1),
(3632, 223, 'GU', 'Guam', 1),
(3633, 223, 'HI', 'Hawaii', 1),
(3634, 223, 'ID', 'Idaho', 1),
(3635, 223, 'IL', 'Illinois', 1),
(3636, 223, 'IN', 'Indiana', 1),
(3637, 223, 'IA', 'Iowa', 1),
(3638, 223, 'KS', 'Kansas', 1),
(3639, 223, 'KY', 'Kentucky', 1),
(3640, 223, 'LA', 'Louisiana', 1),
(3641, 223, 'ME', 'Maine', 1),
(3642, 223, 'MH', 'Marshall Islands', 1),
(3643, 223, 'MD', 'Maryland', 1),
(3644, 223, 'MA', 'Massachusetts', 1),
(3645, 223, 'MI', 'Michigan', 1),
(3646, 223, 'MN', 'Minnesota', 1),
(3647, 223, 'MS', 'Mississippi', 1),
(3648, 223, 'MO', 'Missouri', 1),
(3649, 223, 'MT', 'Montana', 1),
(3650, 223, 'NE', 'Nebraska', 1),
(3651, 223, 'NV', 'Nevada', 1),
(3652, 223, 'NH', 'New Hampshire', 1),
(3653, 223, 'NJ', 'New Jersey', 1),
(3654, 223, 'NM', 'New Mexico', 1),
(3655, 223, 'NY', 'New York', 1),
(3656, 223, 'NC', 'North Carolina', 1),
(3657, 223, 'ND', 'North Dakota', 1),
(3658, 223, 'MP', 'Northern Mariana Islands', 1),
(3659, 223, 'OH', 'Ohio', 1),
(3660, 223, 'OK', 'Oklahoma', 1),
(3661, 223, 'OR', 'Oregon', 1),
(3662, 223, 'PW', 'Palau', 1),
(3663, 223, 'PA', 'Pennsylvania', 1),
(3664, 223, 'PR', 'Puerto Rico', 1),
(3665, 223, 'RI', 'Rhode Island', 1),
(3666, 223, 'SC', 'South Carolina', 1),
(3667, 223, 'SD', 'South Dakota', 1),
(3668, 223, 'TN', 'Tennessee', 1),
(3669, 223, 'TX', 'Texas', 1),
(3670, 223, 'UT', 'Utah', 1),
(3671, 223, 'VT', 'Vermont', 1),
(3672, 223, 'VI', 'Virgin Islands', 1),
(3673, 223, 'VA', 'Virginia', 1),
(3674, 223, 'WA', 'Washington', 1),
(3675, 223, 'WV', 'West Virginia', 1),
(3676, 223, 'WI', 'Wisconsin', 1),
(3677, 223, 'WY', 'Wyoming', 1),
(3678, 224, 'BI', 'Baker Island', 1),
(3679, 224, 'HI', 'Howland Island', 1),
(3680, 224, 'JI', 'Jarvis Island', 1),
(3681, 224, 'JA', 'Johnston Atoll', 1),
(3682, 224, 'KR', 'Kingman Reef', 1),
(3683, 224, 'MA', 'Midway Atoll', 1),
(3684, 224, 'NI', 'Navassa Island', 1),
(3685, 224, 'PA', 'Palmyra Atoll', 1),
(3686, 224, 'WI', 'Wake Island', 1),
(3687, 225, 'AR', 'Artigas', 1),
(3688, 225, 'CA', 'Canelones', 1),
(3689, 225, 'CL', 'Cerro Largo', 1),
(3690, 225, 'CO', 'Colonia', 1),
(3691, 225, 'DU', 'Durazno', 1),
(3692, 225, 'FS', 'Flores', 1),
(3693, 225, 'FA', 'Florida', 1),
(3694, 225, 'LA', 'Lavalleja', 1),
(3695, 225, 'MA', 'Maldonado', 1),
(3696, 225, 'MO', 'Montevideo', 1),
(3697, 225, 'PA', 'Paysandu', 1),
(3698, 225, 'RN', 'Rio Negro', 1),
(3699, 225, 'RV', 'Rivera', 1),
(3700, 225, 'RO', 'Rocha', 1),
(3701, 225, 'SL', 'Salto', 1),
(3702, 225, 'SJ', 'San Jose', 1),
(3703, 225, 'SO', 'Soriano', 1),
(3704, 225, 'TA', 'Tacuarembo', 1),
(3705, 225, 'TT', 'Treinta y Tres', 1),
(3706, 226, 'AN', 'Andijon', 1),
(3707, 226, 'BU', 'Buxoro', 1),
(3708, 226, 'FA', 'Farg''ona', 1),
(3709, 226, 'JI', 'Jizzax', 1),
(3710, 226, 'NG', 'Namangan', 1),
(3711, 226, 'NW', 'Navoiy', 1),
(3712, 226, 'QA', 'Qashqadaryo', 1),
(3713, 226, 'QR', 'Qoraqalpog''iston Republikasi', 1),
(3714, 226, 'SA', 'Samarqand', 1),
(3715, 226, 'SI', 'Sirdaryo', 1),
(3716, 226, 'SU', 'Surxondaryo', 1),
(3717, 226, 'TK', 'Toshkent City', 1),
(3718, 226, 'TO', 'Toshkent Region', 1),
(3719, 226, 'XO', 'Xorazm', 1),
(3720, 227, 'MA', 'Malampa', 1),
(3721, 227, 'PE', 'Penama', 1),
(3722, 227, 'SA', 'Sanma', 1),
(3723, 227, 'SH', 'Shefa', 1),
(3724, 227, 'TA', 'Tafea', 1),
(3725, 227, 'TO', 'Torba', 1),
(3726, 229, 'AM', 'Amazonas', 1),
(3727, 229, 'AN', 'Anzoategui', 1),
(3728, 229, 'AP', 'Apure', 1),
(3729, 229, 'AR', 'Aragua', 1),
(3730, 229, 'BA', 'Barinas', 1),
(3731, 229, 'BO', 'Bolivar', 1),
(3732, 229, 'CA', 'Carabobo', 1),
(3733, 229, 'CO', 'Cojedes', 1),
(3734, 229, 'DA', 'Delta Amacuro', 1),
(3735, 229, 'DF', 'Dependencias Federales', 1),
(3736, 229, 'DI', 'Distrito Federal', 1),
(3737, 229, 'FA', 'Falcon', 1),
(3738, 229, 'GU', 'Guarico', 1),
(3739, 229, 'LA', 'Lara', 1),
(3740, 229, 'ME', 'Merida', 1),
(3741, 229, 'MI', 'Miranda', 1),
(3742, 229, 'MO', 'Monagas', 1),
(3743, 229, 'NE', 'Nueva Esparta', 1),
(3744, 229, 'PO', 'Portuguesa', 1),
(3745, 229, 'SU', 'Sucre', 1),
(3746, 229, 'TA', 'Tachira', 1),
(3747, 229, 'TR', 'Trujillo', 1),
(3748, 229, 'VA', 'Vargas', 1),
(3749, 229, 'YA', 'Yaracuy', 1),
(3750, 229, 'ZU', 'Zulia', 1),
(3751, 230, 'AG', 'An Giang', 1),
(3752, 230, 'BG', 'Bac Giang', 1),
(3753, 230, 'BK', 'Bac Kan', 1),
(3754, 230, 'BL', 'Bac Lieu', 1),
(3755, 230, 'BC', 'Bac Ninh', 1),
(3756, 230, 'BR', 'Ba Ria-Vung Tau', 1),
(3757, 230, 'BN', 'Ben Tre', 1),
(3758, 230, 'BH', 'Binh Dinh', 1),
(3759, 230, 'BU', 'Binh Duong', 1),
(3760, 230, 'BP', 'Binh Phuoc', 1),
(3761, 230, 'BT', 'Binh Thuan', 1),
(3762, 230, 'CM', 'Ca Mau', 1),
(3763, 230, 'CT', 'Can Tho', 1),
(3764, 230, 'CB', 'Cao Bang', 1),
(3765, 230, 'DL', 'Dak Lak', 1),
(3766, 230, 'DG', 'Dak Nong', 1),
(3767, 230, 'DN', 'Da Nang', 1),
(3768, 230, 'DB', 'Dien Bien', 1),
(3769, 230, 'DI', 'Dong Nai', 1),
(3770, 230, 'DT', 'Dong Thap', 1),
(3771, 230, 'GL', 'Gia Lai', 1),
(3772, 230, 'HG', 'Ha Giang', 1),
(3773, 230, 'HD', 'Hai Duong', 1),
(3774, 230, 'HP', 'Hai Phong', 1),
(3775, 230, 'HM', 'Ha Nam', 1),
(3776, 230, 'HI', 'Ha Noi', 1),
(3777, 230, 'HT', 'Ha Tay', 1),
(3778, 230, 'HH', 'Ha Tinh', 1),
(3779, 230, 'HB', 'Hoa Binh', 1),
(3780, 230, 'HC', 'Ho Chi Minh City', 1),
(3781, 230, 'HU', 'Hau Giang', 1),
(3782, 230, 'HY', 'Hung Yen', 1),
(3783, 232, 'C', 'Saint Croix', 1),
(3784, 232, 'J', 'Saint John', 1),
(3785, 232, 'T', 'Saint Thomas', 1),
(3786, 233, 'A', 'Alo', 1),
(3787, 233, 'S', 'Sigave', 1),
(3788, 233, 'W', 'Wallis', 1),
(3789, 235, 'AB', 'Abyan', 1),
(3790, 235, 'AD', 'Adan', 1),
(3791, 235, 'AM', 'Amran', 1),
(3792, 235, 'BA', 'Al Bayda', 1),
(3793, 235, 'DA', 'Ad Dali', 1),
(3794, 235, 'DH', 'Dhamar', 1),
(3795, 235, 'HD', 'Hadramawt', 1),
(3796, 235, 'HJ', 'Hajjah', 1),
(3797, 235, 'HU', 'Al Hudaydah', 1),
(3798, 235, 'IB', 'Ibb', 1),
(3799, 235, 'JA', 'Al Jawf', 1),
(3800, 235, 'LA', 'Lahij', 1),
(3801, 235, 'MA', 'Ma''rib', 1),
(3802, 235, 'MR', 'Al Mahrah', 1),
(3803, 235, 'MW', 'Al Mahwit', 1),
(3804, 235, 'SD', 'Sa''dah', 1),
(3805, 235, 'SN', 'San''a', 1),
(3806, 235, 'SH', 'Shabwah', 1),
(3807, 235, 'TA', 'Ta''izz', 1),
(3808, 236, 'KOS', 'Kosovo', 1),
(3809, 236, 'MON', 'Montenegro', 1),
(3810, 236, 'SER', 'Serbia', 1),
(3811, 236, 'VOJ', 'Vojvodina', 1),
(3812, 237, 'BC', 'Bas-Congo', 1),
(3813, 237, 'BN', 'Bandundu', 1),
(3814, 237, 'EQ', 'Equateur', 1),
(3815, 237, 'KA', 'Katanga', 1),
(3816, 237, 'KE', 'Kasai-Oriental', 1),
(3817, 237, 'KN', 'Kinshasa', 1),
(3818, 237, 'KW', 'Kasai-Occidental', 1),
(3819, 237, 'MA', 'Maniema', 1),
(3820, 237, 'NK', 'Nord-Kivu', 1),
(3821, 237, 'OR', 'Orientale', 1),
(3822, 237, 'SK', 'Sud-Kivu', 1),
(3823, 238, 'CE', 'Central', 1),
(3824, 238, 'CB', 'Copperbelt', 1),
(3825, 238, 'EA', 'Eastern', 1),
(3826, 238, 'LP', 'Luapula', 1),
(3827, 238, 'LK', 'Lusaka', 1),
(3828, 238, 'NO', 'Northern', 1),
(3829, 238, 'NW', 'North-Western', 1),
(3830, 238, 'SO', 'Southern', 1),
(3831, 238, 'WE', 'Western', 1),
(3832, 239, 'BU', 'Bulawayo', 1),
(3833, 239, 'HA', 'Harare', 1),
(3834, 239, 'ML', 'Manicaland', 1),
(3835, 239, 'MC', 'Mashonaland Central', 1),
(3836, 239, 'ME', 'Mashonaland East', 1),
(3837, 239, 'MW', 'Mashonaland West', 1),
(3838, 239, 'MV', 'Masvingo', 1),
(3839, 239, 'MN', 'Matabeleland North', 1),
(3840, 239, 'MS', 'Matabeleland South', 1),
(3841, 239, 'MD', 'Midlands', 1),
(3861, 105, 'CB', 'Campobasso', 1),
(3862, 105, 'CI', 'Carbonia-Iglesias', 1),
(3863, 105, 'CE', 'Caserta', 1),
(3864, 105, 'CT', 'Catania', 1),
(3865, 105, 'CZ', 'Catanzaro', 1),
(3866, 105, 'CH', 'Chieti', 1),
(3867, 105, 'CO', 'Como', 1),
(3868, 105, 'CS', 'Cosenza', 1),
(3869, 105, 'CR', 'Cremona', 1),
(3870, 105, 'KR', 'Crotone', 1),
(3871, 105, 'CN', 'Cuneo', 1),
(3872, 105, 'EN', 'Enna', 1),
(3873, 105, 'FE', 'Ferrara', 1),
(3874, 105, 'FI', 'Firenze', 1),
(3875, 105, 'FG', 'Foggia', 1),
(3876, 105, 'FC', 'Forli-Cesena', 1),
(3877, 105, 'FR', 'Frosinone', 1),
(3878, 105, 'GE', 'Genova', 1),
(3879, 105, 'GO', 'Gorizia', 1),
(3880, 105, 'GR', 'Grosseto', 1),
(3881, 105, 'IM', 'Imperia', 1),
(3882, 105, 'IS', 'Isernia', 1),
(3883, 105, 'AQ', 'L&#39;Aquila', 1),
(3884, 105, 'SP', 'La Spezia', 1),
(3885, 105, 'LT', 'Latina', 1),
(3886, 105, 'LE', 'Lecce', 1),
(3887, 105, 'LC', 'Lecco', 1),
(3888, 105, 'LI', 'Livorno', 1),
(3889, 105, 'LO', 'Lodi', 1),
(3890, 105, 'LU', 'Lucca', 1),
(3891, 105, 'MC', 'Macerata', 1),
(3892, 105, 'MN', 'Mantova', 1),
(3893, 105, 'MS', 'Massa-Carrara', 1),
(3894, 105, 'MT', 'Matera', 1),
(3895, 105, 'VS', 'Medio Campidano', 1),
(3896, 105, 'ME', 'Messina', 1),
(3897, 105, 'MI', 'Milano', 1),
(3898, 105, 'MO', 'Modena', 1),
(3899, 105, 'NA', 'Napoli', 1),
(3900, 105, 'NO', 'Novara', 1),
(3901, 105, 'NU', 'Nuoro', 1),
(3902, 105, 'OG', 'Ogliastra', 1),
(3903, 105, 'OT', 'Olbia-Tempio', 1),
(3904, 105, 'OR', 'Oristano', 1),
(3905, 105, 'PD', 'Padova', 1),
(3906, 105, 'PA', 'Palermo', 1),
(3907, 105, 'PR', 'Parma', 1),
(3908, 105, 'PV', 'Pavia', 1),
(3909, 105, 'PG', 'Perugia', 1),
(3910, 105, 'PU', 'Pesaro e Urbino', 1),
(3911, 105, 'PE', 'Pescara', 1),
(3912, 105, 'PC', 'Piacenza', 1),
(3913, 105, 'PI', 'Pisa', 1),
(3914, 105, 'PT', 'Pistoia', 1),
(3915, 105, 'PN', 'Pordenone', 1),
(3916, 105, 'PZ', 'Potenza', 1),
(3917, 105, 'PO', 'Prato', 1),
(3918, 105, 'RG', 'Ragusa', 1),
(3919, 105, 'RA', 'Ravenna', 1),
(3920, 105, 'RC', 'Reggio Calabria', 1),
(3921, 105, 'RE', 'Reggio Emilia', 1),
(3922, 105, 'RI', 'Rieti', 1),
(3923, 105, 'RN', 'Rimini', 1),
(3924, 105, 'RM', 'Roma', 1),
(3925, 105, 'RO', 'Rovigo', 1),
(3926, 105, 'SA', 'Salerno', 1),
(3927, 105, 'SS', 'Sassari', 1),
(3928, 105, 'SV', 'Savona', 1),
(3929, 105, 'SI', 'Siena', 1),
(3930, 105, 'SR', 'Siracusa', 1),
(3931, 105, 'SO', 'Sondrio', 1),
(3932, 105, 'TA', 'Taranto', 1),
(3933, 105, 'TE', 'Teramo', 1),
(3934, 105, 'TR', 'Terni', 1),
(3935, 105, 'TO', 'Torino', 1),
(3936, 105, 'TP', 'Trapani', 1),
(3937, 105, 'TN', 'Trento', 1),
(3938, 105, 'TV', 'Treviso', 1),
(3939, 105, 'TS', 'Trieste', 1),
(3940, 105, 'UD', 'Udine', 1),
(3941, 105, 'VA', 'Varese', 1),
(3942, 105, 'VE', 'Venezia', 1),
(3943, 105, 'VB', 'Verbano-Cusio-Ossola', 1),
(3944, 105, 'VC', 'Vercelli', 1),
(3945, 105, 'VR', 'Verona', 1),
(3946, 105, 'VV', 'Vibo Valentia', 1),
(3947, 105, 'VI', 'Vicenza', 1),
(3948, 105, 'VT', 'Viterbo', 1),
(3949, 222, 'ANT', 'County Antrim', 1),
(3950, 222, 'ARM', 'County Armagh', 1),
(3951, 222, 'DOW', 'County Down', 1),
(3952, 222, 'FER', 'County Fermanagh', 1),
(3953, 222, 'LDY', 'County Londonderry', 1),
(3954, 222, 'TYR', 'County Tyrone', 1),
(3955, 222, 'CMA', 'Cumbria', 1),
(3956, 190, '1', 'Pomurska', 1),
(3957, 190, '2', 'Podravska', 1),
(3958, 190, '3', 'Koroška', 1),
(3959, 190, '4', 'Savinjska', 1),
(3960, 190, '5', 'Zasavska', 1),
(3961, 190, '6', 'Spodnjeposavska', 1),
(3962, 190, '7', 'Jugovzhodna Slovenija', 1),
(3963, 190, '8', 'Osrednjeslovenska', 1),
(3964, 190, '9', 'Gorenjska', 1),
(3965, 190, '10', 'Notranjsko-kraška', 1),
(3966, 190, '11', 'Goriška', 1),
(3967, 190, '12', 'Obalno-kraška', 1),
(3968, 220, 'KE', 'Херсон', 1);

-- --------------------------------------------------------

--
-- Структура таблицы `zone_to_geo_zone`
--

CREATE TABLE IF NOT EXISTS `zone_to_geo_zone` (
  `zone_to_geo_zone_id` int(11) NOT NULL AUTO_INCREMENT,
  `country_id` int(11) NOT NULL,
  `zone_id` int(11) NOT NULL DEFAULT '0',
  `geo_zone_id` int(11) NOT NULL,
  `date_added` datetime NOT NULL DEFAULT '0000-00-00 00:00:00',
  `date_modified` datetime NOT NULL DEFAULT '0000-00-00 00:00:00',
  PRIMARY KEY (`zone_to_geo_zone_id`)
) ENGINE=MyISAM  DEFAULT CHARSET=utf8 AUTO_INCREMENT=58 ;

--
-- Дамп данных таблицы `zone_to_geo_zone`
--

INSERT INTO `zone_to_geo_zone` (`zone_to_geo_zone_id`, `country_id`, `zone_id`, `geo_zone_id`, `date_added`, `date_modified`) VALUES
(57, 176, 0, 3, '2010-02-26 22:33:24', '0000-00-00 00:00:00');

/*!40101 SET CHARACTER_SET_CLIENT=@OLD_CHARACTER_SET_CLIENT */;
/*!40101 SET CHARACTER_SET_RESULTS=@OLD_CHARACTER_SET_RESULTS */;
/*!40101 SET COLLATION_CONNECTION=@OLD_COLLATION_CONNECTION */;
